quote_date,stock_id,previous_auction_base,last_bid,last_ask,next_reference,payload_sha256
2019-01-04,1333,1.95,1.92,1.98,1.95,bfcbda5369861d36e398bbc1a78c70c3a46b3feb186ea86751f96bc00028dc78
2019-01-23,1333,2.05,2.07,2.12,2.07,50c72f21584a054a0544ec3c90ed00284dc6a52f33108be3feab8e2f3921de1e
2019-01-24,1333,2.07,1.99,2.14,2.07,bb6f390a51f3e265987e20bc0d5bc0583dcabd0c3cd922dbb7360ef8a9d524c2
2019-01-25,1333,2.07,2.05,2.07,2.07,7b409f3854a15770fa94a7b4843f808be1cecd624679795456b059a810d7404d
2019-01-28,1333,2.07,2.02,2.13,2.07,e578ddee81374edfbe4fa1c52eb697603b10aaf38c17543245072abc5af796be
2019-02-25,1333,2.97,2.87,2.96,2.96,da6c6701b96ed643be29b231a96cc6fd0a345a862c35f3ab5451cf2334e3a2b2
2019-02-26,1333,2.96,2.85,3.02,2.96,394034ac38ed3db4fcbe5fd717a6775d77063a764704e60c7e867880694b2670
2019-03-07,1333,2.58,2.48,2.57,2.57,7690e426a25ce9ce71b6dcbaa3477f24ecf5e11b249686cebb7a2b8a0c6b9d1f
2019-03-08,1333,2.57,2.40,2.56,2.56,8a895b2aab4df9948db7b89258b50aecc6a73d6638da59dff12217bfa86a4ebd
2019-03-12,1333,2.6,2.47,2.61,2.6,ed7025daf4b65afeaaf780aadd00f6eb3cffdb0037d186608a86c016736b5713
2019-03-13,1333,2.6,2.47,2.60,2.6,3f25f3f064332dd7885a386801bb962628b55db115515f17330dab2b76471479
2019-03-13,5317,57.9,,,57.9,3f25f3f064332dd7885a386801bb962628b55db115515f17330dab2b76471479
2019-03-15,1333,2.6,2.50,2.63,2.6,42ef6ac714c8d36747cf1fc5c44b36833ccb8b48b15022e07dcf5195f338c4ab
2019-03-25,1333,2.45,2.41,2.55,2.45,505b67f171bf2e55132fbf9a33980f0966f959567d5ed1f3a412840ee3fa098f
2019-04-11,1333,2.1,2.06,2.12,2.1,652f6bf0ae98164ace237c660b611334fb1fa82ee08146baf76a5e5fd1f50ad3
2019-04-12,1333,2.1,2.06,2.13,2.1,42a651663611d796cf3a1d6844ccc90db8672b8fcb5f597dcaa12c7ce01a66d6
2019-04-15,1333,2.1,2.03,2.10,2.1,34a7a2087c1990d17156a5f984b02c0cddc6679f3e7ac7017bd97337a31dfe7b
2019-04-22,3452,3.24,,,3.24,e312c5fdd2faf21b36bf3a3bac54c4251d55869b0df3f682d85822e93621fc08
2019-04-25,1333,2.06,2.01,2.07,2.06,2bfde59d35d871363b737f1f94d43729c5eb2ba8628a0e6978a46045ed53a49e
2019-04-26,1333,2.06,2.02,2.07,2.06,5706bf50ca83864e9964889c74eae8384f2a65d20905c2641cc8123328efa03d
2019-05-09,3562,7.73,,,7.73,a0e2b13f1d5c5d5c4b926d77fc5cc8c13ec04d3501db05d9b10ba7c8c3fd8bb9
2019-05-14,1333,1.86,1.82,1.93,1.86,44a3b075abf312367a2b887f46534fae73c289170d0d950d83cb0cba42cd0ae7
2019-05-21,1333,1.9,1.82,1.89,1.89,09668253864afc78b09e7498532c8287bd74689a5b927e7b2113a5aba40f095e
2019-05-29,1333,1.87,1.83,1.91,1.87,8638ef7f180db40a7f69e715e0ec83bc65c6be3a840187bbc6b60b9841d3265c
2019-05-30,1333,1.87,1.80,1.90,1.87,40082f418763c2295aea394c9d7c7ed27b903a8f9cac7cb76e9af98e1f319ccf
2019-06-03,1333,1.87,1.82,1.91,1.87,02cecb0ffb9a39386b2d718180b8938fe4876a0f52a1d0d7af11a73d48f34bc1
2019-06-04,1333,1.87,1.82,1.94,1.87,a72b34de54094b3607d9289e1e5982398dbeabc5035a5b0fb901d082fa1a3268
2019-06-04,3562,7.54,7.35,7.54,7.54,a72b34de54094b3607d9289e1e5982398dbeabc5035a5b0fb901d082fa1a3268
2019-06-06,3562,7.5,7.31,7.50,7.5,5c07d235730768cabc0bff524e15c86068023e0068b95e24406ce8ccf67807bd
2019-06-28,1333,2.22,2.17,2.22,2.22,35bc774f36697965a8aa05b436eb804b0af36960fbab31bfeccb346769c2e5f6
2019-07-02,1333,2.17,2.17,2.26,2.17,d23f15ca7314a20bc6d53f0a8f6fe5a2b529250a39a89a09ab46dbec033fd2f4
2019-07-05,1333,2.14,2.14,2.25,2.14,7c1a7bde60832c03308f497d9e41af77d87389915c398f6430ffa48010e3cd20
2019-07-15,1333,2.12,2.10,2.18,2.12,a6efc5dd8912c4e38480cd847477ae4d4d8dbc740a4928f2816f24711672f366
2019-08-06,1333,2.07,1.97,2.13,2.07,f4a74ddf83fc320f42825d39c6127e35f698f7ca213ca4b65e5c462f1ec3a769
2019-08-07,1333,2.07,1.99,2.17,2.07,43240ad97da5fd131beb12b8a6c13394f71aab83d75590347ac479a370a7f4f6
2019-08-08,1333,2.07,1.98,2.08,2.07,2ddb1ff906862b6ee2bfdf91f065b971b056188abfff96981a249c6a4648e70f
2019-08-12,1333,2.07,1.98,2.12,2.07,ab5f58f1d57630d73681acf98bf3358f3ecf822942b2fc0d98c8b98a06935cef
2019-08-14,1333,2.03,1.98,2.10,2.03,6ab3292105d0638db7dfb21acf82e8a0ced963aa9855f7fe68282ff32f95b8af
2019-08-16,1333,1.98,1.96,2.08,1.98,fbb48252db35da64a57cc02fc5fb995a11d4b36facc8c28d1a5dc03408262681
2019-08-21,3562,7.34,7.34,7.44,7.34,d133f0c2621df05848c15c816f85b3866cd08fbd197451cfe6a2f8dcfe10739a
2019-08-22,3562,7.34,7.25,7.34,7.34,d7057fa81c9fb3e37efcd5cb3fde0603885a25466a4226ed77fd0ea4ec59cdce
2019-08-26,3562,7.3,6.98,7.34,7.3,a6bc7067b8bc079a163775509ba33baf81874c3c50d6a0f7d0cc028482aa192c
2019-09-02,1333,2.15,2.15,2.26,2.15,9081c920adb65935311a0f94b5954abbf68cf97dd969da1becbc71ab994f7fa6
2019-09-17,1333,2.44,2.30,2.40,2.40,a552977b1583ef397f5be22b646acc4a9e4755d96289f018e246a489fdd252c4
2019-09-20,1333,2.4,2.34,2.56,2.4,2aeb3f66da675555698ca0d8b6cc0bf9d15d970583c481173d922629da9b37b3
2019-10-07,1333,2.4,2.35,2.45,2.4,c9c6d7e9c5736aeadcc5d4fa7e6035fc97de7d620c0d9afdec797fe20904dfbc
2019-10-08,1333,2.4,2.35,2.43,2.4,38b6041f7169f80573f11b45612a4553a606f30b29282b47c476fbc45d176f9c
2019-10-09,1333,2.4,2.40,2.49,2.4,e4e065c19ad3b6734238911b5ab04cdee326a9fcc763558beeea32eac58c64a6
2019-10-15,8913,14.4,,,14.4,b2933ec388e595bee5b9f081e3c86a5e28ebd5cfd29867353f7f1050e2dff064
2019-10-16,1333,2.38,2.38,2.44,2.38,7a2a6f9d3dfc6f9b1ca4cd0ae17aa3cdba87862bba2fdd0b271ecdbd7427e445
2019-10-17,1333,2.38,2.35,2.48,2.38,894a92b37b9451dd874badc9e7dcbcc002aef24f94aa6eadeb16db5d2d7edfc8
2019-10-24,1333,2.39,2.31,2.39,2.39,2a561a26da1b1d8bb4dcd6d0fe3e43e51925f5787d48447dfd4d7c207d9720ab
2019-10-28,1333,2.43,2.30,2.40,2.40,69c7ca036f8e477def678b98e72480d4ac9b6a71e57a9241e088219b05055a45
2019-10-31,1333,2.4,2.23,2.37,2.37,ce94c2ca4e2ff9a2e0d45ff73b948020631f0ad06595fcafe85693744cc964dd
2019-11-04,1333,2.43,2.32,2.41,2.41,728e96e7ba59fc1b65160b4dd7f31dd0f361a42f0157a46e24f2fec2e7ccc9ad
2019-11-05,1333,2.41,2.33,2.41,2.41,8bf37cc34a37f417a333d4192c52b755db4195e0c36095f7e022787b0d1086a2
2019-11-06,1333,2.41,2.25,2.36,2.36,d4c0cf4415ab8300edbbabc1bd3493992782f3588b2bf92aabc38fee5d8cd054
2019-11-07,1333,2.36,2.21,2.35,2.35,c70ac687b1ea3bb39bcc192f2eee71975b5c1a4b9329d21c457cb760bb9b8546
2019-11-11,1333,2.29,2.15,2.24,2.24,18d888b41815e5152301f4a703533f2d572227500ec286f48c02d9148083b548
2019-11-13,1333,2.2,2.15,2.26,2.2,da8a8d93d54b5e2a618c7c27f2b7581fecc852fd6759d83ecee48b3f02841b56
2019-11-20,3562,6.65,6.26,6.58,6.58,97cbe24a3bf26ef93044b1cddbba934f802b45902ecad85b2013f944afb6f84e
2019-12-25,1333,2.02,1.91,2.01,2.01,8dffaafa518883d4fbf723420810b47631e184f3739f574b5ed6658c35a685e1
2020-02-11,1333,2.2,2.07,2.20,2.2,6ae6f9e50f140cc3e7908cdb9854ab6ccdaa65880567f56180f8293b20a9d23a
2020-02-13,1333,2.2,2.06,2.19,2.19,8cdc8b98a12539cc64d8f220df8799d70c59f81f7736d71567a71ec38db5bb5c
2020-02-19,1333,2.02,1.97,2.08,2.02,6962d8fc1ca5853b4b22adf3f8d51758d0d76ad647d3e6786d7e005179ba7d2d
2020-02-21,1333,2.02,1.97,2.18,2.02,29491a4cb9ee63bd8642e4a2fc5c194a08ccea7bec5922bdca032472b44b2117
2020-02-25,1333,1.85,1.89,1.99,1.89,3590e8fe75a1df3883c9f64cccb86c47c0653d1dc2633d73db2db80572587e9f
2020-02-26,1333,1.89,1.86,2.01,1.89,89184070f2b077ed3b8afb0e4e45307f5fc596623807cef9daa416f6328f9fda
2020-03-12,1333,2.21,2.20,2.38,2.21,255a283605f52662167e606b7381af82fe397e85e043735ede739779788786be
2020-03-18,1333,2.0,2.05,2.12,2.05,8049a0f371721b7d94233e38a7a5a7ebb7c55b683f01fdc84a13c41c64456caa
2020-03-20,1333,2.05,2.06,2.20,2.06,18c10d69fcad5419449d7aa431ba3354b626b10b9028114d3bca723636a7c0c3
