date,stock_id,reference_input,limit_up,limit_down,status
2019-01-07,1333,1.95,2.14,1.76,computed
2019-01-24,1333,2.07,2.27,1.87,computed
2019-01-25,1333,2.07,2.27,1.87,computed
2019-01-28,1333,2.07,2.27,1.87,computed
2019-01-29,1333,2.07,2.27,1.87,computed
2019-02-26,1333,2.96,3.25,2.67,computed
2019-02-27,1333,2.96,3.25,2.67,computed
2019-03-08,1333,2.57,2.82,2.32,computed
2019-03-11,1333,2.56,2.81,2.31,computed
2019-03-13,1333,2.6,2.86,2.34,computed
2019-03-14,1333,2.6,2.86,2.34,computed
2019-03-14,5317,57.9,63.6,52.2,computed
2019-03-18,1333,2.6,2.86,2.34,computed
2019-03-26,1333,2.45,2.69,2.21,computed
2019-04-12,1333,2.1,2.31,1.89,computed
2019-04-15,1333,2.1,2.31,1.89,computed
2019-04-16,1333,2.1,2.31,1.89,computed
2019-04-23,3452,3.24,3.56,2.92,computed
2019-04-26,1333,2.06,2.26,1.86,computed
2019-04-29,1333,2.06,2.26,1.86,computed
2019-05-10,3562,7.73,8.50,6.96,computed
2019-05-15,1333,1.86,2.04,1.68,computed
2019-05-22,1333,1.89,2.07,1.71,computed
2019-05-30,1333,1.87,2.05,1.69,computed
2019-05-31,1333,1.87,2.05,1.69,computed
2019-06-04,1333,1.87,2.05,1.69,computed
2019-06-05,1333,1.87,2.05,1.69,computed
2019-06-05,3562,7.54,8.29,6.79,computed
2019-06-10,3562,7.5,8.25,6.75,computed
2019-07-01,1333,2.22,2.44,2.00,computed
2019-07-03,1333,2.17,2.38,1.96,computed
2019-07-08,1333,2.14,2.35,1.93,computed
2019-07-16,1333,2.12,2.33,1.91,computed
2019-08-07,1333,2.07,2.27,1.87,computed
2019-08-08,1333,2.07,2.27,1.87,computed
2019-08-12,1333,2.07,2.27,1.87,computed
2019-08-13,1333,2.07,2.27,1.87,computed
2019-08-15,1333,2.03,2.23,1.83,computed
2019-08-19,1333,1.98,2.17,1.79,computed
2019-08-22,3562,7.34,8.07,6.61,computed
2019-08-23,3562,7.34,8.07,6.61,computed
2019-08-27,3562,7.3,8.03,6.57,computed
2019-09-03,1333,2.15,2.36,1.94,computed
2019-09-18,1333,2.40,2.64,2.16,computed
2019-09-23,1333,2.4,2.64,2.16,computed
2019-10-08,1333,2.4,2.64,2.16,computed
2019-10-09,1333,2.4,2.64,2.16,computed
2019-10-14,1333,2.4,2.64,2.16,computed
2019-10-16,8913,14.4,15.80,13.00,computed
2019-10-17,1333,2.38,2.61,2.15,computed
2019-10-18,1333,2.38,2.61,2.15,computed
2019-10-25,1333,2.39,2.62,2.16,computed
2019-10-29,1333,2.40,2.64,2.16,computed
2019-11-01,1333,2.37,2.60,2.14,computed
2019-11-05,1333,2.41,2.65,2.17,computed
2019-11-06,1333,2.41,2.65,2.17,computed
2019-11-07,1333,2.36,2.59,2.13,computed
2019-11-08,1333,2.35,2.58,2.12,computed
2019-11-12,1333,2.24,2.46,2.02,computed
2019-11-14,1333,2.2,2.42,1.98,computed
2019-11-21,3562,6.58,7.23,5.93,computed
2019-12-26,1333,2.01,2.21,1.81,computed
2020-02-12,1333,2.2,2.42,1.98,computed
2020-02-14,1333,2.19,2.40,1.98,computed
2020-02-20,1333,2.02,2.22,1.82,computed
2020-02-24,1333,2.02,2.22,1.82,computed
2020-02-26,1333,1.89,2.07,1.71,computed
2020-02-27,1333,1.89,2.07,1.71,computed
2020-03-13,1333,2.21,2.43,1.99,computed
2020-03-19,1333,2.05,2.25,1.85,computed
2020-03-23,1333,2.06,2.26,1.86,computed
