factor,horizon_sessions,scope,signal_count,known_labels,unknown_labels,mean_return,median_return,same_day_population_mean,mean_excess_same_day
liq_ok,5,all_E1,686135,667915,18220,0.004275900407242647,0.0,0.0038500970866769003,0.00042580332056574684
liq_ok,5,2016,89811,87707,2104,0.0023135616778019517,0.0,0.002944201554894326,-0.0006306398770923736
liq_ok,5,2017,110144,107799,2345,0.005054707120256224,0.0,0.004004641519558989,0.0010500656006972343
liq_ok,5,2018,103423,101235,2188,-0.0028232923242283675,-0.004192872117400492,-0.00124931138436764,-0.0015739809398607268
liq_ok,5,2019,96920,94762,2158,0.004226263734134748,0.0,0.0036504037054605268,0.0005758600286742212
liq_ok,5,2020,133621,130449,3172,0.00818803602138251,0.0035842293906811484,0.00670983538235483,0.0014782006390276815
liq_ok,5,2021,152216,145963,6253,0.0063395228728366166,0.0,0.005390936915331612,0.0009485859575050022
size_ok,5,all_E1,611700,593190,18510,0.0037936919035371965,0.0,0.0037012477642834655,9.244413925373022e-05
size_ok,5,2016,73649,71750,1899,0.0011176945090631534,0.0,0.002298690816956999,-0.0011809963078938462
size_ok,5,2017,92958,90847,2111,0.0045381268757452,0.0,0.003956634684718419,0.0005814921910267816
size_ok,5,2018,89910,87757,2153,-0.003399157611408433,-0.004184100418409997,-0.0015041035825049394,-0.0018950540289034922
size_ok,5,2019,85667,83778,1889,0.004771614649105648,0.0017108652382624712,0.0035390445910466104,0.0012325700580590377
size_ok,5,2020,117095,113956,3139,0.0073063133506009416,0.0035211267605633756,0.006631916272858757,0.0006743970777421867
size_ok,5,2021,152421,145102,7319,0.005677768777850336,0.0,0.005175108499726543,0.0005026602781237948
wk_trend_ok,5,all_E1,466717,442715,24002,0.004722197511474946,0.0,0.0020368213961303554,0.002685376115344591
wk_trend_ok,5,2016,50783,47877,2906,0.0033563018462275207,0.0,0.0010649207853073064,0.002291381060920215
wk_trend_ok,5,2017,113221,108874,4347,0.005957417026828986,0.0,0.0034756341052844288,0.002481782921544556
wk_trend_ok,5,2018,70202,67422,2780,-0.0007010090887330166,-0.0031007751937984773,-0.003962113257244638,0.0032611041685116212
wk_trend_ok,5,2019,60450,57611,2839,0.004549151490540945,0.0,0.0029487461909612806,0.0016004052995796637
wk_trend_ok,5,2020,110194,104932,5262,0.009228305144479393,0.001268231327967606,0.004986049067486125,0.004242256076993269
wk_trend_ok,5,2021,61867,55999,5868,0.0017523159210040865,-0.0027472527472527375,0.0008285374175249343,0.0009237785034791517
rs_ok,5,all_E1,334758,326357,8401,0.004921304538617995,0.0,0.003759724143264169,0.0011615803953538258
rs_ok,5,2016,32058,31015,1043,0.0037111103218794915,0.0,0.0032335385584609674,0.00047757176341852397
rs_ok,5,2017,56937,55898,1039,0.007303209038142368,0.0,0.004225071671261981,0.003078137366880388
rs_ok,5,2018,59181,58065,1116,-0.0038218244740830048,-0.005347593582887611,-0.001484102769235298,-0.002337721704847707
rs_ok,5,2019,55994,54830,1164,0.005787138626455273,0.0016694490818029983,0.003963845241003015,0.001823293385452258
rs_ok,5,2020,63130,61831,1299,0.007336815817994514,0.0024937655860348684,0.005983207077134659,0.001353608740859856
rs_ok,5,2021,67458,64718,2740,0.008247011468513348,0.0,0.006017493641607202,0.002229517826906149
rev_ok,5,all_E1,658250,613266,44984,0.005967328009717396,0.0,0.004417630034353848,0.001549697975363547
rev_ok,5,2016,77864,71119,6745,0.003447331562203395,0.0,0.0026456148665005156,0.0008017166957028797
rev_ok,5,2017,99028,92172,6856,0.0051539573267966226,0.0,0.0033367994402499507,0.001817157886546673
rev_ok,5,2018,109196,101571,7625,0.00042127482977238326,-0.0020000000000000018,-0.0005522809271891761,0.0009735557569615583
rev_ok,5,2019,81630,76119,5511,0.005722893888621021,0.0,0.004174012782387132,0.0015488811062338895
rev_ok,5,2020,99906,94311,5595,0.011566871362284138,0.004081632653061273,0.00932333385151418,0.0022435375107699557
rev_ok,5,2021,190626,177974,12652,0.007698004092835879,0.0013850442082325998,0.006026444577036702,0.0016715595157991777
eps_ok,5,all_E1,934311,873876,60435,0.00515949693063104,0.0,0.0035711800514252054,0.0015883168792058338
eps_ok,5,2016,135410,124945,10465,0.004634010825423248,0.0,0.002943239787949279,0.0016907710374739688
eps_ok,5,2017,137052,128595,8457,0.006232478056767764,0.0,0.0038713101751170756,0.002361167881650689
eps_ok,5,2018,161275,150855,10420,-0.0005540512512806073,-0.0025445292620864812,-0.0016802548186182825,0.0011262035673376752
eps_ok,5,2019,138954,129303,9651,0.005481228242322203,0.0,0.003817690267696068,0.0016635379746261357
eps_ok,5,2020,144622,137330,7292,0.007517917536166229,0.002228412947886116,0.0059859956106577995,0.0015319219255084306
eps_ok,5,2021,216998,202848,14150,0.0072502813550678925,0.0010460251046024993,0.005881120691906604,0.0013691606631612884
eps_acc_ok,5,all_E1,443278,425735,17543,0.005227073495711607,0.0,0.003595159485201153,0.0016319140105104542
eps_acc_ok,5,2016,67473,64904,2569,0.0033036934326431595,0.0,0.0021403550431537124,0.0011633383894894475
eps_acc_ok,5,2017,62705,60501,2204,0.006597534388049629,0.0,0.004278494650213077,0.0023190397378365537
eps_acc_ok,5,2018,79503,76095,3408,-0.0006975095543278819,-0.002192982456140302,-0.0014754234926373472,0.0007779139383094659
eps_acc_ok,5,2019,67075,64094,2981,0.0066354399917763485,0.0014556040756912303,0.004216700782697063,0.002418739209079285
eps_acc_ok,5,2020,74677,72368,2309,0.007973637666104053,0.0024038461538462563,0.006451683100005374,0.0015219545660986797
eps_acc_ok,5,2021,91845,87773,4072,0.007548069180911755,0.0013642564802183177,0.005786815341888592,0.001761253839023162
rs_short,5,all_E1,6200,6030,170,0.004607944591112285,0.0,0.003325207757612192,0.0012827368335000928
rs_short,5,2016,2744,2698,46,0.005271586152343897,0.0,0.0026086746195313286,0.002662911532812569
rs_short,5,2017,642,626,16,0.005382333224443293,0.0,0.0038709490382990604,0.0015113841861442343
rs_short,5,2018,870,840,30,-0.002943449991206595,-0.005204007943672151,-0.0010335328426994768,-0.0019099171485071178
rs_short,5,2019,801,775,26,0.002117083611338398,0.0,0.0032943700021746637,-0.0011772863908362668
rs_short,5,2020,411,399,12,0.0012757907915911491,0.0,0.011183599199626243,-0.009907808408035096
rs_short,5,2021,732,692,40,0.015197317218010339,0.004978314745972656,0.006419594382170677,0.008777722835839665
liq_ok,10,all_E1,686135,652014,34121,0.009020023983048962,0.0014245014245015675,0.007846460848833923,0.0011735631342150372
liq_ok,10,2016,89811,85995,3816,0.005234210159561866,0.0,0.006117946585507405,-0.0008837364259455401
liq_ok,10,2017,110144,105886,4258,0.010420546356307151,0.0017452006980802626,0.008074666461089902,0.002345879895217249
liq_ok,10,2018,103423,99383,4040,-0.005661531119951891,-0.007989347536617841,-0.002773701437840653,-0.002887829682111238
liq_ok,10,2019,96920,92841,4079,0.008449314724230807,0.003567181926278362,0.007064457615183636,0.0013848571090471697
liq_ok,10,2020,133621,127629,5992,0.01715306788491955,0.006521739130434634,0.014002455497970991,0.0031506123869485536
liq_ok,10,2021,152216,140280,11936,0.013663132741842698,0.0032626427406199365,0.01117453266443571,0.002488600077406987
size_ok,10,all_E1,611700,577857,33843,0.007690535325002739,0.0015576323987538387,0.007535288685043668,0.00015524663995907103
size_ok,10,2016,73649,70313,3336,0.0026975690502791688,0.0,0.005058777292270068,-0.002361208241990898
size_ok,10,2017,92958,89040,3918,0.008789853547004628,0.0018214936247722413,0.007932827994527821,0.0008570255524768068
size_ok,10,2018,89910,85923,3987,-0.006408777133371184,-0.007633587786259555,-0.0027221296380787034,-0.0036866474952924797
size_ok,10,2019,85667,82151,3516,0.009004051179820083,0.004524886877828038,0.006823668988443941,0.0021803821913761417
size_ok,10,2020,117095,111439,5656,0.01464196769834386,0.005366726296959001,0.013104206248099532,0.001537761450244328
size_ok,10,2021,152421,138991,13430,0.011878396800253592,0.0031152647975078995,0.01083009097733055,0.0010483058229230433
wk_trend_ok,10,all_E1,466717,429955,36762,0.009352343307258433,0.0,0.004355962652810767,0.004996380654447666
wk_trend_ok,10,2016,50783,46669,4114,0.007453117656013185,0.0,0.0027634256563713365,0.004689691999641849
wk_trend_ok,10,2017,113221,106992,6229,0.011699023072614362,0.0,0.007328736798013727,0.004370286274600633
wk_trend_ok,10,2018,70202,66048,4154,-0.0014205884592339046,-0.00579150579150578,-0.00714384543119417,0.0057232569719602635
wk_trend_ok,10,2019,60450,56286,4164,0.009098748358285062,0.0,0.005889945221042985,0.0032088031372420767
wk_trend_ok,10,2020,110194,102044,8150,0.01743907702327142,0.00204603634095446,0.009433317336405823,0.008005759686865595
wk_trend_ok,10,2021,61867,51916,9951,0.004308826621792969,-0.004608294930875556,0.002648262866759108,0.0016605637550338615
rs_ok,10,all_E1,334758,318075,16683,0.0096864787019501,0.0,0.007564101167510836,0.0021223775344392662
rs_ok,10,2016,32058,30015,2043,0.006488375768392627,0.0,0.006049952710807402,0.000438423057585225
rs_ok,10,2017,56937,54851,2086,0.013707230421897457,0.0026041666666667407,0.008455821012486764,0.005251409409410694
rs_ok,10,2018,59181,56943,2238,-0.006863419656074001,-0.00952380952380949,-0.0026317987776507228,-0.004231620878423277
rs_ok,10,2019,55994,53705,2289,0.011074817934776094,0.0042918454935623185,0.007716751634001386,0.003358066300774707
rs_ok,10,2020,63130,60537,2593,0.014471961245834573,0.003759398496240518,0.011966369642690352,0.002505591603144219
rs_ok,10,2021,67458,62024,5434,0.01699961803354445,0.0,0.012439993585021741,0.0045596244485227085
rev_ok,10,all_E1,658250,598592,59658,0.011853224444225402,0.0017730496453900457,0.009040314327465071,0.002812910116760331
rev_ok,10,2016,77864,69738,8126,0.007208780787143933,0.0,0.006097820702595542,0.0011109600845483902
rev_ok,10,2017,99028,90840,8188,0.010331423291104114,0.0,0.00698606255505135,0.0033453607360527655
rev_ok,10,2018,109196,99540,9656,0.0006320053108776144,-0.0036231884057971175,-0.0011804805668156446,0.0018124858776932579
rev_ok,10,2019,81630,74808,6822,0.01085447429623129,0.003039513677811634,0.008155088388493678,0.0026993859077376115
rev_ok,10,2020,99906,92713,7193,0.02280583508069278,0.007894736842105177,0.018784863813851305,0.004020971266841467
rev_ok,10,2021,190626,170953,19673,0.015587349567346191,0.0040567951318459805,0.01238606047234209,0.0032012890950041
eps_ok,10,all_E1,934311,854556,79755,0.01024834199503765,0.0013774104683197397,0.0073324880069367,0.0029158539881009517
eps_ok,10,2016,135410,122881,12529,0.00960095581059963,0.0016181229773464256,0.006583562226951519,0.003017393583648112
eps_ok,10,2017,137052,126692,10360,0.012079263941912813,0.0018018018018017834,0.007929192536610006,0.004150071405302807
eps_ok,10,2018,161275,148195,13080,-0.0010881983977839,-0.004237288135593209,-0.0031149735436905635,0.0020267751459066645
eps_ok,10,2019,138954,126716,12238,0.010581747085466062,0.0029048671819624783,0.007475319102098329,0.0031064279833677316
eps_ok,10,2020,144622,135308,9314,0.014781972817297208,0.004132231404958775,0.01204692872374469,0.002735044093552516
eps_ok,10,2021,216998,194764,22234,0.014725158158258719,0.0034843205574912606,0.011998094040022072,0.0027270641182366457
eps_acc_ok,10,all_E1,443278,418212,25066,0.010454288887446494,0.0017241379310344307,0.007422276105416787,0.0030320127820297063
eps_acc_ok,10,2016,67473,63988,3485,0.007248283007934059,0.0,0.005218460035141926,0.0020298229727921347
eps_acc_ok,10,2017,62705,59737,2968,0.012695448586043299,0.0021008403361344463,0.008462246659999723,0.004233201926043574
eps_acc_ok,10,2018,79503,75195,4308,-0.0011959379132695323,-0.00367647058823517,-0.0026383140048818333,0.0014423760916122991
eps_acc_ok,10,2019,67075,62998,4077,0.012995041261199899,0.003984063745019917,0.008272075798456228,0.004722965462743671
eps_acc_ok,10,2020,74677,71418,3259,0.015272214662213998,0.0042918454935622075,0.012658921457888944,0.0026132932043250556
eps_acc_ok,10,2021,91845,84876,6969,0.015675501133062965,0.004083717245836005,0.012227789044110609,0.003447712088952353
rs_short,10,all_E1,6200,5867,333,0.01046222194136756,0.0,0.007481758929787541,0.0029804630115800165
rs_short,10,2016,2744,2653,91,0.013761199459166495,-0.0013333333333332975,0.00724697883077988,0.0065142206283866156
rs_short,10,2017,642,606,36,0.013005379423363592,0.004264411711220162,0.008064581357995324,0.004940798065368265
rs_short,10,2018,870,815,55,-0.005877953326336862,-0.010709504685408211,-0.002753713378837521,-0.0031242399474993424
rs_short,10,2019,801,750,51,0.0018285848541673875,0.0,0.006326785471475049,-0.0044982006173076615
rs_short,10,2020,411,389,22,0.0006118471416234002,0.0034965034965035446,0.021343826536161317,-0.02073197939453792
rs_short,10,2021,732,654,78,0.03084590033107632,0.008875817336729597,0.01372866556213893,0.017117234768937395
liq_ok,20,all_E1,686135,621124,65011,0.017181654841760662,0.0027586206896552667,0.015489424255322133,0.00169223058643853
liq_ok,20,2016,89811,82799,7012,0.009242555087144767,0.001223990208078396,0.011611171862287412,-0.0023686167751426463
liq_ok,20,2017,110144,102307,7837,0.01959529539080562,0.0042796005706136064,0.015907452880342707,0.0036878425104629104
liq_ok,20,2018,103423,95517,7906,-0.010988832712930854,-0.0174731182795701,-0.004908177524025573,-0.006080655188905278
liq_ok,20,2019,96920,89306,7614,0.013417423656615938,0.005847953216374213,0.011576422930087423,0.0018410007265285112
liq_ok,20,2020,133621,122230,11391,0.033206542969885955,0.011542902824658086,0.027433403229999265,0.005773139739886681
liq_ok,20,2021,152216,128965,23251,0.02864696722118569,0.007085020242914908,0.02414454650388166,0.0045024207173040235
size_ok,20,all_E1,611700,547625,64075,0.015216147852258907,0.002941176470588225,0.015225195619671776,-9.047767412869315e-06
size_ok,20,2016,73649,67519,6130,0.005125327453430999,0.0,0.010735774041696535,-0.005610446588265534
size_ok,20,2017,92958,85656,7302,0.017211237323675202,0.004405286343612369,0.015852414307014406,0.0013588230166607933
size_ok,20,2018,89910,82178,7732,-0.01162686728575521,-0.01666666666666672,-0.0043837112568345426,-0.00724315602892067
size_ok,20,2019,85667,78961,6706,0.014726715833886775,0.008077544426494443,0.011331107167547254,0.003395608666339523
size_ok,20,2020,117095,106513,10582,0.027551489272488773,0.008902077151335286,0.024348685575287948,0.003202803697200827
size_ok,20,2021,152421,126798,25623,0.026581530884059807,0.007246376811594235,0.024661683526133127,0.0019198473579266778
wk_trend_ok,20,all_E1,466717,407771,58946,0.0170825959554679,0.0,0.009188854453326274,0.007893741502141626
wk_trend_ok,20,2016,50783,44969,5814,0.014001796069735626,0.0,0.006886606074385188,0.007115189995350438
wk_trend_ok,20,2017,113221,103403,9818,0.02020349732242441,0.0025445292620864812,0.014390586013665193,0.0058129113087592174
wk_trend_ok,20,2018,70202,63437,6765,-0.003971308820694917,-0.011666666666666714,-0.012494157696685076,0.00852284887599016
wk_trend_ok,20,2019,60450,54477,5973,0.01699372606821326,0.0017094017094017033,0.009788807388575566,0.007204918679637699
wk_trend_ok,20,2020,110194,97207,12987,0.029826172367254964,0.0027855153203342198,0.016530244216021242,0.013295928151233719
wk_trend_ok,20,2021,61867,44278,17589,0.01521943627993869,-0.0035938932875244634,0.013589285589856413,0.0016301506900822766
rs_ok,20,all_E1,334758,301879,32879,0.01850140256041422,0.0,0.015029796719621952,0.003471605840792266
rs_ok,20,2016,32058,28092,3966,0.011669995317170091,0.0,0.01154149967407207,0.00012849564309802132
rs_ok,20,2017,56937,52805,4132,0.02541745095711102,0.006273525721455453,0.016901792678560974,0.008515658278550045
rs_ok,20,2018,59181,54769,4412,-0.013318017891238524,-0.019417475728155442,-0.0044781878257952636,-0.008839830065443258
rs_ok,20,2019,55994,51486,4508,0.019263515624375532,0.008090614886731462,0.013130951324202922,0.006132564300172613
rs_ok,20,2020,63130,57946,5184,0.02782791156377989,0.004761904761904745,0.02322878314112757,0.004599128422652316
rs_ok,20,2021,67458,56781,10677,0.035932440257638094,0.004773269689737569,0.027185989573001557,0.00874645068463654
rev_ok,20,all_E1,658250,569625,88625,0.022901207908100157,0.0039215686274509665,0.018015562572175677,0.004885645335924476
rev_ok,20,2016,77864,67173,10691,0.01422113043257074,0.0,0.013067967165556662,0.0011531632670140734
rev_ok,20,2017,99028,88325,10703,0.020301104620704145,0.002849002849002913,0.014529675536108773,0.005771429084595373
rev_ok,20,2018,109196,95464,13732,0.00014326406373442338,-0.008474576271186529,-0.003368139761349782,0.0035114038250842056
rev_ok,20,2019,81630,72162,9468,0.0191289451976842,0.006006006006006093,0.014078705267100517,0.005050239930583687
rev_ok,20,2020,99906,89688,10218,0.04032554601650653,0.01273885350318471,0.03420940044525219,0.006116145571254344
rev_ok,20,2021,190626,156813,33813,0.0337086365251396,0.010183299389002087,0.027665962245451824,0.006042674279687775
eps_ok,20,all_E1,934311,816371,117940,0.019916978786603857,0.0034522439585731313,0.014662249174839248,0.0052547296117646134
eps_ok,20,2016,135410,118923,16487,0.018933145057355855,0.004484304932735439,0.013785342567567473,0.005147802489788382
eps_ok,20,2017,137052,123064,13988,0.02330735743341125,0.005479452054794498,0.016418991052475764,0.0068883663809354845
eps_ok,20,2018,161275,142877,18398,-0.0027345200331877835,-0.00983606557377048,-0.005972914107901592,0.0032383940747138084
eps_ok,20,2019,138954,121569,17385,0.01852110844665307,0.005347593582887722,0.012877178832675478,0.005643929613977591
eps_ok,20,2020,144622,131345,13277,0.02825434012531094,0.007518796992481258,0.023052502948188187,0.00520183717712275
eps_ok,20,2021,216998,178593,38405,0.031175924736294054,0.008746355685131268,0.02558862501790853,0.005587299718385533
eps_acc_ok,20,all_E1,443278,403213,40065,0.02028120705362163,0.003913894324853118,0.015016735687224454,0.005264471366397178
eps_acc_ok,20,2016,67473,62339,5134,0.014818851022286469,0.0025094102885823144,0.011519599275952667,0.0032992517463337986
eps_acc_ok,20,2017,62705,58224,4481,0.025320395729782987,0.006250000000000089,0.017564384718458108,0.007756011011324875
eps_acc_ok,20,2018,79503,73513,5990,-0.002892699865279322,-0.008620689655172487,-0.005024764225456431,0.0021320643601771072
eps_acc_ok,20,2019,67075,60787,6288,0.02334690545940933,0.007518796992481258,0.014156069013952263,0.009190836445457073
eps_acc_ok,20,2020,74677,69477,5200,0.02770344998269955,0.0074349442379182396,0.02388767561755434,0.0038157743651452093
eps_acc_ok,20,2021,91845,78873,12972,0.03357688148605841,0.011461318051575908,0.02742878422293757,0.006148097263120852
rs_short,20,all_E1,6200,5531,669,0.019935959451111318,0.0013531799729362692,0.015605976048731022,0.004329983402380291
rs_short,20,2016,2744,2549,195,0.026738885406856597,0.0,0.01622177138007686,0.010517114026779736
rs_short,20,2017,642,566,76,0.0283951157913305,0.018885446418486107,0.01609652711173832,0.012298588679592184
rs_short,20,2018,870,765,105,-0.013198961476486144,-0.020344287949921713,-0.004616995761897675,-0.00858196571458846
rs_short,20,2019,801,699,102,-0.0005618696956312423,0.0035460992907800915,0.010868687940387967,-0.01143055763601921
rs_short,20,2020,411,368,43,0.0018118000489922945,0.002704541215452716,0.035746168780288176,-0.033934368731295884
rs_short,20,2021,732,584,148,0.061404019371327286,0.01943089123985875,0.031912538885010215,0.02949148048631707
