date,source_month
2016-01-04,201601
2016-01-05,201601
2016-01-06,201601
2016-01-07,201601
2016-01-08,201601
2016-01-11,201601
2016-01-12,201601
2016-01-13,201601
2016-01-14,201601
2016-01-15,201601
2016-01-18,201601
2016-01-19,201601
2016-01-20,201601
2016-01-21,201601
2016-01-22,201601
2016-01-25,201601
2016-01-26,201601
2016-01-27,201601
2016-01-28,201601
2016-01-29,201601
2016-01-30,201601
2016-02-01,201602
2016-02-02,201602
2016-02-03,201602
2016-02-15,201602
2016-02-16,201602
2016-02-17,201602
2016-02-18,201602
2016-02-19,201602
2016-02-22,201602
2016-02-23,201602
2016-02-24,201602
2016-02-25,201602
2016-02-26,201602
2016-03-01,201603
2016-03-02,201603
2016-03-03,201603
2016-03-04,201603
2016-03-07,201603
2016-03-08,201603
2016-03-09,201603
2016-03-10,201603
2016-03-11,201603
2016-03-14,201603
2016-03-15,201603
2016-03-16,201603
2016-03-17,201603
2016-03-18,201603
2016-03-21,201603
2016-03-22,201603
2016-03-23,201603
2016-03-24,201603
2016-03-25,201603
2016-03-28,201603
2016-03-29,201603
2016-03-30,201603
2016-03-31,201603
2016-04-01,201604
2016-04-06,201604
2016-04-07,201604
2016-04-08,201604
2016-04-11,201604
2016-04-12,201604
2016-04-13,201604
2016-04-14,201604
2016-04-15,201604
2016-04-18,201604
2016-04-19,201604
2016-04-20,201604
2016-04-21,201604
2016-04-22,201604
2016-04-25,201604
2016-04-26,201604
2016-04-27,201604
2016-04-28,201604
2016-04-29,201604
2016-05-03,201605
2016-05-04,201605
2016-05-05,201605
2016-05-06,201605
2016-05-09,201605
2016-05-10,201605
2016-05-11,201605
2016-05-12,201605
2016-05-13,201605
2016-05-16,201605
2016-05-17,201605
2016-05-18,201605
2016-05-19,201605
2016-05-20,201605
2016-05-23,201605
2016-05-24,201605
2016-05-25,201605
2016-05-26,201605
2016-05-27,201605
2016-05-30,201605
2016-05-31,201605
2016-06-01,201606
2016-06-02,201606
2016-06-03,201606
2016-06-04,201606
2016-06-06,201606
2016-06-07,201606
2016-06-08,201606
2016-06-13,201606
2016-06-14,201606
2016-06-15,201606
2016-06-16,201606
2016-06-17,201606
2016-06-20,201606
2016-06-21,201606
2016-06-22,201606
2016-06-23,201606
2016-06-24,201606
2016-06-27,201606
2016-06-28,201606
2016-06-29,201606
2016-06-30,201606
2016-07-01,201607
2016-07-04,201607
2016-07-05,201607
2016-07-06,201607
2016-07-07,201607
2016-07-11,201607
2016-07-12,201607
2016-07-13,201607
2016-07-14,201607
2016-07-15,201607
2016-07-18,201607
2016-07-19,201607
2016-07-20,201607
2016-07-21,201607
2016-07-22,201607
2016-07-25,201607
2016-07-26,201607
2016-07-27,201607
2016-07-28,201607
2016-07-29,201607
2016-08-01,201608
2016-08-02,201608
2016-08-03,201608
2016-08-04,201608
2016-08-05,201608
2016-08-08,201608
2016-08-09,201608
2016-08-10,201608
2016-08-11,201608
2016-08-12,201608
2016-08-15,201608
2016-08-16,201608
2016-08-17,201608
2016-08-18,201608
2016-08-19,201608
2016-08-22,201608
2016-08-23,201608
2016-08-24,201608
2016-08-25,201608
2016-08-26,201608
2016-08-29,201608
2016-08-30,201608
2016-08-31,201608
2016-09-01,201609
2016-09-02,201609
2016-09-05,201609
2016-09-06,201609
2016-09-07,201609
2016-09-08,201609
2016-09-09,201609
2016-09-10,201609
2016-09-12,201609
2016-09-13,201609
2016-09-14,201609
2016-09-19,201609
2016-09-20,201609
2016-09-21,201609
2016-09-22,201609
2016-09-23,201609
2016-09-26,201609
2016-09-29,201609
2016-09-30,201609
2016-10-03,201610
2016-10-04,201610
2016-10-05,201610
2016-10-06,201610
2016-10-07,201610
2016-10-11,201610
2016-10-12,201610
2016-10-13,201610
2016-10-14,201610
2016-10-17,201610
2016-10-18,201610
2016-10-19,201610
2016-10-20,201610
2016-10-21,201610
2016-10-24,201610
2016-10-25,201610
2016-10-26,201610
2016-10-27,201610
2016-10-28,201610
2016-10-31,201610
2016-11-01,201611
2016-11-02,201611
2016-11-03,201611
2016-11-04,201611
2016-11-07,201611
2016-11-08,201611
2016-11-09,201611
2016-11-10,201611
2016-11-11,201611
2016-11-14,201611
2016-11-15,201611
2016-11-16,201611
2016-11-17,201611
2016-11-18,201611
2016-11-21,201611
2016-11-22,201611
2016-11-23,201611
2016-11-24,201611
2016-11-25,201611
2016-11-28,201611
2016-11-29,201611
2016-11-30,201611
2016-12-01,201612
2016-12-02,201612
2016-12-05,201612
2016-12-06,201612
2016-12-07,201612
2016-12-08,201612
2016-12-09,201612
2016-12-12,201612
2016-12-13,201612
2016-12-14,201612
2016-12-15,201612
2016-12-16,201612
2016-12-19,201612
2016-12-20,201612
2016-12-21,201612
2016-12-22,201612
2016-12-23,201612
2016-12-26,201612
2016-12-27,201612
2016-12-28,201612
2016-12-29,201612
2016-12-30,201612
2017-01-03,201701
2017-01-04,201701
2017-01-05,201701
2017-01-06,201701
2017-01-09,201701
2017-01-10,201701
2017-01-11,201701
2017-01-12,201701
2017-01-13,201701
2017-01-16,201701
2017-01-17,201701
2017-01-18,201701
2017-01-19,201701
2017-01-20,201701
2017-01-23,201701
2017-01-24,201701
2017-02-02,201702
2017-02-03,201702
2017-02-06,201702
2017-02-07,201702
2017-02-08,201702
2017-02-09,201702
2017-02-10,201702
2017-02-13,201702
2017-02-14,201702
2017-02-15,201702
2017-02-16,201702
2017-02-17,201702
2017-02-18,201702
2017-02-20,201702
2017-02-21,201702
2017-02-22,201702
2017-02-23,201702
2017-02-24,201702
2017-03-01,201703
2017-03-02,201703
2017-03-03,201703
2017-03-06,201703
2017-03-07,201703
2017-03-08,201703
2017-03-09,201703
2017-03-10,201703
2017-03-13,201703
2017-03-14,201703
2017-03-15,201703
2017-03-16,201703
2017-03-17,201703
2017-03-20,201703
2017-03-21,201703
2017-03-22,201703
2017-03-23,201703
2017-03-24,201703
2017-03-27,201703
2017-03-28,201703
2017-03-29,201703
2017-03-30,201703
2017-03-31,201703
2017-04-05,201704
2017-04-06,201704
2017-04-07,201704
2017-04-10,201704
2017-04-11,201704
2017-04-12,201704
2017-04-13,201704
2017-04-14,201704
2017-04-17,201704
2017-04-18,201704
2017-04-19,201704
2017-04-20,201704
2017-04-21,201704
2017-04-24,201704
2017-04-25,201704
2017-04-26,201704
2017-04-27,201704
2017-04-28,201704
2017-05-02,201705
2017-05-03,201705
2017-05-04,201705
2017-05-05,201705
2017-05-08,201705
2017-05-09,201705
2017-05-10,201705
2017-05-11,201705
2017-05-12,201705
2017-05-15,201705
2017-05-16,201705
2017-05-17,201705
2017-05-18,201705
2017-05-19,201705
2017-05-22,201705
2017-05-23,201705
2017-05-24,201705
2017-05-25,201705
2017-05-26,201705
2017-05-31,201705
2017-06-01,201706
2017-06-02,201706
2017-06-03,201706
2017-06-05,201706
2017-06-06,201706
2017-06-07,201706
2017-06-08,201706
2017-06-09,201706
2017-06-12,201706
2017-06-13,201706
2017-06-14,201706
2017-06-15,201706
2017-06-16,201706
2017-06-19,201706
2017-06-20,201706
2017-06-21,201706
2017-06-22,201706
2017-06-23,201706
2017-06-26,201706
2017-06-27,201706
2017-06-28,201706
2017-06-29,201706
2017-06-30,201706
2017-07-03,201707
2017-07-04,201707
2017-07-05,201707
2017-07-06,201707
2017-07-07,201707
2017-07-10,201707
2017-07-11,201707
2017-07-12,201707
2017-07-13,201707
2017-07-14,201707
2017-07-17,201707
2017-07-18,201707
2017-07-19,201707
2017-07-20,201707
2017-07-21,201707
2017-07-24,201707
2017-07-25,201707
2017-07-26,201707
2017-07-27,201707
2017-07-28,201707
2017-07-31,201707
2017-08-01,201708
2017-08-02,201708
2017-08-03,201708
2017-08-04,201708
2017-08-07,201708
2017-08-08,201708
2017-08-09,201708
2017-08-10,201708
2017-08-11,201708
2017-08-14,201708
2017-08-15,201708
2017-08-16,201708
2017-08-17,201708
2017-08-18,201708
2017-08-21,201708
2017-08-22,201708
2017-08-23,201708
2017-08-24,201708
2017-08-25,201708
2017-08-28,201708
2017-08-29,201708
2017-08-30,201708
2017-08-31,201708
2017-09-01,201709
2017-09-04,201709
2017-09-05,201709
2017-09-06,201709
2017-09-07,201709
2017-09-08,201709
2017-09-11,201709
2017-09-12,201709
2017-09-13,201709
2017-09-14,201709
2017-09-15,201709
2017-09-18,201709
2017-09-19,201709
2017-09-20,201709
2017-09-21,201709
2017-09-22,201709
2017-09-25,201709
2017-09-26,201709
2017-09-27,201709
2017-09-28,201709
2017-09-29,201709
2017-09-30,201709
2017-10-02,201710
2017-10-03,201710
2017-10-05,201710
2017-10-06,201710
2017-10-11,201710
2017-10-12,201710
2017-10-13,201710
2017-10-16,201710
2017-10-17,201710
2017-10-18,201710
2017-10-19,201710
2017-10-20,201710
2017-10-23,201710
2017-10-24,201710
2017-10-25,201710
2017-10-26,201710
2017-10-27,201710
2017-10-30,201710
2017-10-31,201710
2017-11-01,201711
2017-11-02,201711
2017-11-03,201711
2017-11-06,201711
2017-11-07,201711
2017-11-08,201711
2017-11-09,201711
2017-11-10,201711
2017-11-13,201711
2017-11-14,201711
2017-11-15,201711
2017-11-16,201711
2017-11-17,201711
2017-11-20,201711
2017-11-21,201711
2017-11-22,201711
2017-11-23,201711
2017-11-24,201711
2017-11-27,201711
2017-11-28,201711
2017-11-29,201711
2017-11-30,201711
2017-12-01,201712
2017-12-04,201712
2017-12-05,201712
2017-12-06,201712
2017-12-07,201712
2017-12-08,201712
2017-12-11,201712
2017-12-12,201712
2017-12-13,201712
2017-12-14,201712
2017-12-15,201712
2017-12-18,201712
2017-12-19,201712
2017-12-20,201712
2017-12-21,201712
2017-12-22,201712
2017-12-25,201712
2017-12-26,201712
2017-12-27,201712
2017-12-28,201712
2017-12-29,201712
2018-01-02,201801
2018-01-03,201801
2018-01-04,201801
2018-01-05,201801
2018-01-08,201801
2018-01-09,201801
2018-01-10,201801
2018-01-11,201801
2018-01-12,201801
2018-01-15,201801
2018-01-16,201801
2018-01-17,201801
2018-01-18,201801
2018-01-19,201801
2018-01-22,201801
2018-01-23,201801
2018-01-24,201801
2018-01-25,201801
2018-01-26,201801
2018-01-29,201801
2018-01-30,201801
2018-01-31,201801
2018-02-01,201802
2018-02-02,201802
2018-02-05,201802
2018-02-06,201802
2018-02-07,201802
2018-02-08,201802
2018-02-09,201802
2018-02-12,201802
2018-02-21,201802
2018-02-22,201802
2018-02-23,201802
2018-02-26,201802
2018-02-27,201802
2018-03-01,201803
2018-03-02,201803
2018-03-05,201803
2018-03-06,201803
2018-03-07,201803
2018-03-08,201803
2018-03-09,201803
2018-03-12,201803
2018-03-13,201803
2018-03-14,201803
2018-03-15,201803
2018-03-16,201803
2018-03-19,201803
2018-03-20,201803
2018-03-21,201803
2018-03-22,201803
2018-03-23,201803
2018-03-26,201803
2018-03-27,201803
2018-03-28,201803
2018-03-29,201803
2018-03-30,201803
2018-03-31,201803
2018-04-02,201804
2018-04-03,201804
2018-04-09,201804
2018-04-10,201804
2018-04-11,201804
2018-04-12,201804
2018-04-13,201804
2018-04-16,201804
2018-04-17,201804
2018-04-18,201804
2018-04-19,201804
2018-04-20,201804
2018-04-23,201804
2018-04-24,201804
2018-04-25,201804
2018-04-26,201804
2018-04-27,201804
2018-04-30,201804
2018-05-02,201805
2018-05-03,201805
2018-05-04,201805
2018-05-07,201805
2018-05-08,201805
2018-05-09,201805
2018-05-10,201805
2018-05-11,201805
2018-05-14,201805
2018-05-15,201805
2018-05-16,201805
2018-05-17,201805
2018-05-18,201805
2018-05-21,201805
2018-05-22,201805
2018-05-23,201805
2018-05-24,201805
2018-05-25,201805
2018-05-28,201805
2018-05-29,201805
2018-05-30,201805
2018-05-31,201805
2018-06-01,201806
2018-06-04,201806
2018-06-05,201806
2018-06-06,201806
2018-06-07,201806
2018-06-08,201806
2018-06-11,201806
2018-06-12,201806
2018-06-13,201806
2018-06-14,201806
2018-06-15,201806
2018-06-19,201806
2018-06-20,201806
2018-06-21,201806
2018-06-22,201806
2018-06-25,201806
2018-06-26,201806
2018-06-27,201806
2018-06-28,201806
2018-06-29,201806
2018-07-02,201807
2018-07-03,201807
2018-07-04,201807
2018-07-05,201807
2018-07-06,201807
2018-07-09,201807
2018-07-10,201807
2018-07-11,201807
2018-07-12,201807
2018-07-13,201807
2018-07-16,201807
2018-07-17,201807
2018-07-18,201807
2018-07-19,201807
2018-07-20,201807
2018-07-23,201807
2018-07-24,201807
2018-07-25,201807
2018-07-26,201807
2018-07-27,201807
2018-07-30,201807
2018-07-31,201807
2018-08-01,201808
2018-08-02,201808
2018-08-03,201808
2018-08-06,201808
2018-08-07,201808
2018-08-08,201808
2018-08-09,201808
2018-08-10,201808
2018-08-13,201808
2018-08-14,201808
2018-08-15,201808
2018-08-16,201808
2018-08-17,201808
2018-08-20,201808
2018-08-21,201808
2018-08-22,201808
2018-08-23,201808
2018-08-24,201808
2018-08-27,201808
2018-08-28,201808
2018-08-29,201808
2018-08-30,201808
2018-08-31,201808
2018-09-03,201809
2018-09-04,201809
2018-09-05,201809
2018-09-06,201809
2018-09-07,201809
2018-09-10,201809
2018-09-11,201809
2018-09-12,201809
2018-09-13,201809
2018-09-14,201809
2018-09-17,201809
2018-09-18,201809
2018-09-19,201809
2018-09-20,201809
2018-09-21,201809
2018-09-25,201809
2018-09-26,201809
2018-09-27,201809
2018-09-28,201809
2018-10-01,201810
2018-10-02,201810
2018-10-03,201810
2018-10-04,201810
2018-10-05,201810
2018-10-08,201810
2018-10-09,201810
2018-10-11,201810
2018-10-12,201810
2018-10-15,201810
2018-10-16,201810
2018-10-17,201810
2018-10-18,201810
2018-10-19,201810
2018-10-22,201810
2018-10-23,201810
2018-10-24,201810
2018-10-25,201810
2018-10-26,201810
2018-10-29,201810
2018-10-30,201810
2018-10-31,201810
2018-11-01,201811
2018-11-02,201811
2018-11-05,201811
2018-11-06,201811
2018-11-07,201811
2018-11-08,201811
2018-11-09,201811
2018-11-12,201811
2018-11-13,201811
2018-11-14,201811
2018-11-15,201811
2018-11-16,201811
2018-11-19,201811
2018-11-20,201811
2018-11-21,201811
2018-11-22,201811
2018-11-23,201811
2018-11-26,201811
2018-11-27,201811
2018-11-28,201811
2018-11-29,201811
2018-11-30,201811
2018-12-03,201812
2018-12-04,201812
2018-12-05,201812
2018-12-06,201812
2018-12-07,201812
2018-12-10,201812
2018-12-11,201812
2018-12-12,201812
2018-12-13,201812
2018-12-14,201812
2018-12-17,201812
2018-12-18,201812
2018-12-19,201812
2018-12-20,201812
2018-12-21,201812
2018-12-22,201812
2018-12-24,201812
2018-12-25,201812
2018-12-26,201812
2018-12-27,201812
2018-12-28,201812
2019-01-02,201901
2019-01-03,201901
2019-01-04,201901
2019-01-07,201901
2019-01-08,201901
2019-01-09,201901
2019-01-10,201901
2019-01-11,201901
2019-01-14,201901
2019-01-15,201901
2019-01-16,201901
2019-01-17,201901
2019-01-18,201901
2019-01-21,201901
2019-01-22,201901
2019-01-23,201901
2019-01-24,201901
2019-01-25,201901
2019-01-28,201901
2019-01-29,201901
2019-01-30,201901
2019-02-11,201902
2019-02-12,201902
2019-02-13,201902
2019-02-14,201902
2019-02-15,201902
2019-02-18,201902
2019-02-19,201902
2019-02-20,201902
2019-02-21,201902
2019-02-22,201902
2019-02-25,201902
2019-02-26,201902
2019-02-27,201902
2019-03-04,201903
2019-03-05,201903
2019-03-06,201903
2019-03-07,201903
2019-03-08,201903
2019-03-11,201903
2019-03-12,201903
2019-03-13,201903
2019-03-14,201903
2019-03-15,201903
2019-03-18,201903
2019-03-19,201903
2019-03-20,201903
2019-03-21,201903
2019-03-22,201903
2019-03-25,201903
2019-03-26,201903
2019-03-27,201903
2019-03-28,201903
2019-03-29,201903
2019-04-01,201904
2019-04-02,201904
2019-04-03,201904
2019-04-08,201904
2019-04-09,201904
2019-04-10,201904
2019-04-11,201904
2019-04-12,201904
2019-04-15,201904
2019-04-16,201904
2019-04-17,201904
2019-04-18,201904
2019-04-19,201904
2019-04-22,201904
2019-04-23,201904
2019-04-24,201904
2019-04-25,201904
2019-04-26,201904
2019-04-29,201904
2019-04-30,201904
2019-05-02,201905
2019-05-03,201905
2019-05-06,201905
2019-05-07,201905
2019-05-08,201905
2019-05-09,201905
2019-05-10,201905
2019-05-13,201905
2019-05-14,201905
2019-05-15,201905
2019-05-16,201905
2019-05-17,201905
2019-05-20,201905
2019-05-21,201905
2019-05-22,201905
2019-05-23,201905
2019-05-24,201905
2019-05-27,201905
2019-05-28,201905
2019-05-29,201905
2019-05-30,201905
2019-05-31,201905
2019-06-03,201906
2019-06-04,201906
2019-06-05,201906
2019-06-06,201906
2019-06-10,201906
2019-06-11,201906
2019-06-12,201906
2019-06-13,201906
2019-06-14,201906
2019-06-17,201906
2019-06-18,201906
2019-06-19,201906
2019-06-20,201906
2019-06-21,201906
2019-06-24,201906
2019-06-25,201906
2019-06-26,201906
2019-06-27,201906
2019-06-28,201906
2019-07-01,201907
2019-07-02,201907
2019-07-03,201907
2019-07-04,201907
2019-07-05,201907
2019-07-08,201907
2019-07-09,201907
2019-07-10,201907
2019-07-11,201907
2019-07-12,201907
2019-07-15,201907
2019-07-16,201907
2019-07-17,201907
2019-07-18,201907
2019-07-19,201907
2019-07-22,201907
2019-07-23,201907
2019-07-24,201907
2019-07-25,201907
2019-07-26,201907
2019-07-29,201907
2019-07-30,201907
2019-07-31,201907
2019-08-01,201908
2019-08-02,201908
2019-08-05,201908
2019-08-06,201908
2019-08-07,201908
2019-08-08,201908
2019-08-12,201908
2019-08-13,201908
2019-08-14,201908
2019-08-15,201908
2019-08-16,201908
2019-08-19,201908
2019-08-20,201908
2019-08-21,201908
2019-08-22,201908
2019-08-23,201908
2019-08-26,201908
2019-08-27,201908
2019-08-28,201908
2019-08-29,201908
2019-08-30,201908
2019-09-02,201909
2019-09-03,201909
2019-09-04,201909
2019-09-05,201909
2019-09-06,201909
2019-09-09,201909
2019-09-10,201909
2019-09-11,201909
2019-09-12,201909
2019-09-16,201909
2019-09-17,201909
2019-09-18,201909
2019-09-19,201909
2019-09-20,201909
2019-09-23,201909
2019-09-24,201909
2019-09-25,201909
2019-09-26,201909
2019-09-27,201909
2019-10-01,201910
2019-10-02,201910
2019-10-03,201910
2019-10-04,201910
2019-10-07,201910
2019-10-08,201910
2019-10-09,201910
2019-10-14,201910
2019-10-15,201910
2019-10-16,201910
2019-10-17,201910
2019-10-18,201910
2019-10-21,201910
2019-10-22,201910
2019-10-23,201910
2019-10-24,201910
2019-10-25,201910
2019-10-28,201910
2019-10-29,201910
2019-10-30,201910
2019-10-31,201910
2019-11-01,201911
2019-11-04,201911
2019-11-05,201911
2019-11-06,201911
2019-11-07,201911
2019-11-08,201911
2019-11-11,201911
2019-11-12,201911
2019-11-13,201911
2019-11-14,201911
2019-11-15,201911
2019-11-18,201911
2019-11-19,201911
2019-11-20,201911
2019-11-21,201911
2019-11-22,201911
2019-11-25,201911
2019-11-26,201911
2019-11-27,201911
2019-11-28,201911
2019-11-29,201911
2019-12-02,201912
2019-12-03,201912
2019-12-04,201912
2019-12-05,201912
2019-12-06,201912
2019-12-09,201912
2019-12-10,201912
2019-12-11,201912
2019-12-12,201912
2019-12-13,201912
2019-12-16,201912
2019-12-17,201912
2019-12-18,201912
2019-12-19,201912
2019-12-20,201912
2019-12-23,201912
2019-12-24,201912
2019-12-25,201912
2019-12-26,201912
2019-12-27,201912
2019-12-30,201912
2019-12-31,201912
2020-01-02,202001
2020-01-03,202001
2020-01-06,202001
2020-01-07,202001
2020-01-08,202001
2020-01-09,202001
2020-01-10,202001
2020-01-13,202001
2020-01-14,202001
2020-01-15,202001
2020-01-16,202001
2020-01-17,202001
2020-01-20,202001
2020-01-30,202001
2020-01-31,202001
2020-02-03,202002
2020-02-04,202002
2020-02-05,202002
2020-02-06,202002
2020-02-07,202002
2020-02-10,202002
2020-02-11,202002
2020-02-12,202002
2020-02-13,202002
2020-02-14,202002
2020-02-17,202002
2020-02-18,202002
2020-02-19,202002
2020-02-20,202002
2020-02-21,202002
2020-02-24,202002
2020-02-25,202002
2020-02-26,202002
2020-02-27,202002
2020-03-02,202003
2020-03-03,202003
2020-03-04,202003
2020-03-05,202003
2020-03-06,202003
2020-03-09,202003
2020-03-10,202003
2020-03-11,202003
2020-03-12,202003
2020-03-13,202003
2020-03-16,202003
2020-03-17,202003
2020-03-18,202003
2020-03-19,202003
2020-03-20,202003
2020-03-23,202003
2020-03-24,202003
2020-03-25,202003
2020-03-26,202003
2020-03-27,202003
2020-03-30,202003
2020-03-31,202003
2020-04-01,202004
2020-04-06,202004
2020-04-07,202004
2020-04-08,202004
2020-04-09,202004
2020-04-10,202004
2020-04-13,202004
2020-04-14,202004
2020-04-15,202004
2020-04-16,202004
2020-04-17,202004
2020-04-20,202004
2020-04-21,202004
2020-04-22,202004
2020-04-23,202004
2020-04-24,202004
2020-04-27,202004
2020-04-28,202004
2020-04-29,202004
2020-04-30,202004
2020-05-04,202005
2020-05-05,202005
2020-05-06,202005
2020-05-07,202005
2020-05-08,202005
2020-05-11,202005
2020-05-12,202005
2020-05-13,202005
2020-05-14,202005
2020-05-15,202005
2020-05-18,202005
2020-05-19,202005
2020-05-20,202005
2020-05-21,202005
2020-05-22,202005
2020-05-25,202005
2020-05-26,202005
2020-05-27,202005
2020-05-28,202005
2020-05-29,202005
2020-06-01,202006
2020-06-02,202006
2020-06-03,202006
2020-06-04,202006
2020-06-05,202006
2020-06-08,202006
2020-06-09,202006
2020-06-10,202006
2020-06-11,202006
2020-06-12,202006
2020-06-15,202006
2020-06-16,202006
2020-06-17,202006
2020-06-18,202006
2020-06-19,202006
2020-06-22,202006
2020-06-23,202006
2020-06-24,202006
2020-06-29,202006
2020-06-30,202006
2020-07-01,202007
2020-07-02,202007
2020-07-03,202007
2020-07-06,202007
2020-07-07,202007
2020-07-08,202007
2020-07-09,202007
2020-07-10,202007
2020-07-13,202007
2020-07-14,202007
2020-07-15,202007
2020-07-16,202007
2020-07-17,202007
2020-07-20,202007
2020-07-21,202007
2020-07-22,202007
2020-07-23,202007
2020-07-24,202007
2020-07-27,202007
2020-07-28,202007
2020-07-29,202007
2020-07-30,202007
2020-07-31,202007
2020-08-03,202008
2020-08-04,202008
2020-08-05,202008
2020-08-06,202008
2020-08-07,202008
2020-08-10,202008
2020-08-11,202008
2020-08-12,202008
2020-08-13,202008
2020-08-14,202008
2020-08-17,202008
2020-08-18,202008
2020-08-19,202008
2020-08-20,202008
2020-08-21,202008
2020-08-24,202008
2020-08-25,202008
2020-08-26,202008
2020-08-27,202008
2020-08-28,202008
2020-08-31,202008
2020-09-01,202009
2020-09-02,202009
2020-09-03,202009
2020-09-04,202009
2020-09-07,202009
2020-09-08,202009
2020-09-09,202009
2020-09-10,202009
2020-09-11,202009
2020-09-14,202009
2020-09-15,202009
2020-09-16,202009
2020-09-17,202009
2020-09-18,202009
2020-09-21,202009
2020-09-22,202009
2020-09-23,202009
2020-09-24,202009
2020-09-25,202009
2020-09-28,202009
2020-09-29,202009
2020-09-30,202009
2020-10-05,202010
2020-10-06,202010
2020-10-07,202010
2020-10-08,202010
2020-10-12,202010
2020-10-13,202010
2020-10-14,202010
2020-10-15,202010
2020-10-16,202010
2020-10-19,202010
2020-10-20,202010
2020-10-21,202010
2020-10-22,202010
2020-10-23,202010
2020-10-26,202010
2020-10-27,202010
2020-10-28,202010
2020-10-29,202010
2020-10-30,202010
2020-11-02,202011
2020-11-03,202011
2020-11-04,202011
2020-11-05,202011
2020-11-06,202011
2020-11-09,202011
2020-11-10,202011
2020-11-11,202011
2020-11-12,202011
2020-11-13,202011
2020-11-16,202011
2020-11-17,202011
2020-11-18,202011
2020-11-19,202011
2020-11-20,202011
2020-11-23,202011
2020-11-24,202011
2020-11-25,202011
2020-11-26,202011
2020-11-27,202011
2020-11-30,202011
2020-12-01,202012
2020-12-02,202012
2020-12-03,202012
2020-12-04,202012
2020-12-07,202012
2020-12-08,202012
2020-12-09,202012
2020-12-10,202012
2020-12-11,202012
2020-12-14,202012
2020-12-15,202012
2020-12-16,202012
2020-12-17,202012
2020-12-18,202012
2020-12-21,202012
2020-12-22,202012
2020-12-23,202012
2020-12-24,202012
2020-12-25,202012
2020-12-28,202012
2020-12-29,202012
2020-12-30,202012
2020-12-31,202012
2021-01-04,202101
2021-01-05,202101
2021-01-06,202101
2021-01-07,202101
2021-01-08,202101
2021-01-11,202101
2021-01-12,202101
2021-01-13,202101
2021-01-14,202101
2021-01-15,202101
2021-01-18,202101
2021-01-19,202101
2021-01-20,202101
2021-01-21,202101
2021-01-22,202101
2021-01-25,202101
2021-01-26,202101
2021-01-27,202101
2021-01-28,202101
2021-01-29,202101
2021-02-01,202102
2021-02-02,202102
2021-02-03,202102
2021-02-04,202102
2021-02-05,202102
2021-02-17,202102
2021-02-18,202102
2021-02-19,202102
2021-02-22,202102
2021-02-23,202102
2021-02-24,202102
2021-02-25,202102
2021-02-26,202102
2021-03-02,202103
2021-03-03,202103
2021-03-04,202103
2021-03-05,202103
2021-03-08,202103
2021-03-09,202103
2021-03-10,202103
2021-03-11,202103
2021-03-12,202103
2021-03-15,202103
2021-03-16,202103
2021-03-17,202103
2021-03-18,202103
2021-03-19,202103
2021-03-22,202103
2021-03-23,202103
2021-03-24,202103
2021-03-25,202103
2021-03-26,202103
2021-03-29,202103
2021-03-30,202103
2021-03-31,202103
2021-04-01,202104
2021-04-06,202104
2021-04-07,202104
2021-04-08,202104
2021-04-09,202104
2021-04-12,202104
2021-04-13,202104
2021-04-14,202104
2021-04-15,202104
2021-04-16,202104
2021-04-19,202104
2021-04-20,202104
2021-04-21,202104
2021-04-22,202104
2021-04-23,202104
2021-04-26,202104
2021-04-27,202104
2021-04-28,202104
2021-04-29,202104
2021-05-03,202105
2021-05-04,202105
2021-05-05,202105
2021-05-06,202105
2021-05-07,202105
2021-05-10,202105
2021-05-11,202105
2021-05-12,202105
2021-05-13,202105
2021-05-14,202105
2021-05-17,202105
2021-05-18,202105
2021-05-19,202105
2021-05-20,202105
2021-05-21,202105
2021-05-24,202105
2021-05-25,202105
2021-05-26,202105
2021-05-27,202105
2021-05-28,202105
2021-05-31,202105
2021-06-01,202106
2021-06-02,202106
2021-06-03,202106
2021-06-04,202106
2021-06-07,202106
2021-06-08,202106
2021-06-09,202106
2021-06-10,202106
2021-06-11,202106
2021-06-15,202106
2021-06-16,202106
2021-06-17,202106
2021-06-18,202106
2021-06-21,202106
2021-06-22,202106
2021-06-23,202106
2021-06-24,202106
2021-06-25,202106
2021-06-28,202106
2021-06-29,202106
2021-06-30,202106
2021-07-01,202107
2021-07-02,202107
2021-07-05,202107
2021-07-06,202107
2021-07-07,202107
2021-07-08,202107
2021-07-09,202107
2021-07-12,202107
2021-07-13,202107
2021-07-14,202107
2021-07-15,202107
2021-07-16,202107
2021-07-19,202107
2021-07-20,202107
2021-07-21,202107
2021-07-22,202107
2021-07-23,202107
2021-07-26,202107
2021-07-27,202107
2021-07-28,202107
2021-07-29,202107
2021-07-30,202107
2021-08-02,202108
2021-08-03,202108
2021-08-04,202108
2021-08-05,202108
2021-08-06,202108
2021-08-09,202108
2021-08-10,202108
2021-08-11,202108
2021-08-12,202108
2021-08-13,202108
2021-08-16,202108
2021-08-17,202108
2021-08-18,202108
2021-08-19,202108
2021-08-20,202108
2021-08-23,202108
2021-08-24,202108
2021-08-25,202108
2021-08-26,202108
2021-08-27,202108
2021-08-30,202108
2021-08-31,202108
2021-09-01,202109
2021-09-02,202109
2021-09-03,202109
2021-09-06,202109
2021-09-07,202109
2021-09-08,202109
2021-09-09,202109
2021-09-10,202109
2021-09-13,202109
2021-09-14,202109
2021-09-15,202109
2021-09-16,202109
2021-09-17,202109
2021-09-22,202109
2021-09-23,202109
2021-09-24,202109
2021-09-27,202109
2021-09-28,202109
2021-09-29,202109
2021-09-30,202109
2021-10-01,202110
2021-10-04,202110
2021-10-05,202110
2021-10-06,202110
2021-10-07,202110
2021-10-08,202110
2021-10-12,202110
2021-10-13,202110
2021-10-14,202110
2021-10-15,202110
2021-10-18,202110
2021-10-19,202110
2021-10-20,202110
2021-10-21,202110
2021-10-22,202110
2021-10-25,202110
2021-10-26,202110
2021-10-27,202110
2021-10-28,202110
2021-10-29,202110
2021-11-01,202111
2021-11-02,202111
2021-11-03,202111
2021-11-04,202111
2021-11-05,202111
2021-11-08,202111
2021-11-09,202111
2021-11-10,202111
2021-11-11,202111
2021-11-12,202111
2021-11-15,202111
2021-11-16,202111
2021-11-17,202111
2021-11-18,202111
2021-11-19,202111
2021-11-22,202111
2021-11-23,202111
2021-11-24,202111
2021-11-25,202111
2021-11-26,202111
2021-11-29,202111
2021-11-30,202111
2021-12-01,202112
2021-12-02,202112
2021-12-03,202112
2021-12-06,202112
2021-12-07,202112
2021-12-08,202112
2021-12-09,202112
2021-12-10,202112
2021-12-13,202112
2021-12-14,202112
2021-12-15,202112
2021-12-16,202112
2021-12-17,202112
2021-12-20,202112
2021-12-21,202112
2021-12-22,202112
2021-12-23,202112
2021-12-24,202112
2021-12-27,202112
2021-12-28,202112
2021-12-29,202112
2021-12-30,202112
