date,verdict,source_tier,source,note
2016-02-04,NON_TRADING_DAY,authoritative,TWSE FMTQIK 2016-02 (authoritative),
2016-02-05,NON_TRADING_DAY,authoritative,TWSE FMTQIK 2016-02 (authoritative),
2016-02-08,NON_TRADING_DAY,authoritative,TWSE FMTQIK 2016-02 (authoritative),
2016-02-09,NON_TRADING_DAY,authoritative,TWSE FMTQIK 2016-02 (authoritative),
2016-02-10,NON_TRADING_DAY,authoritative,TWSE FMTQIK 2016-02 (authoritative),
2016-02-11,NON_TRADING_DAY,authoritative,TWSE FMTQIK 2016-02 (authoritative),
2016-02-12,NON_TRADING_DAY,authoritative,TWSE FMTQIK 2016-02 (authoritative),
2016-02-29,NON_TRADING_DAY,authoritative,TWSE FMTQIK 2016-02 (authoritative),
2016-04-04,NON_TRADING_DAY,authoritative,TWSE FMTQIK 2016-04 (authoritative),
2016-04-05,NON_TRADING_DAY,authoritative,TWSE FMTQIK 2016-04 (authoritative),
2016-05-02,NON_TRADING_DAY,authoritative,TWSE FMTQIK 2016-05 (authoritative),
2016-06-09,NON_TRADING_DAY,authoritative,TWSE FMTQIK 2016-06 (authoritative),
2016-06-10,NON_TRADING_DAY,authoritative,TWSE FMTQIK 2016-06 (authoritative),
2016-07-08,NON_TRADING_DAY,authoritative,TWSE FMTQIK 2016-07 (authoritative),
2016-09-15,NON_TRADING_DAY,authoritative,TWSE FMTQIK 2016-09 (authoritative),
2016-09-16,NON_TRADING_DAY,authoritative,TWSE FMTQIK 2016-09 (authoritative),
2016-09-27,NON_TRADING_DAY,authoritative,TWSE FMTQIK 2016-09 (authoritative),
2016-09-28,NON_TRADING_DAY,authoritative,TWSE FMTQIK 2016-09 (authoritative),
2016-10-10,NON_TRADING_DAY,authoritative,TWSE FMTQIK 2016-10 (authoritative),
2017-01-02,NON_TRADING_DAY,authoritative,TWSE FMTQIK 2017-01 (authoritative),
2017-01-25,NON_TRADING_DAY,authoritative,TWSE FMTQIK 2017-01 (authoritative),
2017-01-26,NON_TRADING_DAY,authoritative,TWSE FMTQIK 2017-01 (authoritative),
2017-01-27,NON_TRADING_DAY,authoritative,TWSE FMTQIK 2017-01 (authoritative),
2017-01-30,NON_TRADING_DAY,authoritative,TWSE FMTQIK 2017-01 (authoritative),
2017-01-31,NON_TRADING_DAY,authoritative,TWSE FMTQIK 2017-01 (authoritative),
2017-02-01,NON_TRADING_DAY,authoritative,TWSE FMTQIK 2017-02 (authoritative),
2017-02-27,NON_TRADING_DAY,authoritative,TWSE FMTQIK 2017-02 (authoritative),
2017-02-28,NON_TRADING_DAY,authoritative,TWSE FMTQIK 2017-02 (authoritative),
2017-04-03,NON_TRADING_DAY,authoritative,TWSE FMTQIK 2017-04 (authoritative),
2017-04-04,NON_TRADING_DAY,authoritative,TWSE FMTQIK 2017-04 (authoritative),
2017-05-01,NON_TRADING_DAY,authoritative,TWSE FMTQIK 2017-05 (authoritative),
2017-05-29,NON_TRADING_DAY,authoritative,TWSE FMTQIK 2017-05 (authoritative),
2017-05-30,NON_TRADING_DAY,authoritative,TWSE FMTQIK 2017-05 (authoritative),
2017-10-04,NON_TRADING_DAY,third-party,"exchange_calendars XTAI 4.13.2 (third-party, NON-AUTHORITATIVE)",UNKNOWN_MONTH: authoritative record not retrieved
2017-10-09,NON_TRADING_DAY,third-party,"exchange_calendars XTAI 4.13.2 (third-party, NON-AUTHORITATIVE)",UNKNOWN_MONTH: authoritative record not retrieved
2017-10-10,NON_TRADING_DAY,third-party,"exchange_calendars XTAI 4.13.2 (third-party, NON-AUTHORITATIVE)",UNKNOWN_MONTH: authoritative record not retrieved
2018-01-01,NON_TRADING_DAY,authoritative,TWSE FMTQIK 2018-01 (authoritative),
2018-02-13,NON_TRADING_DAY,authoritative,TWSE FMTQIK 2018-02 (authoritative),
2018-02-14,NON_TRADING_DAY,authoritative,TWSE FMTQIK 2018-02 (authoritative),
2018-02-15,NON_TRADING_DAY,authoritative,TWSE FMTQIK 2018-02 (authoritative),
2018-02-16,NON_TRADING_DAY,authoritative,TWSE FMTQIK 2018-02 (authoritative),
2018-02-19,NON_TRADING_DAY,authoritative,TWSE FMTQIK 2018-02 (authoritative),
2018-02-20,NON_TRADING_DAY,authoritative,TWSE FMTQIK 2018-02 (authoritative),
2018-02-28,NON_TRADING_DAY,authoritative,TWSE FMTQIK 2018-02 (authoritative),
2018-04-04,NON_TRADING_DAY,authoritative,TWSE FMTQIK 2018-04 (authoritative),
2018-04-05,NON_TRADING_DAY,authoritative,TWSE FMTQIK 2018-04 (authoritative),
2018-04-06,NON_TRADING_DAY,authoritative,TWSE FMTQIK 2018-04 (authoritative),
2018-05-01,NON_TRADING_DAY,authoritative,TWSE FMTQIK 2018-05 (authoritative),
2018-06-18,NON_TRADING_DAY,authoritative,TWSE FMTQIK 2018-06 (authoritative),
2018-09-24,NON_TRADING_DAY,authoritative,TWSE FMTQIK 2018-09 (authoritative),
2018-10-10,NON_TRADING_DAY,authoritative,TWSE FMTQIK 2018-10 (authoritative),
2018-12-31,NON_TRADING_DAY,authoritative,TWSE FMTQIK 2018-12 (authoritative),
2019-01-01,NON_TRADING_DAY,authoritative,TWSE FMTQIK 2019-01 (authoritative),
2019-01-31,NON_TRADING_DAY,authoritative,TWSE FMTQIK 2019-01 (authoritative),
2019-02-01,NON_TRADING_DAY,authoritative,TWSE FMTQIK 2019-02 (authoritative),
2019-02-04,NON_TRADING_DAY,authoritative,TWSE FMTQIK 2019-02 (authoritative),
2019-02-05,NON_TRADING_DAY,authoritative,TWSE FMTQIK 2019-02 (authoritative),
2019-02-06,NON_TRADING_DAY,authoritative,TWSE FMTQIK 2019-02 (authoritative),
2019-02-07,NON_TRADING_DAY,authoritative,TWSE FMTQIK 2019-02 (authoritative),
2019-02-08,NON_TRADING_DAY,authoritative,TWSE FMTQIK 2019-02 (authoritative),
2019-02-28,NON_TRADING_DAY,authoritative,TWSE FMTQIK 2019-02 (authoritative),
2019-03-01,NON_TRADING_DAY,authoritative,TWSE FMTQIK 2019-03 (authoritative),
2019-04-04,NON_TRADING_DAY,authoritative,TWSE FMTQIK 2019-04 (authoritative),
2019-04-05,NON_TRADING_DAY,authoritative,TWSE FMTQIK 2019-04 (authoritative),
2019-05-01,NON_TRADING_DAY,authoritative,TWSE FMTQIK 2019-05 (authoritative),
2019-06-07,NON_TRADING_DAY,authoritative,TWSE FMTQIK 2019-06 (authoritative),
2019-08-09,NON_TRADING_DAY,authoritative,TWSE FMTQIK 2019-08 (authoritative),
2019-09-13,NON_TRADING_DAY,authoritative,TWSE FMTQIK 2019-09 (authoritative),
2019-09-30,NON_TRADING_DAY,authoritative,TWSE FMTQIK 2019-09 (authoritative),
2019-10-10,NON_TRADING_DAY,authoritative,TWSE FMTQIK 2019-10 (authoritative),
2019-10-11,NON_TRADING_DAY,authoritative,TWSE FMTQIK 2019-10 (authoritative),
2020-01-01,NON_TRADING_DAY,authoritative,TWSE FMTQIK 2020-01 (authoritative),
2020-01-21,NON_TRADING_DAY,authoritative,TWSE FMTQIK 2020-01 (authoritative),
2020-01-22,NON_TRADING_DAY,authoritative,TWSE FMTQIK 2020-01 (authoritative),
2020-01-23,NON_TRADING_DAY,authoritative,TWSE FMTQIK 2020-01 (authoritative),
2020-01-24,NON_TRADING_DAY,authoritative,TWSE FMTQIK 2020-01 (authoritative),
2020-01-27,NON_TRADING_DAY,authoritative,TWSE FMTQIK 2020-01 (authoritative),
2020-01-28,NON_TRADING_DAY,authoritative,TWSE FMTQIK 2020-01 (authoritative),
2020-01-29,NON_TRADING_DAY,authoritative,TWSE FMTQIK 2020-01 (authoritative),
2020-02-28,NON_TRADING_DAY,authoritative,TWSE FMTQIK 2020-02 (authoritative),
2020-04-02,NON_TRADING_DAY,authoritative,TWSE FMTQIK 2020-04 (authoritative),
2020-04-03,NON_TRADING_DAY,authoritative,TWSE FMTQIK 2020-04 (authoritative),
2020-05-01,NON_TRADING_DAY,authoritative,TWSE FMTQIK 2020-05 (authoritative),
2020-06-25,NON_TRADING_DAY,authoritative,TWSE FMTQIK 2020-06 (authoritative),
2020-06-26,NON_TRADING_DAY,authoritative,TWSE FMTQIK 2020-06 (authoritative),
2020-10-01,NON_TRADING_DAY,authoritative,TWSE FMTQIK 2020-10 (authoritative),
2020-10-02,NON_TRADING_DAY,authoritative,TWSE FMTQIK 2020-10 (authoritative),
2020-10-09,NON_TRADING_DAY,authoritative,TWSE FMTQIK 2020-10 (authoritative),
2021-01-01,NON_TRADING_DAY,authoritative,TWSE FMTQIK 2021-01 (authoritative),
2021-02-08,NON_TRADING_DAY,authoritative,TWSE FMTQIK 2021-02 (authoritative),
2021-02-09,NON_TRADING_DAY,authoritative,TWSE FMTQIK 2021-02 (authoritative),
2021-02-10,NON_TRADING_DAY,authoritative,TWSE FMTQIK 2021-02 (authoritative),
2021-02-11,NON_TRADING_DAY,authoritative,TWSE FMTQIK 2021-02 (authoritative),
2021-02-12,NON_TRADING_DAY,authoritative,TWSE FMTQIK 2021-02 (authoritative),
2021-02-15,NON_TRADING_DAY,authoritative,TWSE FMTQIK 2021-02 (authoritative),
2021-02-16,NON_TRADING_DAY,authoritative,TWSE FMTQIK 2021-02 (authoritative),
2021-03-01,NON_TRADING_DAY,authoritative,TWSE FMTQIK 2021-03 (authoritative),
2021-04-02,NON_TRADING_DAY,authoritative,TWSE FMTQIK 2021-04 (authoritative),
2021-04-05,NON_TRADING_DAY,authoritative,TWSE FMTQIK 2021-04 (authoritative),
2021-04-30,NON_TRADING_DAY,authoritative,TWSE FMTQIK 2021-04 (authoritative),
2021-06-14,NON_TRADING_DAY,authoritative,TWSE FMTQIK 2021-06 (authoritative),
2021-09-20,NON_TRADING_DAY,authoritative,TWSE FMTQIK 2021-09 (authoritative),
2021-09-21,NON_TRADING_DAY,authoritative,TWSE FMTQIK 2021-09 (authoritative),
2021-10-11,NON_TRADING_DAY,authoritative,TWSE FMTQIK 2021-10 (authoritative),
