case_type,date,stock_id,close_to_ma120_current,close_to_ma120_online_asof,n60_current,n60_online_asof,adjusted_close,raw_close,Trading_money,adjusted_turnover_pct,raw_turnover_pct
ONLINE_MA120_GATE_FLIP,2018-10-08,0050,0.0003670770455772576,-0.004009959900401094,,,,,,,
ONLINE_MA120_GATE_FLIP,2018-10-09,0050,0.0032508956571370984,-0.0010699251052427305,,,,,,,
ONLINE_MA120_GATE_FLIP,2019-08-07,0050,0.003218958910255365,-0.004253059652154945,,,,,,,
ONLINE_MA120_GATE_FLIP,2019-08-13,0050,0.0014267604381359433,-0.0058212058212058215,,,,,,,
ONLINE_MA120_GATE_FLIP,2019-08-28,0050,0.005290400608796153,-0.0012112177396813584,,,,,,,
ONLINE_MA120_GATE_FLIP,2020-02-03,0050,0.030346108560507012,-0.0015370312405104114,,,,,,,
ONLINE_MA120_GATE_FLIP,2020-02-24,0050,0.022325436525803877,-0.005248848795432859,,,,,,,
ONLINE_MA120_GATE_FLIP,2020-02-25,0050,0.024009956600547167,-0.0033460803059274236,,,,,,,
ONLINE_MA120_GATE_FLIP,2020-02-26,0050,0.012632467401237912,-0.014162120460682215,,,,,,,
ONLINE_MA120_GATE_FLIP,2020-02-27,0050,0.0025060467110606943,-0.023768009543911117,,,,,,,
ONLINE_MA120_GATE_FLIP,2020-03-03,0050,4.961659557856102e-05,-0.02565982404692091,,,,,,,
ONLINE_MA120_GATE_FLIP,2020-03-04,0050,0.005882808962559993,-0.019721869891522914,,,,,,,
ONLINE_N60_FLIP,2016-03-03,0050,,,True,False,,,,,
ONLINE_N60_FLIP,2016-03-10,0050,,,True,False,,,,,
ONLINE_N60_FLIP,2016-03-17,0050,,,True,False,,,,,
ONLINE_N60_FLIP,2016-06-07,0050,,,True,False,,,,,
ONLINE_N60_FLIP,2016-06-30,0050,,,True,False,,,,,
ONLINE_N60_FLIP,2016-07-11,0050,,,True,False,,,,,
ONLINE_N60_FLIP,2016-07-21,0050,,,True,False,,,,,
ONLINE_N60_FLIP,2016-07-27,0050,,,True,False,,,,,
ONLINE_N60_FLIP,2016-08-01,0050,,,True,False,,,,,
ONLINE_N60_FLIP,2016-08-05,0050,,,True,False,,,,,
ONLINE_N60_FLIP,2016-09-23,0050,,,True,False,,,,,
ONLINE_N60_FLIP,2016-10-12,0050,,,True,False,,,,,
RAW_CLOSE_GATE_ADDS,2016-01-04,1108,,,,,5.976258,10.0,813850.0,,
RAW_CLOSE_GATE_ADDS,2016-01-04,1218,,,,,8.195481,11.8,4841686.0,,
RAW_CLOSE_GATE_ADDS,2016-01-04,1220,,,,,6.699391,10.65,571160.0,,
RAW_CLOSE_GATE_ADDS,2016-01-04,1229,,,,,6.153917,19.0,9177138.0,,
RAW_CLOSE_GATE_ADDS,2016-01-04,1231,,,,,9.443165,28.2,2595029.0,,
RAW_CLOSE_GATE_ADDS,2016-01-04,1235,,,,,5.2923,19.2,280080.0,,
RAW_CLOSE_GATE_ADDS,2016-01-04,1304,,,,,8.519781,12.75,31026473.0,,
RAW_CLOSE_GATE_ADDS,2016-01-04,1305,,,,,7.618342,14.75,39599366.0,,
RAW_CLOSE_GATE_ADDS,2016-01-04,1308,,,,,9.71733,17.0,7019455.0,,
RAW_CLOSE_GATE_ADDS,2016-01-04,1324,,,,,8.763509,11.15,66927.0,,
RAW_CLOSE_GATE_ADDS,2016-01-04,1437,,,,,8.373961,12.15,1731323.0,,
RAW_CLOSE_GATE_ADDS,2016-01-04,1442,,,,,7.3925,16.95,1024446.0,,
FINAL_UNIVERSE_RAW_ADDS,2016-01-04,1305,,,,,7.618342,14.75,39599366.0,,0.23321234119782214
FINAL_UNIVERSE_RAW_ADDS,2016-01-04,1729,,,,,70.6,70.6,33299040.0,0.2751677852348993,0.24591651542649728
FINAL_UNIVERSE_RAW_ADDS,2016-01-04,2227,,,,,145.98815,275.0,32910021.0,0.2785234899328859,0.24863883847549909
FINAL_UNIVERSE_RAW_ADDS,2016-01-04,2303,,,,,7.091,11.8,529990078.0,,0.022686025408348458
FINAL_UNIVERSE_RAW_ADDS,2016-01-04,2324,,,,,9.881468,18.0,305893763.0,,0.05263157894736842
FINAL_UNIVERSE_RAW_ADDS,2016-01-04,2353,,,,,7.12727,11.6,116720510.0,,0.1397459165154265
FINAL_UNIVERSE_RAW_ADDS,2016-01-04,2362,,,,,20.569962,30.65,35847503.0,0.26733780760626397,0.23865698729582577
FINAL_UNIVERSE_RAW_ADDS,2016-01-04,2397,,,,,24.417689,45.0,40828040.0,0.25615212527964204,0.22867513611615245
FINAL_UNIVERSE_RAW_ADDS,2016-01-04,2606,,,,,15.60981,26.0,33383173.0,0.2740492170022371,0.24500907441016334
FINAL_UNIVERSE_RAW_ADDS,2016-01-04,2610,,,,,8.905656,11.45,300757232.0,,0.056261343012704176
FINAL_UNIVERSE_RAW_ADDS,2016-01-04,2615,,,,,8.719131,17.4,360859972.0,,0.0426497277676951
FINAL_UNIVERSE_RAW_ADDS,2016-01-04,2634,,,,,28.492645,39.4,34267250.0,0.27181208053691275,0.2422867513611615
