item_id,column,parameter_version,table,classification,proof_scope,persisted_row_membership_sensitive,percentile_output_membership_sensitive,note
L2-T01,close_to_ma20,MA20,stock_features,PROVEN_INVARIANT_TO_COMMON_POSITIVE_SCALE,dimensionless/order/return formula under full-window common positive scale,True,True,value classification only; publication-time PIT not established
L2-T01,close_to_ma60,MA60,stock_features,PROVEN_INVARIANT_TO_COMMON_POSITIVE_SCALE,dimensionless/order/return formula under full-window common positive scale,True,True,value classification only; publication-time PIT not established
L2-T01,close_to_ma120,MA120,stock_features,PROVEN_INVARIANT_TO_COMMON_POSITIVE_SCALE,dimensionless/order/return formula under full-window common positive scale,True,True,value classification only; publication-time PIT not established
L2-T01,close_to_ma250,MA250,stock_features,PROVEN_INVARIANT_TO_COMMON_POSITIVE_SCALE,dimensionless/order/return formula under full-window common positive scale,True,True,value classification only; publication-time PIT not established
L2-T01,ma_order_score,MA20/60/120/250,stock_features,PROVEN_INVARIANT_TO_COMMON_POSITIVE_SCALE,dimensionless/order/return formula under full-window common positive scale,True,True,value classification only; publication-time PIT not established
L2-T01,ma20_slope10,MA20/10,stock_features,PROVEN_INVARIANT_TO_COMMON_POSITIVE_SCALE,dimensionless/order/return formula under full-window common positive scale,True,True,value classification only; publication-time PIT not established
L2-T01,ma60_slope10,MA60/10,stock_features,PROVEN_INVARIANT_TO_COMMON_POSITIVE_SCALE,dimensionless/order/return formula under full-window common positive scale,True,True,value classification only; publication-time PIT not established
L2-T01,ma120_slope10,MA120/10,stock_features,PROVEN_INVARIANT_TO_COMMON_POSITIVE_SCALE,dimensionless/order/return formula under full-window common positive scale,True,True,value classification only; publication-time PIT not established
L2-T01,ma250_slope10,MA250/10,stock_features,PROVEN_INVARIANT_TO_COMMON_POSITIVE_SCALE,dimensionless/order/return formula under full-window common positive scale,True,True,value classification only; publication-time PIT not established
L2-T02,distance_250_high,250,stock_features,PROVEN_INVARIANT_TO_COMMON_POSITIVE_SCALE,dimensionless/order/return formula under full-window common positive scale,True,True,value classification only; publication-time PIT not established
L2-T02,distance_250_low,250,stock_features,PROVEN_INVARIANT_TO_COMMON_POSITIVE_SCALE,dimensionless/order/return formula under full-window common positive scale,True,True,value classification only; publication-time PIT not established
L2-T02,sessions_since_prior_250_high,250,stock_features,PROVEN_INVARIANT_TO_COMMON_POSITIVE_SCALE,dimensionless/order/return formula under full-window common positive scale,True,True,value classification only; publication-time PIT not established
L2-T03,atr21_pct,ATR21,stock_features,PROVEN_INVARIANT_TO_COMMON_POSITIVE_SCALE,dimensionless/order/return formula under full-window common positive scale,True,True,value classification only; publication-time PIT not established
L2-T03,rv20,20,stock_features,PROVEN_INVARIANT_TO_COMMON_POSITIVE_SCALE,dimensionless/order/return formula under full-window common positive scale,True,True,value classification only; publication-time PIT not established
L2-T03,rv60,60,stock_features,PROVEN_INVARIANT_TO_COMMON_POSITIVE_SCALE,dimensionless/order/return formula under full-window common positive scale,True,True,value classification only; publication-time PIT not established
L2-T03,rv20_rv60_ratio,20/60,stock_features,PROVEN_INVARIANT_TO_COMMON_POSITIVE_SCALE,dimensionless/order/return formula under full-window common positive scale,True,True,value classification only; publication-time PIT not established
L2-T04,bollinger_bandwidth_14_2,14/2,stock_features,PROVEN_INVARIANT_TO_COMMON_POSITIVE_SCALE,dimensionless/order/return formula under full-window common positive scale,True,True,value classification only; publication-time PIT not established
L2-T04,bollinger_bandwidth_pctile120,14/2/120,stock_features,PROVEN_INVARIANT_TO_COMMON_POSITIVE_SCALE,dimensionless/order/return formula under full-window common positive scale,True,True,value classification only; publication-time PIT not established
L2-T04,bollinger_channel_position_14_2,14/2,stock_features,PROVEN_INVARIANT_TO_COMMON_POSITIVE_SCALE,dimensionless/order/return formula under full-window common positive scale,True,True,value classification only; publication-time PIT not established
L2-T05,volume_ratio_5_20,5/20,stock_features,PROVEN_INVARIANT_TO_SPECIFIED_STOCK_ADJUSTMENT,does not consume adjusted OHLC value,True,True,value classification only; publication-time PIT not established
L2-T05,volume_ratio_20_60,20/60,stock_features,PROVEN_INVARIANT_TO_SPECIFIED_STOCK_ADJUSTMENT,does not consume adjusted OHLC value,True,True,value classification only; publication-time PIT not established
L2-T05,amount_mean20_twd,20,stock_features,PROVEN_INVARIANT_TO_SPECIFIED_STOCK_ADJUSTMENT,does not consume adjusted OHLC value,True,True,value classification only; publication-time PIT not established
L2-T05,turnover_value_ratio,daily,stock_features,PROVEN_INVARIANT_TO_SPECIFIED_STOCK_ADJUSTMENT,does not consume adjusted OHLC value,True,True,value classification only; publication-time PIT not established
L2-T05,volume_dryup_prior5_20,prior5/prior20,stock_features,PROVEN_INVARIANT_TO_SPECIFIED_STOCK_ADJUSTMENT,does not consume adjusted OHLC value,True,True,value classification only; publication-time PIT not established
L2-T05,up_day_volume_share20,20,stock_features,PROVEN_INVARIANT_TO_COMMON_POSITIVE_SCALE,dimensionless/order/return formula under full-window common positive scale,True,True,value classification only; publication-time PIT not established
L2-T06,rsi13,RSI13,stock_features,PROVEN_INVARIANT_TO_COMMON_POSITIVE_SCALE,dimensionless/order/return formula under full-window common positive scale,True,True,value classification only; publication-time PIT not established
L2-T06,rsi14,RSI14,stock_features,PROVEN_INVARIANT_TO_COMMON_POSITIVE_SCALE,dimensionless/order/return formula under full-window common positive scale,True,True,value classification only; publication-time PIT not established
L2-T06,rsi26,RSI26,stock_features,PROVEN_INVARIANT_TO_COMMON_POSITIVE_SCALE,dimensionless/order/return formula under full-window common positive scale,True,True,value classification only; publication-time PIT not established
L2-T06,rsi13_minus_rsi26,13-26,stock_features,PROVEN_INVARIANT_TO_COMMON_POSITIVE_SCALE,dimensionless/order/return formula under full-window common positive scale,True,True,value classification only; publication-time PIT not established
L2-T06,rsi14_slope5,RSI14/5,stock_features,PROVEN_INVARIANT_TO_COMMON_POSITIVE_SCALE,dimensionless/order/return formula under full-window common positive scale,True,True,value classification only; publication-time PIT not established
L2-T07,kd_k_9_3_3,9/3/3,stock_features,PROVEN_INVARIANT_TO_COMMON_POSITIVE_SCALE,dimensionless/order/return formula under full-window common positive scale,True,True,value classification only; publication-time PIT not established
L2-T07,kd_d_9_3_3,9/3/3,stock_features,PROVEN_INVARIANT_TO_COMMON_POSITIVE_SCALE,dimensionless/order/return formula under full-window common positive scale,True,True,value classification only; publication-time PIT not established
L2-T07,kd_high_saturation_days80,80,stock_features,PROVEN_INVARIANT_TO_COMMON_POSITIVE_SCALE,dimensionless/order/return formula under full-window common positive scale,True,True,value classification only; publication-time PIT not established
L2-T07,kd_low_saturation_days20,20,stock_features,PROVEN_INVARIANT_TO_COMMON_POSITIVE_SCALE,dimensionless/order/return formula under full-window common positive scale,True,True,value classification only; publication-time PIT not established
L2-T08,macd_hist_12_26_9,12/26/9,stock_features,PROVEN_AFFECTED_VALUE,price-unit formula scales with adjusted price,True,True,value classification only; publication-time PIT not established
L2-T08,macd_hist_slope5,12/26/9 slope5,stock_features,PROVEN_AFFECTED_VALUE,price-unit formula scales with adjusted price,True,True,value classification only; publication-time PIT not established
L2-T08,cci20,20,stock_features,PROVEN_INVARIANT_TO_COMMON_POSITIVE_SCALE,dimensionless/order/return formula under full-window common positive scale,True,True,value classification only; publication-time PIT not established
L2-T08,williams_r14,14,stock_features,PROVEN_INVARIANT_TO_COMMON_POSITIVE_SCALE,dimensionless/order/return formula under full-window common positive scale,True,True,value classification only; publication-time PIT not established
L3-G01,industry,PIT interval,stock_features,PROVEN_INVARIANT_TO_SPECIFIED_STOCK_ADJUSTMENT,does not consume adjusted OHLC value,True,False,value classification only; publication-time PIT not established
L3-G01,market_cap_twd,daily,stock_features,PROVEN_INVARIANT_TO_SPECIFIED_STOCK_ADJUSTMENT,does not consume adjusted OHLC value,True,True,value classification only; publication-time PIT not established
L3-G01,market_cap_tier,tercile,stock_features,PROVEN_AFFECTED_VIA_UNIVERSE,eligible cross-section can change,True,False,value classification only; publication-time PIT not established
L3-G01,liquidity_tier,tercile,stock_features,PROVEN_AFFECTED_VIA_UNIVERSE,eligible cross-section can change,True,False,value classification only; publication-time PIT not established
L3-G01,volatility_cluster,tercile,stock_features,PROVEN_AFFECTED_VIA_UNIVERSE,eligible cross-section can change,True,False,value classification only; publication-time PIT not established
L3-G02,theme_membership,dated membership,stock_features,INSUFFICIENT_EVIDENCE,source itself BLOCKED_DATA,True,False,value classification only; publication-time PIT not established
L3-R01,rs_market_20,market/20,stock_features,PROVEN_INVARIANT_TO_COMMON_POSITIVE_SCALE,dimensionless/order/return formula under full-window common positive scale,True,True,value classification only; publication-time PIT not established
L3-R01,rs_industry_20,industry/20,stock_features,PROVEN_AFFECTED_VIA_UNIVERSE,eligible cross-section can change,True,True,value classification only; publication-time PIT not established
L3-R01,rs_market_60,market/60,stock_features,PROVEN_INVARIANT_TO_COMMON_POSITIVE_SCALE,dimensionless/order/return formula under full-window common positive scale,True,True,value classification only; publication-time PIT not established
L3-R01,rs_industry_60,industry/60,stock_features,PROVEN_AFFECTED_VIA_UNIVERSE,eligible cross-section can change,True,True,value classification only; publication-time PIT not established
L3-R01,rs_market_120,market/120,stock_features,PROVEN_INVARIANT_TO_COMMON_POSITIVE_SCALE,dimensionless/order/return formula under full-window common positive scale,True,True,value classification only; publication-time PIT not established
L3-R01,rs_industry_120,industry/120,stock_features,PROVEN_AFFECTED_VIA_UNIVERSE,eligible cross-section can change,True,True,value classification only; publication-time PIT not established
L3-R02,beta60_market,60,stock_features,PROVEN_INVARIANT_TO_COMMON_POSITIVE_SCALE,dimensionless/order/return formula under full-window common positive scale,True,True,value classification only; publication-time PIT not established
L3-R02,corr60_market,60,stock_features,PROVEN_INVARIANT_TO_COMMON_POSITIVE_SCALE,dimensionless/order/return formula under full-window common positive scale,True,True,value classification only; publication-time PIT not established
L3-R02,resid_vol60_market,60,stock_features,PROVEN_INVARIANT_TO_COMMON_POSITIVE_SCALE,dimensionless/order/return formula under full-window common positive scale,True,True,value classification only; publication-time PIT not established
L3-I01,industry_rs_market_20,20,stock_features,PROVEN_AFFECTED_VIA_UNIVERSE,eligible cross-section can change,True,True,value classification only; publication-time PIT not established
L3-I01,industry_strength_rank_20,20,stock_features,PROVEN_AFFECTED_VIA_UNIVERSE,eligible cross-section can change,True,False,value classification only; publication-time PIT not established
L3-I01,industry_rs_market_60,60,stock_features,PROVEN_AFFECTED_VIA_UNIVERSE,eligible cross-section can change,True,True,value classification only; publication-time PIT not established
L3-I01,industry_strength_rank_60,60,stock_features,PROVEN_AFFECTED_VIA_UNIVERSE,eligible cross-section can change,True,False,value classification only; publication-time PIT not established
L3-I01,industry_rs_market_120,120,stock_features,PROVEN_AFFECTED_VIA_UNIVERSE,eligible cross-section can change,True,True,value classification only; publication-time PIT not established
L3-I01,industry_strength_rank_120,120,stock_features,PROVEN_AFFECTED_VIA_UNIVERSE,eligible cross-section can change,True,False,value classification only; publication-time PIT not established
L3-M01,market_to_ma200,200,market_context,PROVEN_INVARIANT_TO_SPECIFIED_STOCK_ADJUSTMENT,separate TAIEX TRI source,False,False,value classification only; publication-time PIT not established
L3-M01,market_rv20,20,market_context,PROVEN_INVARIANT_TO_SPECIFIED_STOCK_ADJUSTMENT,separate TAIEX TRI source,False,False,value classification only; publication-time PIT not established
L3-M01,market_position252,252,market_context,PROVEN_INVARIANT_TO_SPECIFIED_STOCK_ADJUSTMENT,separate TAIEX TRI source,False,False,value classification only; publication-time PIT not established
RANDOM_CONTROL,random_control_01,seed=1001,stock_features,PROVEN_INVARIANT_TO_SPECIFIED_STOCK_ADJUSTMENT,does not consume adjusted OHLC value,True,True,value classification only; publication-time PIT not established
RANDOM_CONTROL,random_control_02,seed=1002,stock_features,PROVEN_INVARIANT_TO_SPECIFIED_STOCK_ADJUSTMENT,does not consume adjusted OHLC value,True,True,value classification only; publication-time PIT not established
RANDOM_CONTROL,random_control_03,seed=1003,stock_features,PROVEN_INVARIANT_TO_SPECIFIED_STOCK_ADJUSTMENT,does not consume adjusted OHLC value,True,True,value classification only; publication-time PIT not established
RANDOM_CONTROL,random_control_04,seed=1004,stock_features,PROVEN_INVARIANT_TO_SPECIFIED_STOCK_ADJUSTMENT,does not consume adjusted OHLC value,True,True,value classification only; publication-time PIT not established
RANDOM_CONTROL,random_control_05,seed=1005,stock_features,PROVEN_INVARIANT_TO_SPECIFIED_STOCK_ADJUSTMENT,does not consume adjusted OHLC value,True,True,value classification only; publication-time PIT not established
RANDOM_CONTROL,random_control_06,seed=1006,stock_features,PROVEN_INVARIANT_TO_SPECIFIED_STOCK_ADJUSTMENT,does not consume adjusted OHLC value,True,True,value classification only; publication-time PIT not established
RANDOM_CONTROL,random_control_07,seed=1007,stock_features,PROVEN_INVARIANT_TO_SPECIFIED_STOCK_ADJUSTMENT,does not consume adjusted OHLC value,True,True,value classification only; publication-time PIT not established
RANDOM_CONTROL,random_control_08,seed=1008,stock_features,PROVEN_INVARIANT_TO_SPECIFIED_STOCK_ADJUSTMENT,does not consume adjusted OHLC value,True,True,value classification only; publication-time PIT not established
RANDOM_CONTROL,random_control_09,seed=1009,stock_features,PROVEN_INVARIANT_TO_SPECIFIED_STOCK_ADJUSTMENT,does not consume adjusted OHLC value,True,True,value classification only; publication-time PIT not established
RANDOM_CONTROL,random_control_10,seed=1010,stock_features,PROVEN_INVARIANT_TO_SPECIFIED_STOCK_ADJUSTMENT,does not consume adjusted OHLC value,True,True,value classification only; publication-time PIT not established
