year,item_id,feature_key,feature,parameter_version,status,n_eligible,n_valid,missing_rate,SOURCE_MISSING_INDUSTRY_PIT,SOURCE_MISSING_MARKET_VALUE,VALID,WARMUP_INSUFFICIENT
2016,L2-T01,ma_position,close_to_ma20,MA20,COMPLETE,57650,57549,0.0017519514310494477,0.0,0.0,57549.0,101.0
2016,L2-T01,ma_position,close_to_ma60,MA60,COMPLETE,57650,57425,0.0039028620988724727,0.0,0.0,57425.0,225.0
2016,L2-T01,ma_position,close_to_ma120,MA120,COMPLETE,57650,57282,0.006383347788378124,0.0,0.0,57282.0,368.0
2016,L2-T01,ma_position,close_to_ma250,MA250,COMPLETE,57650,34396,0.4033651344319168,0.0,0.0,34396.0,23254.0
2016,L2-T01,ma_alignment,ma_order_score,MA20/60/120/250,COMPLETE,57650,34396,0.4033651344319168,0.0,0.0,34396.0,23254.0
2016,L2-T01,ma_slope,ma20_slope10,MA20/10,COMPLETE,57650,57513,0.0023764093668690034,0.0,0.0,57513.0,137.0
2016,L2-T01,ma_slope,ma60_slope10,MA60/10,COMPLETE,57650,57393,0.004457935819601078,0.0,0.0,57393.0,257.0
2016,L2-T01,ma_slope,ma120_slope10,MA120/10,COMPLETE,57650,57250,0.006938421509106729,0.0,0.0,57250.0,400.0
2016,L2-T01,ma_slope,ma250_slope10,MA250/10,COMPLETE,57650,32098,0.4432263660017346,0.0,0.0,32098.0,25552.0
2016,L2-T02,distance_250_high,distance_250_high,250,COMPLETE,57650,34396,0.4033651344319168,0.0,0.0,34396.0,23254.0
2016,L2-T02,distance_250_low,distance_250_low,250,COMPLETE,57650,34396,0.4033651344319168,0.0,0.0,34396.0,23254.0
2016,L2-T02,sessions_since_prior_high,sessions_since_prior_250_high,250,COMPLETE,57650,57642,0.00013876843018212348,0.0,0.0,57642.0,8.0
2016,L2-T03,atr_pct,atr21_pct,ATR21,COMPLETE,57650,57546,0.0018039895923677163,0.0,0.0,57546.0,104.0
2016,L2-T03,realized_volatility,rv20,20,COMPLETE,57650,57546,0.0018039895923677163,0.0,0.0,57546.0,104.0
2016,L2-T03,realized_volatility,rv60,60,COMPLETE,57650,57422,0.003954900260190852,0.0,0.0,57422.0,228.0
2016,L2-T03,volatility_ratio,rv20_rv60_ratio,20/60,COMPLETE,57650,57422,0.003954900260190852,0.0,0.0,57422.0,228.0
2016,L2-T04,bollinger_bandwidth,bollinger_bandwidth_14_2,14/2,COMPLETE,57650,57577,0.0012662619254120155,0.0,0.0,57577.0,73.0
2016,L2-T04,bollinger_bandwidth_percentile,bollinger_bandwidth_pctile120,14/2/120,COMPLETE,57650,57248,0.0069731136166522045,0.0,0.0,57248.0,402.0
2016,L2-T04,bollinger_channel_position,bollinger_channel_position_14_2,14/2,COMPLETE,57650,57577,0.0012662619254120155,0.0,0.0,57577.0,73.0
2016,L2-T05,volume_ratio,volume_ratio_5_20,5/20,COMPLETE,57650,57549,0.0017519514310494477,0.0,0.0,57549.0,101.0
2016,L2-T05,volume_ratio,volume_ratio_20_60,20/60,COMPLETE,57650,57425,0.0039028620988724727,0.0,0.0,57425.0,225.0
2016,L2-T05,average_trading_amount,amount_mean20_twd,20,COMPLETE,57650,57549,0.0017519514310494477,0.0,0.0,57549.0,101.0
2016,L2-T05,turnover_value_ratio,turnover_value_ratio,daily,COMPLETE,57650,56593,0.018334778837814425,0.0,1057.0,56593.0,0.0
2016,L2-T05,volume_dryup_ratio,volume_dryup_prior5_20,prior5/prior20,COMPLETE,57650,57546,0.0018039895923677163,0.0,0.0,57546.0,104.0
2016,L2-T05,up_day_volume_share,up_day_volume_share20,20,COMPLETE,57650,57546,0.0018039895923677163,0.0,0.0,57546.0,104.0
2016,L2-T06,rsi_level,rsi13,RSI13,COMPLETE,57650,57577,0.0012662619254120155,0.0,0.0,57577.0,73.0
2016,L2-T06,rsi_level,rsi14,RSI14,COMPLETE,57650,57572,0.0013529921942757595,0.0,0.0,57572.0,78.0
2016,L2-T06,rsi_level,rsi26,RSI26,COMPLETE,57650,57525,0.002168256721595818,0.0,0.0,57525.0,125.0
2016,L2-T06,rsi_difference,rsi13_minus_rsi26,13-26,COMPLETE,57650,57525,0.002168256721595818,0.0,0.0,57525.0,125.0
2016,L2-T06,rsi_slope,rsi14_slope5,RSI14/5,COMPLETE,57650,57549,0.0017519514310494477,0.0,0.0,57549.0,101.0
2016,L2-T07,kd_k,kd_k_9_3_3,9/3/3,COMPLETE,57650,57593,0.0009887250650476576,0.0,0.0,57593.0,57.0
2016,L2-T07,kd_d,kd_d_9_3_3,9/3/3,COMPLETE,57650,57583,0.0011621856027753674,0.0,0.0,57583.0,67.0
2016,L2-T07,kd_high_saturation_days,kd_high_saturation_days80,80,COMPLETE,57650,57650,0.0,0.0,0.0,57650.0,0.0
2016,L2-T07,kd_low_saturation_days,kd_low_saturation_days20,20,COMPLETE,57650,57650,0.0,0.0,0.0,57650.0,0.0
2016,L2-T08,macd_histogram,macd_hist_12_26_9,12/26/9,COMPLETE,57650,57501,0.0025845620121421886,0.0,0.0,57501.0,149.0
2016,L2-T08,macd_histogram_slope,macd_hist_slope5,12/26/9 slope5,COMPLETE,57650,57489,0.002792714657415485,0.0,0.0,57489.0,161.0
2016,L2-T08,cci,cci20,20,COMPLETE,57650,57549,0.0017519514310494477,0.0,0.0,57549.0,101.0
2016,L2-T08,williams_r,williams_r14,14,COMPLETE,57650,57577,0.0012662619254120155,0.0,0.0,57577.0,73.0
2016,L3-G01,pit_industry,industry,PIT interval,COMPLETE,57650,53326,0.07500433651344318,4324.0,0.0,53326.0,0.0
2016,L3-G01,market_cap,market_cap_twd,daily,COMPLETE,57650,56593,0.018334778837814425,0.0,1057.0,56593.0,0.0
2016,L3-G01,market_cap_tier,market_cap_tier,tercile,COMPLETE,57650,56593,0.018334778837814425,0.0,1057.0,56593.0,0.0
2016,L3-G01,liquidity_tier,liquidity_tier,tercile,COMPLETE,57650,57549,0.0017519514310494477,0.0,0.0,57549.0,101.0
2016,L3-G01,volatility_cluster,volatility_cluster,tercile,COMPLETE,57650,57422,0.003954900260190852,0.0,0.0,57422.0,228.0
2016,L3-R01,relative_strength_market,rs_market_20,market/20,COMPLETE,57650,57546,0.0018039895923677163,0.0,0.0,57546.0,104.0
2016,L3-R01,relative_strength_industry,rs_industry_20,industry/20,COMPLETE,57650,53251,0.07630529054640067,4324.0,0.0,53251.0,75.0
2016,L3-R01,relative_strength_market,rs_market_60,market/60,COMPLETE,57650,57422,0.003954900260190852,0.0,0.0,57422.0,228.0
2016,L3-R01,relative_strength_industry,rs_industry_60,industry/60,COMPLETE,57650,53163,0.07783174327840414,4324.0,0.0,53163.0,163.0
2016,L3-R01,relative_strength_market,rs_market_120,market/120,COMPLETE,57650,57280,0.006418039895923711,0.0,0.0,57280.0,370.0
2016,L3-R01,relative_strength_industry,rs_industry_120,industry/120,COMPLETE,57650,53063,0.0795663486556808,4324.0,0.0,53063.0,263.0
2016,L3-R02,beta,beta60_market,60,COMPLETE,57650,57422,0.003954900260190852,0.0,0.0,57422.0,228.0
2016,L3-R02,market_correlation,corr60_market,60,COMPLETE,57650,57422,0.003954900260190852,0.0,0.0,57422.0,228.0
2016,L3-R02,residual_volatility,resid_vol60_market,60,COMPLETE,57650,57422,0.003954900260190852,0.0,0.0,57422.0,228.0
2016,L3-I01,industry_relative_strength_market,industry_rs_market_20,20,COMPLETE,57650,53326,0.07500433651344318,4324.0,0.0,53326.0,0.0
2016,L3-I01,industry_strength_rank,industry_strength_rank_20,20,COMPLETE,57650,53326,0.07500433651344318,4324.0,0.0,53326.0,0.0
2016,L3-I01,industry_relative_strength_market,industry_rs_market_60,60,COMPLETE,57650,53323,0.07505637467476145,4324.0,0.0,53323.0,3.0
2016,L3-I01,industry_strength_rank,industry_strength_rank_60,60,COMPLETE,57650,53323,0.07505637467476145,4324.0,0.0,53323.0,3.0
2016,L3-I01,industry_relative_strength_market,industry_rs_market_120,120,COMPLETE,57650,53320,0.07510841283607983,4324.0,0.0,53320.0,6.0
2016,L3-I01,industry_strength_rank,industry_strength_rank_120,120,COMPLETE,57650,53320,0.07510841283607983,4324.0,0.0,53320.0,6.0
2016,RANDOM_CONTROL,random_control,random_control_01,seed=1001,CONTROL,57650,57650,0.0,,,,
2016,RANDOM_CONTROL,random_control,random_control_02,seed=1002,CONTROL,57650,57650,0.0,,,,
2016,RANDOM_CONTROL,random_control,random_control_03,seed=1003,CONTROL,57650,57650,0.0,,,,
2016,RANDOM_CONTROL,random_control,random_control_04,seed=1004,CONTROL,57650,57650,0.0,,,,
2016,RANDOM_CONTROL,random_control,random_control_05,seed=1005,CONTROL,57650,57650,0.0,,,,
2016,RANDOM_CONTROL,random_control,random_control_06,seed=1006,CONTROL,57650,57650,0.0,,,,
2016,RANDOM_CONTROL,random_control,random_control_07,seed=1007,CONTROL,57650,57650,0.0,,,,
2016,RANDOM_CONTROL,random_control,random_control_08,seed=1008,CONTROL,57650,57650,0.0,,,,
2016,RANDOM_CONTROL,random_control,random_control_09,seed=1009,CONTROL,57650,57650,0.0,,,,
2016,RANDOM_CONTROL,random_control,random_control_10,seed=1010,CONTROL,57650,57650,0.0,,,,
2017,L2-T01,ma_position,close_to_ma20,MA20,COMPLETE,65831,65768,0.0009569959441600995,0.0,0.0,65768.0,63.0
2017,L2-T01,ma_position,close_to_ma60,MA60,COMPLETE,65831,65722,0.0016557548875150152,0.0,0.0,65722.0,109.0
2017,L2-T01,ma_position,close_to_ma120,MA120,COMPLETE,65831,65675,0.0023697042426820136,0.0,0.0,65675.0,156.0
2017,L2-T01,ma_position,close_to_ma250,MA250,COMPLETE,65831,65444,0.005878689371268897,0.0,0.0,65444.0,387.0
2017,L2-T01,ma_alignment,ma_order_score,MA20/60/120/250,COMPLETE,65831,65444,0.005878689371268897,0.0,0.0,65444.0,387.0
2017,L2-T01,ma_slope,ma20_slope10,MA20/10,COMPLETE,65831,65750,0.001230423356777255,0.0,0.0,65750.0,81.0
2017,L2-T01,ma_slope,ma60_slope10,MA60/10,COMPLETE,65831,65715,0.001762087770199483,0.0,0.0,65715.0,116.0
2017,L2-T01,ma_slope,ma120_slope10,MA120/10,COMPLETE,65831,65659,0.0026127508316750037,0.0,0.0,65659.0,172.0
2017,L2-T01,ma_slope,ma250_slope10,MA250/10,COMPLETE,65831,65405,0.006471115431939345,0.0,0.0,65405.0,426.0
2017,L2-T02,distance_250_high,distance_250_high,250,COMPLETE,65831,65444,0.005878689371268897,0.0,0.0,65444.0,387.0
2017,L2-T02,distance_250_low,distance_250_low,250,COMPLETE,65831,65444,0.005878689371268897,0.0,0.0,65444.0,387.0
2017,L2-T02,sessions_since_prior_high,sessions_since_prior_250_high,250,COMPLETE,65831,65827,6.076164724821975e-05,0.0,0.0,65827.0,4.0
2017,L2-T03,atr_pct,atr21_pct,ATR21,COMPLETE,65831,65767,0.0009721863559720711,0.0,0.0,65767.0,64.0
2017,L2-T03,realized_volatility,rv20,20,COMPLETE,65831,65767,0.0009721863559720711,0.0,0.0,65767.0,64.0
2017,L2-T03,realized_volatility,rv60,60,COMPLETE,65831,65720,0.0016861357111391806,0.0,0.0,65720.0,111.0
2017,L2-T03,volatility_ratio,rv20_rv60_ratio,20/60,COMPLETE,65831,65720,0.0016861357111391806,0.0,0.0,65720.0,111.0
2017,L2-T04,bollinger_bandwidth,bollinger_bandwidth_14_2,14/2,COMPLETE,65831,65772,0.0008962342969117687,0.0,0.0,65772.0,59.0
2017,L2-T04,bollinger_bandwidth_percentile,bollinger_bandwidth_pctile120,14/2/120,COMPLETE,65831,65654,0.002688702890735417,0.0,0.0,65654.0,177.0
2017,L2-T04,bollinger_channel_position,bollinger_channel_position_14_2,14/2,COMPLETE,65831,65772,0.0008962342969117687,0.0,0.0,65772.0,59.0
2017,L2-T05,volume_ratio,volume_ratio_5_20,5/20,COMPLETE,65831,65768,0.0009569959441600995,0.0,0.0,65768.0,63.0
2017,L2-T05,volume_ratio,volume_ratio_20_60,20/60,COMPLETE,65831,65722,0.0016557548875150152,0.0,0.0,65722.0,109.0
2017,L2-T05,average_trading_amount,amount_mean20_twd,20,COMPLETE,65831,65768,0.0009569959441600995,0.0,0.0,65768.0,63.0
2017,L2-T05,turnover_value_ratio,turnover_value_ratio,daily,COMPLETE,65831,64839,0.015068888517567713,0.0,992.0,64839.0,0.0
2017,L2-T05,volume_dryup_ratio,volume_dryup_prior5_20,prior5/prior20,COMPLETE,65831,65767,0.0009721863559720711,0.0,0.0,65767.0,64.0
2017,L2-T05,up_day_volume_share,up_day_volume_share20,20,COMPLETE,65831,65767,0.0009721863559720711,0.0,0.0,65767.0,64.0
2017,L2-T06,rsi_level,rsi13,RSI13,COMPLETE,65831,65772,0.0008962342969117687,0.0,0.0,65772.0,59.0
2017,L2-T06,rsi_level,rsi14,RSI14,COMPLETE,65831,65769,0.0009418055323480168,0.0,0.0,65769.0,62.0
2017,L2-T06,rsi_level,rsi26,RSI26,COMPLETE,65831,65756,0.0011392808859048698,0.0,0.0,65756.0,75.0
2017,L2-T06,rsi_difference,rsi13_minus_rsi26,13-26,COMPLETE,65831,65756,0.0011392808859048698,0.0,0.0,65756.0,75.0
2017,L2-T06,rsi_slope,rsi14_slope5,RSI14/5,COMPLETE,65831,65768,0.0009569959441600995,0.0,0.0,65768.0,63.0
2017,L2-T07,kd_k,kd_k_9_3_3,9/3/3,COMPLETE,65831,65776,0.000835472649663549,0.0,0.0,65776.0,55.0
2017,L2-T07,kd_d,kd_d_9_3_3,9/3/3,COMPLETE,65831,65773,0.000881043885099686,0.0,0.0,65773.0,58.0
2017,L2-T07,kd_high_saturation_days,kd_high_saturation_days80,80,COMPLETE,65831,65831,0.0,0.0,0.0,65831.0,0.0
2017,L2-T07,kd_low_saturation_days,kd_low_saturation_days20,20,COMPLETE,65831,65831,0.0,0.0,0.0,65831.0,0.0
2017,L2-T08,macd_histogram,macd_hist_12_26_9,12/26/9,COMPLETE,65831,65746,0.0012911850040254746,0.0,0.0,65746.0,85.0
2017,L2-T08,macd_histogram_slope,macd_hist_slope5,12/26/9 slope5,COMPLETE,65831,65739,0.0013975178867099425,0.0,0.0,65739.0,92.0
2017,L2-T08,cci,cci20,20,COMPLETE,65831,65768,0.0009569959441600995,0.0,0.0,65768.0,63.0
2017,L2-T08,williams_r,williams_r14,14,COMPLETE,65831,65772,0.0008962342969117687,0.0,0.0,65772.0,59.0
2017,L3-G01,pit_industry,industry,PIT interval,COMPLETE,65831,62180,0.055460193525846524,3651.0,0.0,62180.0,0.0
2017,L3-G01,market_cap,market_cap_twd,daily,COMPLETE,65831,64839,0.015068888517567713,0.0,992.0,64839.0,0.0
2017,L3-G01,market_cap_tier,market_cap_tier,tercile,COMPLETE,65831,64839,0.015068888517567713,0.0,992.0,64839.0,0.0
2017,L3-G01,liquidity_tier,liquidity_tier,tercile,COMPLETE,65831,65768,0.0009569959441600995,0.0,0.0,65768.0,63.0
2017,L3-G01,volatility_cluster,volatility_cluster,tercile,COMPLETE,65831,65720,0.0016861357111391806,0.0,0.0,65720.0,111.0
2017,L3-R01,relative_strength_market,rs_market_20,market/20,COMPLETE,65831,65767,0.0009721863559720711,0.0,0.0,65767.0,64.0
2017,L3-R01,relative_strength_industry,rs_industry_20,industry/20,COMPLETE,65831,62131,0.05620452370463769,3651.0,0.0,62131.0,49.0
2017,L3-R01,relative_strength_market,rs_market_60,market/60,COMPLETE,65831,65720,0.0016861357111391806,0.0,0.0,65720.0,111.0
2017,L3-R01,relative_strength_industry,rs_industry_60,industry/60,COMPLETE,65831,62084,0.056918473059804686,3651.0,0.0,62084.0,96.0
2017,L3-R01,relative_strength_market,rs_market_120,market/120,COMPLETE,65831,65673,0.002400085066306179,0.0,0.0,65673.0,158.0
2017,L3-R01,relative_strength_industry,rs_industry_120,industry/120,COMPLETE,65831,62040,0.057586851179535437,3651.0,0.0,62040.0,140.0
2017,L3-R02,beta,beta60_market,60,COMPLETE,65831,65720,0.0016861357111391806,0.0,0.0,65720.0,111.0
2017,L3-R02,market_correlation,corr60_market,60,COMPLETE,65831,65720,0.0016861357111391806,0.0,0.0,65720.0,111.0
2017,L3-R02,residual_volatility,resid_vol60_market,60,COMPLETE,65831,65720,0.0016861357111391806,0.0,0.0,65720.0,111.0
2017,L3-I01,industry_relative_strength_market,industry_rs_market_20,20,COMPLETE,65831,62180,0.055460193525846524,3651.0,0.0,62180.0,0.0
2017,L3-I01,industry_strength_rank,industry_strength_rank_20,20,COMPLETE,65831,62180,0.055460193525846524,3651.0,0.0,62180.0,0.0
2017,L3-I01,industry_relative_strength_market,industry_rs_market_60,60,COMPLETE,65831,62180,0.055460193525846524,3651.0,0.0,62180.0,0.0
2017,L3-I01,industry_strength_rank,industry_strength_rank_60,60,COMPLETE,65831,62180,0.055460193525846524,3651.0,0.0,62180.0,0.0
2017,L3-I01,industry_relative_strength_market,industry_rs_market_120,120,COMPLETE,65831,62176,0.055520955173094744,3651.0,0.0,62176.0,4.0
2017,L3-I01,industry_strength_rank,industry_strength_rank_120,120,COMPLETE,65831,62176,0.055520955173094744,3651.0,0.0,62176.0,4.0
2017,RANDOM_CONTROL,random_control,random_control_01,seed=1001,CONTROL,65831,65831,0.0,,,,
2017,RANDOM_CONTROL,random_control,random_control_02,seed=1002,CONTROL,65831,65831,0.0,,,,
2017,RANDOM_CONTROL,random_control,random_control_03,seed=1003,CONTROL,65831,65831,0.0,,,,
2017,RANDOM_CONTROL,random_control,random_control_04,seed=1004,CONTROL,65831,65831,0.0,,,,
2017,RANDOM_CONTROL,random_control,random_control_05,seed=1005,CONTROL,65831,65831,0.0,,,,
2017,RANDOM_CONTROL,random_control,random_control_06,seed=1006,CONTROL,65831,65831,0.0,,,,
2017,RANDOM_CONTROL,random_control,random_control_07,seed=1007,CONTROL,65831,65831,0.0,,,,
2017,RANDOM_CONTROL,random_control,random_control_08,seed=1008,CONTROL,65831,65831,0.0,,,,
2017,RANDOM_CONTROL,random_control,random_control_09,seed=1009,CONTROL,65831,65831,0.0,,,,
2017,RANDOM_CONTROL,random_control,random_control_10,seed=1010,CONTROL,65831,65831,0.0,,,,
2018,L2-T01,ma_position,close_to_ma20,MA20,COMPLETE,69933,69886,0.000672071840189914,0.0,0.0,69886.0,47.0
2018,L2-T01,ma_position,close_to_ma60,MA60,COMPLETE,69933,69828,0.0015014370897858953,0.0,0.0,69828.0,105.0
2018,L2-T01,ma_position,close_to_ma120,MA120,COMPLETE,69933,69722,0.0030171735804269684,0.0,0.0,69722.0,211.0
2018,L2-T01,ma_position,close_to_ma250,MA250,COMPLETE,69933,69411,0.007464287246364387,0.0,0.0,69411.0,522.0
2018,L2-T01,ma_alignment,ma_order_score,MA20/60/120/250,COMPLETE,69933,69411,0.007464287246364387,0.0,0.0,69411.0,522.0
2018,L2-T01,ma_slope,ma20_slope10,MA20/10,COMPLETE,69933,69865,0.000972359258147093,0.0,0.0,69865.0,68.0
2018,L2-T01,ma_slope,ma60_slope10,MA60/10,COMPLETE,69933,69813,0.0017159281026124518,0.0,0.0,69813.0,120.0
2018,L2-T01,ma_slope,ma120_slope10,MA120/10,COMPLETE,69933,69699,0.003346059800094392,0.0,0.0,69699.0,234.0
2018,L2-T01,ma_slope,ma250_slope10,MA250/10,COMPLETE,69933,69374,0.00799336507800319,0.0,0.0,69374.0,559.0
2018,L2-T02,distance_250_high,distance_250_high,250,COMPLETE,69933,69411,0.007464287246364387,0.0,0.0,69411.0,522.0
2018,L2-T02,distance_250_low,distance_250_low,250,COMPLETE,69933,69411,0.007464287246364387,0.0,0.0,69411.0,522.0
2018,L2-T02,sessions_since_prior_high,sessions_since_prior_250_high,250,COMPLETE,69933,69927,8.579640513062259e-05,0.0,0.0,69927.0,6.0
2018,L2-T03,atr_pct,atr21_pct,ATR21,COMPLETE,69933,69884,0.0007006706419001585,0.0,0.0,69884.0,49.0
2018,L2-T03,realized_volatility,rv20,20,COMPLETE,69933,69884,0.0007006706419001585,0.0,0.0,69884.0,49.0
2018,L2-T03,realized_volatility,rv60,60,COMPLETE,69933,69827,0.001515736490641073,0.0,0.0,69827.0,106.0
2018,L2-T03,volatility_ratio,rv20_rv60_ratio,20/60,COMPLETE,69933,69827,0.001515736490641073,0.0,0.0,69827.0,106.0
2018,L2-T04,bollinger_bandwidth,bollinger_bandwidth_14_2,14/2,COMPLETE,69933,69898,0.0005004790299286688,0.0,0.0,69898.0,35.0
2018,L2-T04,bollinger_bandwidth_percentile,bollinger_bandwidth_pctile120,14/2/120,COMPLETE,69933,69695,0.00340325740351477,0.0,0.0,69695.0,238.0
2018,L2-T04,bollinger_channel_position,bollinger_channel_position_14_2,14/2,COMPLETE,69933,69898,0.0005004790299286688,0.0,0.0,69898.0,35.0
2018,L2-T05,volume_ratio,volume_ratio_5_20,5/20,COMPLETE,69933,69886,0.000672071840189914,0.0,0.0,69886.0,47.0
2018,L2-T05,volume_ratio,volume_ratio_20_60,20/60,COMPLETE,69933,69828,0.0015014370897858953,0.0,0.0,69828.0,105.0
2018,L2-T05,average_trading_amount,amount_mean20_twd,20,COMPLETE,69933,69886,0.000672071840189914,0.0,0.0,69886.0,47.0
2018,L2-T05,turnover_value_ratio,turnover_value_ratio,daily,COMPLETE,69933,69210,0.010338466818240355,0.0,723.0,69210.0,0.0
2018,L2-T05,volume_dryup_ratio,volume_dryup_prior5_20,prior5/prior20,COMPLETE,69933,69884,0.0007006706419001585,0.0,0.0,69884.0,49.0
2018,L2-T05,up_day_volume_share,up_day_volume_share20,20,COMPLETE,69933,69884,0.0007006706419001585,0.0,0.0,69884.0,49.0
2018,L2-T06,rsi_level,rsi13,RSI13,COMPLETE,69933,69898,0.0005004790299286688,0.0,0.0,69898.0,35.0
2018,L2-T06,rsi_level,rsi14,RSI14,COMPLETE,69933,69896,0.0005290778316388023,0.0,0.0,69896.0,37.0
2018,L2-T06,rsi_level,rsi26,RSI26,COMPLETE,69933,69871,0.0008865628530164704,0.0,0.0,69871.0,62.0
2018,L2-T06,rsi_difference,rsi13_minus_rsi26,13-26,COMPLETE,69933,69871,0.0008865628530164704,0.0,0.0,69871.0,62.0
2018,L2-T06,rsi_slope,rsi14_slope5,RSI14/5,COMPLETE,69933,69886,0.000672071840189914,0.0,0.0,69886.0,47.0
2018,L2-T07,kd_k,kd_k_9_3_3,9/3/3,COMPLETE,69933,69904,0.0004146826247980462,0.0,0.0,69904.0,29.0
2018,L2-T07,kd_d,kd_d_9_3_3,9/3/3,COMPLETE,69933,69900,0.00047188022821842424,0.0,0.0,69900.0,33.0
2018,L2-T07,kd_high_saturation_days,kd_high_saturation_days80,80,COMPLETE,69933,69933,0.0,0.0,0.0,69933.0,0.0
2018,L2-T07,kd_low_saturation_days,kd_low_saturation_days20,20,COMPLETE,69933,69933,0.0,0.0,0.0,69933.0,0.0
2018,L2-T08,macd_histogram,macd_hist_12_26_9,12/26/9,COMPLETE,69933,69860,0.0010438562624226488,0.0,0.0,69860.0,73.0
2018,L2-T08,macd_histogram_slope,macd_hist_slope5,12/26/9 slope5,COMPLETE,69933,69855,0.0011153532666980936,0.0,0.0,69855.0,78.0
2018,L2-T08,cci,cci20,20,COMPLETE,69933,69886,0.000672071840189914,0.0,0.0,69886.0,47.0
2018,L2-T08,williams_r,williams_r14,14,COMPLETE,69933,69898,0.0005004790299286688,0.0,0.0,69898.0,35.0
2018,L3-G01,pit_industry,industry,PIT interval,COMPLETE,69933,66777,0.045128909098708814,3156.0,0.0,66777.0,0.0
2018,L3-G01,market_cap,market_cap_twd,daily,COMPLETE,69933,69210,0.010338466818240355,0.0,723.0,69210.0,0.0
2018,L3-G01,market_cap_tier,market_cap_tier,tercile,COMPLETE,69933,69210,0.010338466818240355,0.0,723.0,69210.0,0.0
2018,L3-G01,liquidity_tier,liquidity_tier,tercile,COMPLETE,69933,69886,0.000672071840189914,0.0,0.0,69886.0,47.0
2018,L3-G01,volatility_cluster,volatility_cluster,tercile,COMPLETE,69933,69827,0.001515736490641073,0.0,0.0,69827.0,106.0
2018,L3-R01,relative_strength_market,rs_market_20,market/20,COMPLETE,69933,69884,0.0007006706419001585,0.0,0.0,69884.0,49.0
2018,L3-R01,relative_strength_industry,rs_industry_20,industry/20,COMPLETE,69933,66739,0.04567228633120268,3156.0,0.0,66739.0,38.0
2018,L3-R01,relative_strength_market,rs_market_60,market/60,COMPLETE,69933,69827,0.001515736490641073,0.0,0.0,69827.0,106.0
2018,L3-R01,relative_strength_industry,rs_industry_60,industry/60,COMPLETE,69933,66682,0.04648735217994371,3156.0,0.0,66682.0,95.0
2018,L3-R01,relative_strength_market,rs_market_120,market/120,COMPLETE,69933,69718,0.0030743711838473464,0.0,0.0,69718.0,215.0
2018,L3-R01,relative_strength_industry,rs_industry_120,industry/120,COMPLETE,69933,66573,0.04804598687314998,3156.0,0.0,66573.0,204.0
2018,L3-R02,beta,beta60_market,60,COMPLETE,69933,69827,0.001515736490641073,0.0,0.0,69827.0,106.0
2018,L3-R02,market_correlation,corr60_market,60,COMPLETE,69933,69827,0.001515736490641073,0.0,0.0,69827.0,106.0
2018,L3-R02,residual_volatility,resid_vol60_market,60,COMPLETE,69933,69827,0.001515736490641073,0.0,0.0,69827.0,106.0
2018,L3-I01,industry_relative_strength_market,industry_rs_market_20,20,COMPLETE,69933,66777,0.045128909098708814,3156.0,0.0,66777.0,0.0
2018,L3-I01,industry_strength_rank,industry_strength_rank_20,20,COMPLETE,69933,66777,0.045128909098708814,3156.0,0.0,66777.0,0.0
2018,L3-I01,industry_relative_strength_market,industry_rs_market_60,60,COMPLETE,69933,66777,0.045128909098708814,3156.0,0.0,66777.0,0.0
2018,L3-I01,industry_strength_rank,industry_strength_rank_60,60,COMPLETE,69933,66777,0.045128909098708814,3156.0,0.0,66777.0,0.0
2018,L3-I01,industry_relative_strength_market,industry_rs_market_120,120,COMPLETE,69933,66777,0.045128909098708814,3156.0,0.0,66777.0,0.0
2018,L3-I01,industry_strength_rank,industry_strength_rank_120,120,COMPLETE,69933,66777,0.045128909098708814,3156.0,0.0,66777.0,0.0
2018,RANDOM_CONTROL,random_control,random_control_01,seed=1001,CONTROL,69933,69933,0.0,,,,
2018,RANDOM_CONTROL,random_control,random_control_02,seed=1002,CONTROL,69933,69933,0.0,,,,
2018,RANDOM_CONTROL,random_control,random_control_03,seed=1003,CONTROL,69933,69933,0.0,,,,
2018,RANDOM_CONTROL,random_control,random_control_04,seed=1004,CONTROL,69933,69933,0.0,,,,
2018,RANDOM_CONTROL,random_control,random_control_05,seed=1005,CONTROL,69933,69933,0.0,,,,
2018,RANDOM_CONTROL,random_control,random_control_06,seed=1006,CONTROL,69933,69933,0.0,,,,
2018,RANDOM_CONTROL,random_control,random_control_07,seed=1007,CONTROL,69933,69933,0.0,,,,
2018,RANDOM_CONTROL,random_control,random_control_08,seed=1008,CONTROL,69933,69933,0.0,,,,
2018,RANDOM_CONTROL,random_control,random_control_09,seed=1009,CONTROL,69933,69933,0.0,,,,
2018,RANDOM_CONTROL,random_control,random_control_10,seed=1010,CONTROL,69933,69933,0.0,,,,
2019,L2-T01,ma_position,close_to_ma20,MA20,COMPLETE,70804,70777,0.0003813343878876774,0.0,0.0,70777.0,27.0
2019,L2-T01,ma_position,close_to_ma60,MA60,COMPLETE,70804,70753,0.0007202982882322795,0.0,0.0,70753.0,51.0
2019,L2-T01,ma_position,close_to_ma120,MA120,COMPLETE,70804,70676,0.0018078074685046186,0.0,0.0,70676.0,128.0
2019,L2-T01,ma_position,close_to_ma250,MA250,COMPLETE,70804,70502,0.004265295746003095,0.0,0.0,70502.0,302.0
2019,L2-T01,ma_alignment,ma_order_score,MA20/60/120/250,COMPLETE,70804,70502,0.004265295746003095,0.0,0.0,70502.0,302.0
2019,L2-T01,ma_slope,ma20_slope10,MA20/10,COMPLETE,70804,70770,0.00048019885882155666,0.0,0.0,70770.0,34.0
2019,L2-T01,ma_slope,ma60_slope10,MA60/10,COMPLETE,70804,70747,0.00080503926331843,0.0,0.0,70747.0,57.0
2019,L2-T01,ma_slope,ma120_slope10,MA120/10,COMPLETE,70804,70670,0.0018925484435907691,0.0,0.0,70670.0,134.0
2019,L2-T01,ma_slope,ma250_slope10,MA250/10,COMPLETE,70804,70484,0.0045195186712615465,0.0,0.0,70484.0,320.0
2019,L2-T02,distance_250_high,distance_250_high,250,COMPLETE,70804,70502,0.004265295746003095,0.0,0.0,70502.0,302.0
2019,L2-T02,distance_250_low,distance_250_low,250,COMPLETE,70804,70502,0.004265295746003095,0.0,0.0,70502.0,302.0
2019,L2-T02,sessions_since_prior_high,sessions_since_prior_250_high,250,COMPLETE,70804,70802,2.82469916953465e-05,0.0,0.0,70802.0,2.0
2019,L2-T03,atr_pct,atr21_pct,ATR21,COMPLETE,70804,70777,0.0003813343878876774,0.0,0.0,70777.0,27.0
2019,L2-T03,realized_volatility,rv20,20,COMPLETE,70804,70777,0.0003813343878876774,0.0,0.0,70777.0,27.0
2019,L2-T03,realized_volatility,rv60,60,COMPLETE,70804,70753,0.0007202982882322795,0.0,0.0,70753.0,51.0
2019,L2-T03,volatility_ratio,rv20_rv60_ratio,20/60,COMPLETE,70804,70753,0.0007202982882322795,0.0,0.0,70753.0,51.0
2019,L2-T04,bollinger_bandwidth,bollinger_bandwidth_14_2,14/2,COMPLETE,70804,70781,0.00032484040449687335,0.0,0.0,70781.0,23.0
2019,L2-T04,bollinger_bandwidth_percentile,bollinger_bandwidth_pctile120,14/2/120,COMPLETE,70804,70669,0.0019066719394384979,0.0,0.0,70669.0,135.0
2019,L2-T04,bollinger_channel_position,bollinger_channel_position_14_2,14/2,COMPLETE,70804,70781,0.00032484040449687335,0.0,0.0,70781.0,23.0
2019,L2-T05,volume_ratio,volume_ratio_5_20,5/20,COMPLETE,70804,70777,0.0003813343878876774,0.0,0.0,70777.0,27.0
2019,L2-T05,volume_ratio,volume_ratio_20_60,20/60,COMPLETE,70804,70753,0.0007202982882322795,0.0,0.0,70753.0,51.0
2019,L2-T05,average_trading_amount,amount_mean20_twd,20,COMPLETE,70804,70777,0.0003813343878876774,0.0,0.0,70777.0,27.0
2019,L2-T05,turnover_value_ratio,turnover_value_ratio,daily,COMPLETE,70804,70601,0.0028670696570815,0.0,203.0,70601.0,0.0
2019,L2-T05,volume_dryup_ratio,volume_dryup_prior5_20,prior5/prior20,COMPLETE,70804,70777,0.0003813343878876774,0.0,0.0,70777.0,27.0
2019,L2-T05,up_day_volume_share,up_day_volume_share20,20,COMPLETE,70804,70777,0.0003813343878876774,0.0,0.0,70777.0,27.0
2019,L2-T06,rsi_level,rsi13,RSI13,COMPLETE,70804,70781,0.00032484040449687335,0.0,0.0,70781.0,23.0
2019,L2-T06,rsi_level,rsi14,RSI14,COMPLETE,70804,70780,0.0003389639003446021,0.0,0.0,70780.0,24.0
2019,L2-T06,rsi_level,rsi26,RSI26,COMPLETE,70804,70772,0.00045195186712609914,0.0,0.0,70772.0,32.0
2019,L2-T06,rsi_difference,rsi13_minus_rsi26,13-26,COMPLETE,70804,70772,0.00045195186712609914,0.0,0.0,70772.0,32.0
2019,L2-T06,rsi_slope,rsi14_slope5,RSI14/5,COMPLETE,70804,70777,0.0003813343878876774,0.0,0.0,70777.0,27.0
2019,L2-T07,kd_k,kd_k_9_3_3,9/3/3,COMPLETE,70804,70785,0.00026834642110618034,0.0,0.0,70785.0,19.0
2019,L2-T07,kd_d,kd_d_9_3_3,9/3/3,COMPLETE,70804,70783,0.00029659341280152685,0.0,0.0,70783.0,21.0
2019,L2-T07,kd_high_saturation_days,kd_high_saturation_days80,80,COMPLETE,70804,70804,0.0,0.0,0.0,70804.0,0.0
2019,L2-T07,kd_low_saturation_days,kd_low_saturation_days20,20,COMPLETE,70804,70804,0.0,0.0,0.0,70804.0,0.0
2019,L2-T08,macd_histogram,macd_hist_12_26_9,12/26/9,COMPLETE,70804,70767,0.0005225693463646319,0.0,0.0,70767.0,37.0
2019,L2-T08,macd_histogram_slope,macd_hist_slope5,12/26/9 slope5,COMPLETE,70804,70764,0.0005649398339077072,0.0,0.0,70764.0,40.0
2019,L2-T08,cci,cci20,20,COMPLETE,70804,70777,0.0003813343878876774,0.0,0.0,70777.0,27.0
2019,L2-T08,williams_r,williams_r14,14,COMPLETE,70804,70781,0.00032484040449687335,0.0,0.0,70781.0,23.0
2019,L3-G01,pit_industry,industry,PIT interval,COMPLETE,70804,68527,0.032159200045195235,2277.0,0.0,68527.0,0.0
2019,L3-G01,market_cap,market_cap_twd,daily,COMPLETE,70804,70601,0.0028670696570815,0.0,203.0,70601.0,0.0
2019,L3-G01,market_cap_tier,market_cap_tier,tercile,COMPLETE,70804,70601,0.0028670696570815,0.0,203.0,70601.0,0.0
2019,L3-G01,liquidity_tier,liquidity_tier,tercile,COMPLETE,70804,70777,0.0003813343878876774,0.0,0.0,70777.0,27.0
2019,L3-G01,volatility_cluster,volatility_cluster,tercile,COMPLETE,70804,70753,0.0007202982882322795,0.0,0.0,70753.0,51.0
2019,L3-R01,relative_strength_market,rs_market_20,market/20,COMPLETE,70804,70777,0.0003813343878876774,0.0,0.0,70777.0,27.0
2019,L3-R01,relative_strength_industry,rs_industry_20,industry/20,COMPLETE,70804,68500,0.03254053443308291,2277.0,0.0,68500.0,27.0
2019,L3-R01,relative_strength_market,rs_market_60,market/60,COMPLETE,70804,70753,0.0007202982882322795,0.0,0.0,70753.0,51.0
2019,L3-R01,relative_strength_industry,rs_industry_60,industry/60,COMPLETE,70804,68476,0.032879498333427515,2277.0,0.0,68476.0,51.0
2019,L3-R01,relative_strength_market,rs_market_120,market/120,COMPLETE,70804,70675,0.0018219309643523474,0.0,0.0,70675.0,129.0
2019,L3-R01,relative_strength_industry,rs_industry_120,industry/120,COMPLETE,70804,68398,0.03398113100954747,2277.0,0.0,68398.0,129.0
2019,L3-R02,beta,beta60_market,60,COMPLETE,70804,70753,0.0007202982882322795,0.0,0.0,70753.0,51.0
2019,L3-R02,market_correlation,corr60_market,60,COMPLETE,70804,70753,0.0007202982882322795,0.0,0.0,70753.0,51.0
2019,L3-R02,residual_volatility,resid_vol60_market,60,COMPLETE,70804,70753,0.0007202982882322795,0.0,0.0,70753.0,51.0
2019,L3-I01,industry_relative_strength_market,industry_rs_market_20,20,COMPLETE,70804,68527,0.032159200045195235,2277.0,0.0,68527.0,0.0
2019,L3-I01,industry_strength_rank,industry_strength_rank_20,20,COMPLETE,70804,68527,0.032159200045195235,2277.0,0.0,68527.0,0.0
2019,L3-I01,industry_relative_strength_market,industry_rs_market_60,60,COMPLETE,70804,68527,0.032159200045195235,2277.0,0.0,68527.0,0.0
2019,L3-I01,industry_strength_rank,industry_strength_rank_60,60,COMPLETE,70804,68527,0.032159200045195235,2277.0,0.0,68527.0,0.0
2019,L3-I01,industry_relative_strength_market,industry_rs_market_120,120,COMPLETE,70804,68527,0.032159200045195235,2277.0,0.0,68527.0,0.0
2019,L3-I01,industry_strength_rank,industry_strength_rank_120,120,COMPLETE,70804,68527,0.032159200045195235,2277.0,0.0,68527.0,0.0
2019,RANDOM_CONTROL,random_control,random_control_01,seed=1001,CONTROL,70804,70804,0.0,,,,
2019,RANDOM_CONTROL,random_control,random_control_02,seed=1002,CONTROL,70804,70804,0.0,,,,
2019,RANDOM_CONTROL,random_control,random_control_03,seed=1003,CONTROL,70804,70804,0.0,,,,
2019,RANDOM_CONTROL,random_control,random_control_04,seed=1004,CONTROL,70804,70804,0.0,,,,
2019,RANDOM_CONTROL,random_control,random_control_05,seed=1005,CONTROL,70804,70804,0.0,,,,
2019,RANDOM_CONTROL,random_control,random_control_06,seed=1006,CONTROL,70804,70804,0.0,,,,
2019,RANDOM_CONTROL,random_control,random_control_07,seed=1007,CONTROL,70804,70804,0.0,,,,
2019,RANDOM_CONTROL,random_control,random_control_08,seed=1008,CONTROL,70804,70804,0.0,,,,
2019,RANDOM_CONTROL,random_control,random_control_09,seed=1009,CONTROL,70804,70804,0.0,,,,
2019,RANDOM_CONTROL,random_control,random_control_10,seed=1010,CONTROL,70804,70804,0.0,,,,
2020,L2-T01,ma_position,close_to_ma20,MA20,COMPLETE,74025,74002,0.00031070584262071765,0.0,0.0,74002.0,23.0
2020,L2-T01,ma_position,close_to_ma60,MA60,COMPLETE,74025,73988,0.0004998311381290144,0.0,0.0,73988.0,37.0
2020,L2-T01,ma_position,close_to_ma120,MA120,COMPLETE,74025,73962,0.0008510638297872797,0.0,0.0,73962.0,63.0
2020,L2-T01,ma_position,close_to_ma250,MA250,COMPLETE,74025,73824,0.0027152988855116966,0.0,0.0,73824.0,201.0
2020,L2-T01,ma_alignment,ma_order_score,MA20/60/120/250,COMPLETE,74025,73824,0.0027152988855116966,0.0,0.0,73824.0,201.0
2020,L2-T01,ma_slope,ma20_slope10,MA20/10,COMPLETE,74025,74001,0.0003242147922999372,0.0,0.0,74001.0,24.0
2020,L2-T01,ma_slope,ma60_slope10,MA60/10,COMPLETE,74025,73987,0.0005133400878081229,0.0,0.0,73987.0,38.0
2020,L2-T01,ma_slope,ma120_slope10,MA120/10,COMPLETE,74025,73954,0.0009591354272204811,0.0,0.0,73954.0,71.0
2020,L2-T01,ma_slope,ma250_slope10,MA250/10,COMPLETE,74025,73793,0.0031340763255657267,0.0,0.0,73793.0,232.0
2020,L2-T02,distance_250_high,distance_250_high,250,COMPLETE,74025,73824,0.0027152988855116966,0.0,0.0,73824.0,201.0
2020,L2-T02,distance_250_low,distance_250_low,250,COMPLETE,74025,73824,0.0027152988855116966,0.0,0.0,73824.0,201.0
2020,L2-T02,sessions_since_prior_high,sessions_since_prior_250_high,250,COMPLETE,74025,74021,5.40357987166562e-05,0.0,0.0,74021.0,4.0
2020,L2-T03,atr_pct,atr21_pct,ATR21,COMPLETE,74025,74002,0.00031070584262071765,0.0,0.0,74002.0,23.0
2020,L2-T03,realized_volatility,rv20,20,COMPLETE,74025,74002,0.00031070584262071765,0.0,0.0,74002.0,23.0
2020,L2-T03,realized_volatility,rv60,60,COMPLETE,74025,73988,0.0004998311381290144,0.0,0.0,73988.0,37.0
2020,L2-T03,volatility_ratio,rv20_rv60_ratio,20/60,COMPLETE,74025,73988,0.0004998311381290144,0.0,0.0,73988.0,37.0
2020,L2-T04,bollinger_bandwidth,bollinger_bandwidth_14_2,14/2,COMPLETE,74025,74005,0.000270178993583281,0.0,0.0,74005.0,20.0
2020,L2-T04,bollinger_bandwidth_percentile,bollinger_bandwidth_pctile120,14/2/120,COMPLETE,74025,73953,0.0009726443768997006,0.0,0.0,73953.0,72.0
2020,L2-T04,bollinger_channel_position,bollinger_channel_position_14_2,14/2,COMPLETE,74025,74005,0.000270178993583281,0.0,0.0,74005.0,20.0
2020,L2-T05,volume_ratio,volume_ratio_5_20,5/20,COMPLETE,74025,74002,0.00031070584262071765,0.0,0.0,74002.0,23.0
2020,L2-T05,volume_ratio,volume_ratio_20_60,20/60,COMPLETE,74025,73988,0.0004998311381290144,0.0,0.0,73988.0,37.0
2020,L2-T05,average_trading_amount,amount_mean20_twd,20,COMPLETE,74025,74002,0.00031070584262071765,0.0,0.0,74002.0,23.0
2020,L2-T05,turnover_value_ratio,turnover_value_ratio,daily,COMPLETE,74025,73759,0.0035933806146571934,0.0,266.0,73759.0,0.0
2020,L2-T05,volume_dryup_ratio,volume_dryup_prior5_20,prior5/prior20,COMPLETE,74025,74002,0.00031070584262071765,0.0,0.0,74002.0,23.0
2020,L2-T05,up_day_volume_share,up_day_volume_share20,20,COMPLETE,74025,74002,0.00031070584262071765,0.0,0.0,74002.0,23.0
2020,L2-T06,rsi_level,rsi13,RSI13,COMPLETE,74025,74005,0.000270178993583281,0.0,0.0,74005.0,20.0
2020,L2-T06,rsi_level,rsi14,RSI14,COMPLETE,74025,74004,0.00028368794326238955,0.0,0.0,74004.0,21.0
2020,L2-T06,rsi_level,rsi26,RSI26,COMPLETE,74025,74001,0.0003242147922999372,0.0,0.0,74001.0,24.0
2020,L2-T06,rsi_difference,rsi13_minus_rsi26,13-26,COMPLETE,74025,74001,0.0003242147922999372,0.0,0.0,74001.0,24.0
2020,L2-T06,rsi_slope,rsi14_slope5,RSI14/5,COMPLETE,74025,74002,0.00031070584262071765,0.0,0.0,74002.0,23.0
2020,L2-T07,kd_k,kd_k_9_3_3,9/3/3,COMPLETE,74025,74008,0.00022965214454573335,0.0,0.0,74008.0,17.0
2020,L2-T07,kd_d,kd_d_9_3_3,9/3/3,COMPLETE,74025,74006,0.00025667004390406145,0.0,0.0,74006.0,19.0
2020,L2-T07,kd_high_saturation_days,kd_high_saturation_days80,80,COMPLETE,74025,74025,0.0,0.0,0.0,74025.0,0.0
2020,L2-T07,kd_low_saturation_days,kd_low_saturation_days20,20,COMPLETE,74025,74025,0.0,0.0,0.0,74025.0,0.0
2020,L2-T08,macd_histogram,macd_hist_12_26_9,12/26/9,COMPLETE,74025,73998,0.00036474164133737386,0.0,0.0,73998.0,27.0
2020,L2-T08,macd_histogram_slope,macd_hist_slope5,12/26/9 slope5,COMPLETE,74025,73995,0.0004052684903749215,0.0,0.0,73995.0,30.0
2020,L2-T08,cci,cci20,20,COMPLETE,74025,74002,0.00031070584262071765,0.0,0.0,74002.0,23.0
2020,L2-T08,williams_r,williams_r14,14,COMPLETE,74025,74005,0.000270178993583281,0.0,0.0,74005.0,20.0
2020,L3-G01,pit_industry,industry,PIT interval,COMPLETE,74025,72177,0.024964539007092168,1848.0,0.0,72177.0,0.0
2020,L3-G01,market_cap,market_cap_twd,daily,COMPLETE,74025,73759,0.0035933806146571934,0.0,266.0,73759.0,0.0
2020,L3-G01,market_cap_tier,market_cap_tier,tercile,COMPLETE,74025,73759,0.0035933806146571934,0.0,266.0,73759.0,0.0
2020,L3-G01,liquidity_tier,liquidity_tier,tercile,COMPLETE,74025,74002,0.00031070584262071765,0.0,0.0,74002.0,23.0
2020,L3-G01,volatility_cluster,volatility_cluster,tercile,COMPLETE,74025,73988,0.0004998311381290144,0.0,0.0,73988.0,37.0
2020,L3-R01,relative_strength_market,rs_market_20,market/20,COMPLETE,74025,74002,0.00031070584262071765,0.0,0.0,74002.0,23.0
2020,L3-R01,relative_strength_industry,rs_industry_20,industry/20,COMPLETE,74025,72154,0.025275244849712886,1848.0,0.0,72154.0,23.0
2020,L3-R01,relative_strength_market,rs_market_60,market/60,COMPLETE,74025,73988,0.0004998311381290144,0.0,0.0,73988.0,37.0
2020,L3-R01,relative_strength_industry,rs_industry_60,industry/60,COMPLETE,74025,72140,0.025464370145221182,1848.0,0.0,72140.0,37.0
2020,L3-R01,relative_strength_market,rs_market_120,market/120,COMPLETE,74025,73962,0.0008510638297872797,0.0,0.0,73962.0,63.0
2020,L3-R01,relative_strength_industry,rs_industry_120,industry/120,COMPLETE,74025,72114,0.025815602836879448,1848.0,0.0,72114.0,63.0
2020,L3-R02,beta,beta60_market,60,COMPLETE,74025,73988,0.0004998311381290144,0.0,0.0,73988.0,37.0
2020,L3-R02,market_correlation,corr60_market,60,COMPLETE,74025,73988,0.0004998311381290144,0.0,0.0,73988.0,37.0
2020,L3-R02,residual_volatility,resid_vol60_market,60,COMPLETE,74025,73988,0.0004998311381290144,0.0,0.0,73988.0,37.0
2020,L3-I01,industry_relative_strength_market,industry_rs_market_20,20,COMPLETE,74025,72177,0.024964539007092168,1848.0,0.0,72177.0,0.0
2020,L3-I01,industry_strength_rank,industry_strength_rank_20,20,COMPLETE,74025,72177,0.024964539007092168,1848.0,0.0,72177.0,0.0
2020,L3-I01,industry_relative_strength_market,industry_rs_market_60,60,COMPLETE,74025,72177,0.024964539007092168,1848.0,0.0,72177.0,0.0
2020,L3-I01,industry_strength_rank,industry_strength_rank_60,60,COMPLETE,74025,72177,0.024964539007092168,1848.0,0.0,72177.0,0.0
2020,L3-I01,industry_relative_strength_market,industry_rs_market_120,120,COMPLETE,74025,72177,0.024964539007092168,1848.0,0.0,72177.0,0.0
2020,L3-I01,industry_strength_rank,industry_strength_rank_120,120,COMPLETE,74025,72177,0.024964539007092168,1848.0,0.0,72177.0,0.0
2020,RANDOM_CONTROL,random_control,random_control_01,seed=1001,CONTROL,74025,74025,0.0,,,,
2020,RANDOM_CONTROL,random_control,random_control_02,seed=1002,CONTROL,74025,74025,0.0,,,,
2020,RANDOM_CONTROL,random_control,random_control_03,seed=1003,CONTROL,74025,74025,0.0,,,,
2020,RANDOM_CONTROL,random_control,random_control_04,seed=1004,CONTROL,74025,74025,0.0,,,,
2020,RANDOM_CONTROL,random_control,random_control_05,seed=1005,CONTROL,74025,74025,0.0,,,,
2020,RANDOM_CONTROL,random_control,random_control_06,seed=1006,CONTROL,74025,74025,0.0,,,,
2020,RANDOM_CONTROL,random_control,random_control_07,seed=1007,CONTROL,74025,74025,0.0,,,,
2020,RANDOM_CONTROL,random_control,random_control_08,seed=1008,CONTROL,74025,74025,0.0,,,,
2020,RANDOM_CONTROL,random_control,random_control_09,seed=1009,CONTROL,74025,74025,0.0,,,,
2020,RANDOM_CONTROL,random_control,random_control_10,seed=1010,CONTROL,74025,74025,0.0,,,,
2021,L2-T01,ma_position,close_to_ma20,MA20,COMPLETE,83119,83005,0.0013715275689072381,0.0,0.0,83005.0,114.0
2021,L2-T01,ma_position,close_to_ma60,MA60,COMPLETE,83119,82797,0.003873963834983618,0.0,0.0,82797.0,322.0
2021,L2-T01,ma_position,close_to_ma120,MA120,COMPLETE,83119,82506,0.0073749684187730535,0.0,0.0,82506.0,613.0
2021,L2-T01,ma_position,close_to_ma250,MA250,COMPLETE,83119,81926,0.014352915699178292,0.0,0.0,81926.0,1193.0
2021,L2-T01,ma_alignment,ma_order_score,MA20/60/120/250,COMPLETE,83119,81926,0.014352915699178292,0.0,0.0,81926.0,1193.0
2021,L2-T01,ma_slope,ma20_slope10,MA20/10,COMPLETE,83119,82944,0.0021054151277084543,0.0,0.0,82944.0,175.0
2021,L2-T01,ma_slope,ma60_slope10,MA60/10,COMPLETE,83119,82747,0.004475511014328859,0.0,0.0,82747.0,372.0
2021,L2-T01,ma_slope,ma120_slope10,MA120/10,COMPLETE,83119,82458,0.007952453710944551,0.0,0.0,82458.0,661.0
2021,L2-T01,ma_slope,ma250_slope10,MA250/10,COMPLETE,83119,81873,0.014990555709284314,0.0,0.0,81873.0,1246.0
2021,L2-T02,distance_250_high,distance_250_high,250,COMPLETE,83119,81926,0.014352915699178292,0.0,0.0,81926.0,1193.0
2021,L2-T02,distance_250_low,distance_250_low,250,COMPLETE,83119,81926,0.014352915699178292,0.0,0.0,81926.0,1193.0
2021,L2-T02,sessions_since_prior_high,sessions_since_prior_250_high,250,COMPLETE,83119,83109,0.00012030943586904819,0.0,0.0,83109.0,10.0
2021,L2-T03,atr_pct,atr21_pct,ATR21,COMPLETE,83119,82997,0.0014677751176024323,0.0,0.0,82997.0,122.0
2021,L2-T03,realized_volatility,rv20,20,COMPLETE,83119,82997,0.0014677751176024323,0.0,0.0,82997.0,122.0
2021,L2-T03,realized_volatility,rv60,60,COMPLETE,83119,82791,0.003946149496504958,0.0,0.0,82791.0,328.0
2021,L2-T03,volatility_ratio,rv20_rv60_ratio,20/60,COMPLETE,83119,82791,0.003946149496504958,0.0,0.0,82791.0,328.0
2021,L2-T04,bollinger_bandwidth,bollinger_bandwidth_14_2,14/2,COMPLETE,83119,83042,0.0009263826561917154,0.0,0.0,83042.0,77.0
2021,L2-T04,bollinger_bandwidth_percentile,bollinger_bandwidth_pctile120,14/2/120,COMPLETE,83119,82442,0.00814494880833505,0.0,0.0,82442.0,677.0
2021,L2-T04,bollinger_channel_position,bollinger_channel_position_14_2,14/2,COMPLETE,83119,83042,0.0009263826561917154,0.0,0.0,83042.0,77.0
2021,L2-T05,volume_ratio,volume_ratio_5_20,5/20,COMPLETE,83119,83005,0.0013715275689072381,0.0,0.0,83005.0,114.0
2021,L2-T05,volume_ratio,volume_ratio_20_60,20/60,COMPLETE,83119,82797,0.003873963834983618,0.0,0.0,82797.0,322.0
2021,L2-T05,average_trading_amount,amount_mean20_twd,20,COMPLETE,83119,83005,0.0013715275689072381,0.0,0.0,83005.0,114.0
2021,L2-T05,turnover_value_ratio,turnover_value_ratio,daily,COMPLETE,83119,82286,0.010021776007892336,0.0,833.0,82286.0,0.0
2021,L2-T05,volume_dryup_ratio,volume_dryup_prior5_20,prior5/prior20,COMPLETE,83119,82997,0.0014677751176024323,0.0,0.0,82997.0,122.0
2021,L2-T05,up_day_volume_share,up_day_volume_share20,20,COMPLETE,83119,82997,0.0014677751176024323,0.0,0.0,82997.0,122.0
2021,L2-T06,rsi_level,rsi13,RSI13,COMPLETE,83119,83042,0.0009263826561917154,0.0,0.0,83042.0,77.0
2021,L2-T06,rsi_level,rsi14,RSI14,COMPLETE,83119,83036,0.0009985683177131666,0.0,0.0,83036.0,83.0
2021,L2-T06,rsi_level,rsi26,RSI26,COMPLETE,83119,82962,0.001888858143144212,0.0,0.0,82962.0,157.0
2021,L2-T06,rsi_difference,rsi13_minus_rsi26,13-26,COMPLETE,83119,82962,0.001888858143144212,0.0,0.0,82962.0,157.0
2021,L2-T06,rsi_slope,rsi14_slope5,RSI14/5,COMPLETE,83119,83005,0.0013715275689072381,0.0,0.0,83005.0,114.0
2021,L2-T07,kd_k,kd_k_9_3_3,9/3/3,COMPLETE,83119,83059,0.0007218566152142891,0.0,0.0,83059.0,60.0
2021,L2-T07,kd_d,kd_d_9_3_3,9/3/3,COMPLETE,83119,83048,0.0008541969946702643,0.0,0.0,83048.0,71.0
2021,L2-T07,kd_high_saturation_days,kd_high_saturation_days80,80,COMPLETE,83119,83119,0.0,0.0,0.0,83119.0,0.0
2021,L2-T07,kd_low_saturation_days,kd_low_saturation_days20,20,COMPLETE,83119,83119,0.0,0.0,0.0,83119.0,0.0
2021,L2-T08,macd_histogram,macd_hist_12_26_9,12/26/9,COMPLETE,83119,82926,0.0023219721122728076,0.0,0.0,82926.0,193.0
2021,L2-T08,macd_histogram_slope,macd_hist_slope5,12/26/9 slope5,COMPLETE,83119,82900,0.002634776645532355,0.0,0.0,82900.0,219.0
2021,L2-T08,cci,cci20,20,COMPLETE,83119,83005,0.0013715275689072381,0.0,0.0,83005.0,114.0
2021,L2-T08,williams_r,williams_r14,14,COMPLETE,83119,83042,0.0009263826561917154,0.0,0.0,83042.0,77.0
2021,L3-G01,pit_industry,industry,PIT interval,COMPLETE,83119,82143,0.011742200940819791,976.0,0.0,82143.0,0.0
2021,L3-G01,market_cap,market_cap_twd,daily,COMPLETE,83119,82286,0.010021776007892336,0.0,833.0,82286.0,0.0
2021,L3-G01,market_cap_tier,market_cap_tier,tercile,COMPLETE,83119,82286,0.010021776007892336,0.0,833.0,82286.0,0.0
2021,L3-G01,liquidity_tier,liquidity_tier,tercile,COMPLETE,83119,83005,0.0013715275689072381,0.0,0.0,83005.0,114.0
2021,L3-G01,volatility_cluster,volatility_cluster,tercile,COMPLETE,83119,82791,0.003946149496504958,0.0,0.0,82791.0,328.0
2021,L3-R01,relative_strength_market,rs_market_20,market/20,COMPLETE,83119,82997,0.0014677751176024323,0.0,0.0,82997.0,122.0
2021,L3-R01,relative_strength_industry,rs_industry_20,industry/20,COMPLETE,83119,82026,0.0131498213404877,976.0,0.0,82026.0,117.0
2021,L3-R01,relative_strength_market,rs_market_60,market/60,COMPLETE,83119,82791,0.003946149496504958,0.0,0.0,82791.0,328.0
2021,L3-R01,relative_strength_industry,rs_industry_60,industry/60,COMPLETE,83119,81820,0.015628195719390225,976.0,0.0,81820.0,323.0
2021,L3-R01,relative_strength_market,rs_market_120,market/120,COMPLETE,83119,82502,0.007423092193120762,0.0,0.0,82502.0,617.0
2021,L3-R01,relative_strength_industry,rs_industry_120,industry/120,COMPLETE,83119,81531,0.019105138416005918,976.0,0.0,81531.0,612.0
2021,L3-R02,beta,beta60_market,60,COMPLETE,83119,82791,0.003946149496504958,0.0,0.0,82791.0,328.0
2021,L3-R02,market_correlation,corr60_market,60,COMPLETE,83119,82791,0.003946149496504958,0.0,0.0,82791.0,328.0
2021,L3-R02,residual_volatility,resid_vol60_market,60,COMPLETE,83119,82791,0.003946149496504958,0.0,0.0,82791.0,328.0
2021,L3-I01,industry_relative_strength_market,industry_rs_market_20,20,COMPLETE,83119,82143,0.011742200940819791,976.0,0.0,82143.0,0.0
2021,L3-I01,industry_strength_rank,industry_strength_rank_20,20,COMPLETE,83119,82143,0.011742200940819791,976.0,0.0,82143.0,0.0
2021,L3-I01,industry_relative_strength_market,industry_rs_market_60,60,COMPLETE,83119,82143,0.011742200940819791,976.0,0.0,82143.0,0.0
2021,L3-I01,industry_strength_rank,industry_strength_rank_60,60,COMPLETE,83119,82143,0.011742200940819791,976.0,0.0,82143.0,0.0
2021,L3-I01,industry_relative_strength_market,industry_rs_market_120,120,COMPLETE,83119,82143,0.011742200940819791,976.0,0.0,82143.0,0.0
2021,L3-I01,industry_strength_rank,industry_strength_rank_120,120,COMPLETE,83119,82143,0.011742200940819791,976.0,0.0,82143.0,0.0
2021,RANDOM_CONTROL,random_control,random_control_01,seed=1001,CONTROL,83119,83119,0.0,,,,
2021,RANDOM_CONTROL,random_control,random_control_02,seed=1002,CONTROL,83119,83119,0.0,,,,
2021,RANDOM_CONTROL,random_control,random_control_03,seed=1003,CONTROL,83119,83119,0.0,,,,
2021,RANDOM_CONTROL,random_control,random_control_04,seed=1004,CONTROL,83119,83119,0.0,,,,
2021,RANDOM_CONTROL,random_control,random_control_05,seed=1005,CONTROL,83119,83119,0.0,,,,
2021,RANDOM_CONTROL,random_control,random_control_06,seed=1006,CONTROL,83119,83119,0.0,,,,
2021,RANDOM_CONTROL,random_control,random_control_07,seed=1007,CONTROL,83119,83119,0.0,,,,
2021,RANDOM_CONTROL,random_control,random_control_08,seed=1008,CONTROL,83119,83119,0.0,,,,
2021,RANDOM_CONTROL,random_control,random_control_09,seed=1009,CONTROL,83119,83119,0.0,,,,
2021,RANDOM_CONTROL,random_control,random_control_10,seed=1010,CONTROL,83119,83119,0.0,,,,
2016,L3-G02,theme_membership,theme_membership,dated membership,BLOCKED_DATA,0,0,1.0,,,,
2017,L3-G02,theme_membership,theme_membership,dated membership,BLOCKED_DATA,0,0,1.0,,,,
2018,L3-G02,theme_membership,theme_membership,dated membership,BLOCKED_DATA,0,0,1.0,,,,
2019,L3-G02,theme_membership,theme_membership,dated membership,BLOCKED_DATA,0,0,1.0,,,,
2020,L3-G02,theme_membership,theme_membership,dated membership,BLOCKED_DATA,0,0,1.0,,,,
2021,L3-G02,theme_membership,theme_membership,dated membership,BLOCKED_DATA,0,0,1.0,,,,
