item_id,feature_key,column,parameter_version,table,build_status,input_sources,decision_point,availability_status,evidence,usable_for_exact_decision_time_pit
L2-T01,ma_position,close_to_ma20,MA20,stock_features,COMPLETE,adjusted_eod;tradability,AFTER_SESSION_CLOSE,UNKNOWN,adjusted_eod:DATA_CONTRACT_PLUS_SCHEMA_GAP:UNKNOWN | tradability:SCHEMA_GAP:UNKNOWN,False
L2-T01,ma_position,close_to_ma60,MA60,stock_features,COMPLETE,adjusted_eod;tradability,AFTER_SESSION_CLOSE,UNKNOWN,adjusted_eod:DATA_CONTRACT_PLUS_SCHEMA_GAP:UNKNOWN | tradability:SCHEMA_GAP:UNKNOWN,False
L2-T01,ma_position,close_to_ma120,MA120,stock_features,COMPLETE,adjusted_eod;tradability,AFTER_SESSION_CLOSE,UNKNOWN,adjusted_eod:DATA_CONTRACT_PLUS_SCHEMA_GAP:UNKNOWN | tradability:SCHEMA_GAP:UNKNOWN,False
L2-T01,ma_position,close_to_ma250,MA250,stock_features,COMPLETE,adjusted_eod;tradability,AFTER_SESSION_CLOSE,UNKNOWN,adjusted_eod:DATA_CONTRACT_PLUS_SCHEMA_GAP:UNKNOWN | tradability:SCHEMA_GAP:UNKNOWN,False
L2-T01,ma_alignment,ma_order_score,MA20/60/120/250,stock_features,COMPLETE,adjusted_eod;tradability,AFTER_SESSION_CLOSE,UNKNOWN,adjusted_eod:DATA_CONTRACT_PLUS_SCHEMA_GAP:UNKNOWN | tradability:SCHEMA_GAP:UNKNOWN,False
L2-T01,ma_slope,ma20_slope10,MA20/10,stock_features,COMPLETE,adjusted_eod;tradability,AFTER_SESSION_CLOSE,UNKNOWN,adjusted_eod:DATA_CONTRACT_PLUS_SCHEMA_GAP:UNKNOWN | tradability:SCHEMA_GAP:UNKNOWN,False
L2-T01,ma_slope,ma60_slope10,MA60/10,stock_features,COMPLETE,adjusted_eod;tradability,AFTER_SESSION_CLOSE,UNKNOWN,adjusted_eod:DATA_CONTRACT_PLUS_SCHEMA_GAP:UNKNOWN | tradability:SCHEMA_GAP:UNKNOWN,False
L2-T01,ma_slope,ma120_slope10,MA120/10,stock_features,COMPLETE,adjusted_eod;tradability,AFTER_SESSION_CLOSE,UNKNOWN,adjusted_eod:DATA_CONTRACT_PLUS_SCHEMA_GAP:UNKNOWN | tradability:SCHEMA_GAP:UNKNOWN,False
L2-T01,ma_slope,ma250_slope10,MA250/10,stock_features,COMPLETE,adjusted_eod;tradability,AFTER_SESSION_CLOSE,UNKNOWN,adjusted_eod:DATA_CONTRACT_PLUS_SCHEMA_GAP:UNKNOWN | tradability:SCHEMA_GAP:UNKNOWN,False
L2-T02,distance_250_high,distance_250_high,250,stock_features,COMPLETE,adjusted_eod;tradability,AFTER_SESSION_CLOSE,UNKNOWN,adjusted_eod:DATA_CONTRACT_PLUS_SCHEMA_GAP:UNKNOWN | tradability:SCHEMA_GAP:UNKNOWN,False
L2-T02,distance_250_low,distance_250_low,250,stock_features,COMPLETE,adjusted_eod;tradability,AFTER_SESSION_CLOSE,UNKNOWN,adjusted_eod:DATA_CONTRACT_PLUS_SCHEMA_GAP:UNKNOWN | tradability:SCHEMA_GAP:UNKNOWN,False
L2-T02,sessions_since_prior_high,sessions_since_prior_250_high,250,stock_features,COMPLETE,adjusted_eod;tradability,AFTER_SESSION_CLOSE,UNKNOWN,adjusted_eod:DATA_CONTRACT_PLUS_SCHEMA_GAP:UNKNOWN | tradability:SCHEMA_GAP:UNKNOWN,False
L2-T03,atr_pct,atr21_pct,ATR21,stock_features,COMPLETE,adjusted_eod;tradability,AFTER_SESSION_CLOSE,UNKNOWN,adjusted_eod:DATA_CONTRACT_PLUS_SCHEMA_GAP:UNKNOWN | tradability:SCHEMA_GAP:UNKNOWN,False
L2-T03,realized_volatility,rv20,20,stock_features,COMPLETE,adjusted_eod;tradability,AFTER_SESSION_CLOSE,UNKNOWN,adjusted_eod:DATA_CONTRACT_PLUS_SCHEMA_GAP:UNKNOWN | tradability:SCHEMA_GAP:UNKNOWN,False
L2-T03,realized_volatility,rv60,60,stock_features,COMPLETE,adjusted_eod;tradability,AFTER_SESSION_CLOSE,UNKNOWN,adjusted_eod:DATA_CONTRACT_PLUS_SCHEMA_GAP:UNKNOWN | tradability:SCHEMA_GAP:UNKNOWN,False
L2-T03,volatility_ratio,rv20_rv60_ratio,20/60,stock_features,COMPLETE,adjusted_eod;tradability,AFTER_SESSION_CLOSE,UNKNOWN,adjusted_eod:DATA_CONTRACT_PLUS_SCHEMA_GAP:UNKNOWN | tradability:SCHEMA_GAP:UNKNOWN,False
L2-T04,bollinger_bandwidth,bollinger_bandwidth_14_2,14/2,stock_features,COMPLETE,adjusted_eod;tradability,AFTER_SESSION_CLOSE,UNKNOWN,adjusted_eod:DATA_CONTRACT_PLUS_SCHEMA_GAP:UNKNOWN | tradability:SCHEMA_GAP:UNKNOWN,False
L2-T04,bollinger_bandwidth_percentile,bollinger_bandwidth_pctile120,14/2/120,stock_features,COMPLETE,adjusted_eod;tradability,AFTER_SESSION_CLOSE,UNKNOWN,adjusted_eod:DATA_CONTRACT_PLUS_SCHEMA_GAP:UNKNOWN | tradability:SCHEMA_GAP:UNKNOWN,False
L2-T04,bollinger_channel_position,bollinger_channel_position_14_2,14/2,stock_features,COMPLETE,adjusted_eod;tradability,AFTER_SESSION_CLOSE,UNKNOWN,adjusted_eod:DATA_CONTRACT_PLUS_SCHEMA_GAP:UNKNOWN | tradability:SCHEMA_GAP:UNKNOWN,False
L2-T05,volume_ratio,volume_ratio_5_20,5/20,stock_features,COMPLETE,adjusted_eod;tradability,AFTER_SESSION_CLOSE,UNKNOWN,adjusted_eod:DATA_CONTRACT_PLUS_SCHEMA_GAP:UNKNOWN | tradability:SCHEMA_GAP:UNKNOWN,False
L2-T05,volume_ratio,volume_ratio_20_60,20/60,stock_features,COMPLETE,adjusted_eod;tradability,AFTER_SESSION_CLOSE,UNKNOWN,adjusted_eod:DATA_CONTRACT_PLUS_SCHEMA_GAP:UNKNOWN | tradability:SCHEMA_GAP:UNKNOWN,False
L2-T05,average_trading_amount,amount_mean20_twd,20,stock_features,COMPLETE,adjusted_eod;tradability,AFTER_SESSION_CLOSE,UNKNOWN,adjusted_eod:DATA_CONTRACT_PLUS_SCHEMA_GAP:UNKNOWN | tradability:SCHEMA_GAP:UNKNOWN,False
L2-T05,turnover_value_ratio,turnover_value_ratio,daily,stock_features,COMPLETE,market_value;tradability,AFTER_SESSION_CLOSE,UNKNOWN,market_value:SCHEMA_GAP:UNKNOWN | tradability:SCHEMA_GAP:UNKNOWN,False
L2-T05,volume_dryup_ratio,volume_dryup_prior5_20,prior5/prior20,stock_features,COMPLETE,adjusted_eod;tradability,AFTER_SESSION_CLOSE,UNKNOWN,adjusted_eod:DATA_CONTRACT_PLUS_SCHEMA_GAP:UNKNOWN | tradability:SCHEMA_GAP:UNKNOWN,False
L2-T05,up_day_volume_share,up_day_volume_share20,20,stock_features,COMPLETE,adjusted_eod;tradability,AFTER_SESSION_CLOSE,UNKNOWN,adjusted_eod:DATA_CONTRACT_PLUS_SCHEMA_GAP:UNKNOWN | tradability:SCHEMA_GAP:UNKNOWN,False
L2-T06,rsi_level,rsi13,RSI13,stock_features,COMPLETE,adjusted_eod;tradability,AFTER_SESSION_CLOSE,UNKNOWN,adjusted_eod:DATA_CONTRACT_PLUS_SCHEMA_GAP:UNKNOWN | tradability:SCHEMA_GAP:UNKNOWN,False
L2-T06,rsi_level,rsi14,RSI14,stock_features,COMPLETE,adjusted_eod;tradability,AFTER_SESSION_CLOSE,UNKNOWN,adjusted_eod:DATA_CONTRACT_PLUS_SCHEMA_GAP:UNKNOWN | tradability:SCHEMA_GAP:UNKNOWN,False
L2-T06,rsi_level,rsi26,RSI26,stock_features,COMPLETE,adjusted_eod;tradability,AFTER_SESSION_CLOSE,UNKNOWN,adjusted_eod:DATA_CONTRACT_PLUS_SCHEMA_GAP:UNKNOWN | tradability:SCHEMA_GAP:UNKNOWN,False
L2-T06,rsi_difference,rsi13_minus_rsi26,13-26,stock_features,COMPLETE,adjusted_eod;tradability,AFTER_SESSION_CLOSE,UNKNOWN,adjusted_eod:DATA_CONTRACT_PLUS_SCHEMA_GAP:UNKNOWN | tradability:SCHEMA_GAP:UNKNOWN,False
L2-T06,rsi_slope,rsi14_slope5,RSI14/5,stock_features,COMPLETE,adjusted_eod;tradability,AFTER_SESSION_CLOSE,UNKNOWN,adjusted_eod:DATA_CONTRACT_PLUS_SCHEMA_GAP:UNKNOWN | tradability:SCHEMA_GAP:UNKNOWN,False
L2-T07,kd_k,kd_k_9_3_3,9/3/3,stock_features,COMPLETE,adjusted_eod;tradability,AFTER_SESSION_CLOSE,UNKNOWN,adjusted_eod:DATA_CONTRACT_PLUS_SCHEMA_GAP:UNKNOWN | tradability:SCHEMA_GAP:UNKNOWN,False
L2-T07,kd_d,kd_d_9_3_3,9/3/3,stock_features,COMPLETE,adjusted_eod;tradability,AFTER_SESSION_CLOSE,UNKNOWN,adjusted_eod:DATA_CONTRACT_PLUS_SCHEMA_GAP:UNKNOWN | tradability:SCHEMA_GAP:UNKNOWN,False
L2-T07,kd_high_saturation_days,kd_high_saturation_days80,80,stock_features,COMPLETE,adjusted_eod;tradability,AFTER_SESSION_CLOSE,UNKNOWN,adjusted_eod:DATA_CONTRACT_PLUS_SCHEMA_GAP:UNKNOWN | tradability:SCHEMA_GAP:UNKNOWN,False
L2-T07,kd_low_saturation_days,kd_low_saturation_days20,20,stock_features,COMPLETE,adjusted_eod;tradability,AFTER_SESSION_CLOSE,UNKNOWN,adjusted_eod:DATA_CONTRACT_PLUS_SCHEMA_GAP:UNKNOWN | tradability:SCHEMA_GAP:UNKNOWN,False
L2-T08,macd_histogram,macd_hist_12_26_9,12/26/9,stock_features,COMPLETE,adjusted_eod;tradability,AFTER_SESSION_CLOSE,UNKNOWN,adjusted_eod:DATA_CONTRACT_PLUS_SCHEMA_GAP:UNKNOWN | tradability:SCHEMA_GAP:UNKNOWN,False
L2-T08,macd_histogram_slope,macd_hist_slope5,12/26/9 slope5,stock_features,COMPLETE,adjusted_eod;tradability,AFTER_SESSION_CLOSE,UNKNOWN,adjusted_eod:DATA_CONTRACT_PLUS_SCHEMA_GAP:UNKNOWN | tradability:SCHEMA_GAP:UNKNOWN,False
L2-T08,cci,cci20,20,stock_features,COMPLETE,adjusted_eod;tradability,AFTER_SESSION_CLOSE,UNKNOWN,adjusted_eod:DATA_CONTRACT_PLUS_SCHEMA_GAP:UNKNOWN | tradability:SCHEMA_GAP:UNKNOWN,False
L2-T08,williams_r,williams_r14,14,stock_features,COMPLETE,adjusted_eod;tradability,AFTER_SESSION_CLOSE,UNKNOWN,adjusted_eod:DATA_CONTRACT_PLUS_SCHEMA_GAP:UNKNOWN | tradability:SCHEMA_GAP:UNKNOWN,False
L3-G01,pit_industry,industry,PIT interval,stock_features,COMPLETE,industry_pit,AFTER_SESSION_CLOSE,UNKNOWN,industry_pit:SOURCE_AVAILABLE_DATE_DATE_ONLY:UNKNOWN,False
L3-G01,market_cap,market_cap_twd,daily,stock_features,COMPLETE,market_value;tradability,AFTER_SESSION_CLOSE,UNKNOWN,market_value:SCHEMA_GAP:UNKNOWN | tradability:SCHEMA_GAP:UNKNOWN,False
L3-G01,market_cap_tier,market_cap_tier,tercile,stock_features,COMPLETE,market_value;tradability,AFTER_SESSION_CLOSE,UNKNOWN,market_value:SCHEMA_GAP:UNKNOWN | tradability:SCHEMA_GAP:UNKNOWN,False
L3-G01,liquidity_tier,liquidity_tier,tercile,stock_features,COMPLETE,adjusted_eod;tradability,AFTER_SESSION_CLOSE,UNKNOWN,adjusted_eod:DATA_CONTRACT_PLUS_SCHEMA_GAP:UNKNOWN | tradability:SCHEMA_GAP:UNKNOWN,False
L3-G01,volatility_cluster,volatility_cluster,tercile,stock_features,COMPLETE,adjusted_eod;tradability,AFTER_SESSION_CLOSE,UNKNOWN,adjusted_eod:DATA_CONTRACT_PLUS_SCHEMA_GAP:UNKNOWN | tradability:SCHEMA_GAP:UNKNOWN,False
L3-G02,theme_membership,theme_membership,dated membership,stock_features,BLOCKED_DATA,BLOCKED_DATA,AFTER_SESSION_CLOSE,UNKNOWN,BLOCKED_DATA: source required by feature is unavailable.,False
L3-R01,relative_strength_market,rs_market_20,market/20,stock_features,COMPLETE,adjusted_eod;index_tri;tradability,AFTER_SESSION_CLOSE,UNKNOWN,adjusted_eod:DATA_CONTRACT_PLUS_SCHEMA_GAP:UNKNOWN | index_tri:SCHEMA_GAP:UNKNOWN | tradability:SCHEMA_GAP:UNKNOWN,False
L3-R01,relative_strength_industry,rs_industry_20,industry/20,stock_features,COMPLETE,adjusted_eod;industry_pit;index_tri;tradability,AFTER_SESSION_CLOSE,UNKNOWN,adjusted_eod:DATA_CONTRACT_PLUS_SCHEMA_GAP:UNKNOWN | industry_pit:SOURCE_AVAILABLE_DATE_DATE_ONLY:UNKNOWN | index_tri:SCHEMA_GAP:UNKNOWN | tradability:SCHEMA_GAP:UNKNOWN,False
L3-R01,relative_strength_market,rs_market_60,market/60,stock_features,COMPLETE,adjusted_eod;index_tri;tradability,AFTER_SESSION_CLOSE,UNKNOWN,adjusted_eod:DATA_CONTRACT_PLUS_SCHEMA_GAP:UNKNOWN | index_tri:SCHEMA_GAP:UNKNOWN | tradability:SCHEMA_GAP:UNKNOWN,False
L3-R01,relative_strength_industry,rs_industry_60,industry/60,stock_features,COMPLETE,adjusted_eod;industry_pit;index_tri;tradability,AFTER_SESSION_CLOSE,UNKNOWN,adjusted_eod:DATA_CONTRACT_PLUS_SCHEMA_GAP:UNKNOWN | industry_pit:SOURCE_AVAILABLE_DATE_DATE_ONLY:UNKNOWN | index_tri:SCHEMA_GAP:UNKNOWN | tradability:SCHEMA_GAP:UNKNOWN,False
L3-R01,relative_strength_market,rs_market_120,market/120,stock_features,COMPLETE,adjusted_eod;index_tri;tradability,AFTER_SESSION_CLOSE,UNKNOWN,adjusted_eod:DATA_CONTRACT_PLUS_SCHEMA_GAP:UNKNOWN | index_tri:SCHEMA_GAP:UNKNOWN | tradability:SCHEMA_GAP:UNKNOWN,False
L3-R01,relative_strength_industry,rs_industry_120,industry/120,stock_features,COMPLETE,adjusted_eod;industry_pit;index_tri;tradability,AFTER_SESSION_CLOSE,UNKNOWN,adjusted_eod:DATA_CONTRACT_PLUS_SCHEMA_GAP:UNKNOWN | industry_pit:SOURCE_AVAILABLE_DATE_DATE_ONLY:UNKNOWN | index_tri:SCHEMA_GAP:UNKNOWN | tradability:SCHEMA_GAP:UNKNOWN,False
L3-R02,beta,beta60_market,60,stock_features,COMPLETE,adjusted_eod;index_tri;tradability,AFTER_SESSION_CLOSE,UNKNOWN,adjusted_eod:DATA_CONTRACT_PLUS_SCHEMA_GAP:UNKNOWN | index_tri:SCHEMA_GAP:UNKNOWN | tradability:SCHEMA_GAP:UNKNOWN,False
L3-R02,market_correlation,corr60_market,60,stock_features,COMPLETE,adjusted_eod;index_tri;tradability,AFTER_SESSION_CLOSE,UNKNOWN,adjusted_eod:DATA_CONTRACT_PLUS_SCHEMA_GAP:UNKNOWN | index_tri:SCHEMA_GAP:UNKNOWN | tradability:SCHEMA_GAP:UNKNOWN,False
L3-R02,residual_volatility,resid_vol60_market,60,stock_features,COMPLETE,adjusted_eod;index_tri;tradability,AFTER_SESSION_CLOSE,UNKNOWN,adjusted_eod:DATA_CONTRACT_PLUS_SCHEMA_GAP:UNKNOWN | index_tri:SCHEMA_GAP:UNKNOWN | tradability:SCHEMA_GAP:UNKNOWN,False
L3-I01,industry_relative_strength_market,industry_rs_market_20,20,stock_features,COMPLETE,adjusted_eod;industry_pit;index_tri;tradability,AFTER_SESSION_CLOSE,UNKNOWN,adjusted_eod:DATA_CONTRACT_PLUS_SCHEMA_GAP:UNKNOWN | industry_pit:SOURCE_AVAILABLE_DATE_DATE_ONLY:UNKNOWN | index_tri:SCHEMA_GAP:UNKNOWN | tradability:SCHEMA_GAP:UNKNOWN,False
L3-I01,industry_strength_rank,industry_strength_rank_20,20,stock_features,COMPLETE,adjusted_eod;industry_pit;index_tri;tradability,AFTER_SESSION_CLOSE,UNKNOWN,adjusted_eod:DATA_CONTRACT_PLUS_SCHEMA_GAP:UNKNOWN | industry_pit:SOURCE_AVAILABLE_DATE_DATE_ONLY:UNKNOWN | index_tri:SCHEMA_GAP:UNKNOWN | tradability:SCHEMA_GAP:UNKNOWN,False
L3-I01,industry_relative_strength_market,industry_rs_market_60,60,stock_features,COMPLETE,adjusted_eod;industry_pit;index_tri;tradability,AFTER_SESSION_CLOSE,UNKNOWN,adjusted_eod:DATA_CONTRACT_PLUS_SCHEMA_GAP:UNKNOWN | industry_pit:SOURCE_AVAILABLE_DATE_DATE_ONLY:UNKNOWN | index_tri:SCHEMA_GAP:UNKNOWN | tradability:SCHEMA_GAP:UNKNOWN,False
L3-I01,industry_strength_rank,industry_strength_rank_60,60,stock_features,COMPLETE,adjusted_eod;industry_pit;index_tri;tradability,AFTER_SESSION_CLOSE,UNKNOWN,adjusted_eod:DATA_CONTRACT_PLUS_SCHEMA_GAP:UNKNOWN | industry_pit:SOURCE_AVAILABLE_DATE_DATE_ONLY:UNKNOWN | index_tri:SCHEMA_GAP:UNKNOWN | tradability:SCHEMA_GAP:UNKNOWN,False
L3-I01,industry_relative_strength_market,industry_rs_market_120,120,stock_features,COMPLETE,adjusted_eod;industry_pit;index_tri;tradability,AFTER_SESSION_CLOSE,UNKNOWN,adjusted_eod:DATA_CONTRACT_PLUS_SCHEMA_GAP:UNKNOWN | industry_pit:SOURCE_AVAILABLE_DATE_DATE_ONLY:UNKNOWN | index_tri:SCHEMA_GAP:UNKNOWN | tradability:SCHEMA_GAP:UNKNOWN,False
L3-I01,industry_strength_rank,industry_strength_rank_120,120,stock_features,COMPLETE,adjusted_eod;industry_pit;index_tri;tradability,AFTER_SESSION_CLOSE,UNKNOWN,adjusted_eod:DATA_CONTRACT_PLUS_SCHEMA_GAP:UNKNOWN | industry_pit:SOURCE_AVAILABLE_DATE_DATE_ONLY:UNKNOWN | index_tri:SCHEMA_GAP:UNKNOWN | tradability:SCHEMA_GAP:UNKNOWN,False
L3-M01,market_to_ma200,market_to_ma200,200,market_context,COMPLETE,index_tri,AFTER_SESSION_CLOSE,UNKNOWN,index_tri:SCHEMA_GAP:UNKNOWN,False
L3-M01,market_volatility,market_rv20,20,market_context,COMPLETE,index_tri,AFTER_SESSION_CLOSE,UNKNOWN,index_tri:SCHEMA_GAP:UNKNOWN,False
L3-M01,market_position,market_position252,252,market_context,COMPLETE,index_tri,AFTER_SESSION_CLOSE,UNKNOWN,index_tri:SCHEMA_GAP:UNKNOWN,False
RANDOM_CONTROL,random_control,random_control_01,seed=1001,stock_features,CONTROL,random_control,AFTER_SESSION_CLOSE,PASS,random_control:DETERMINISTIC_INTERNAL:PASS,True
RANDOM_CONTROL,random_control,random_control_02,seed=1002,stock_features,CONTROL,random_control,AFTER_SESSION_CLOSE,PASS,random_control:DETERMINISTIC_INTERNAL:PASS,True
RANDOM_CONTROL,random_control,random_control_03,seed=1003,stock_features,CONTROL,random_control,AFTER_SESSION_CLOSE,PASS,random_control:DETERMINISTIC_INTERNAL:PASS,True
RANDOM_CONTROL,random_control,random_control_04,seed=1004,stock_features,CONTROL,random_control,AFTER_SESSION_CLOSE,PASS,random_control:DETERMINISTIC_INTERNAL:PASS,True
RANDOM_CONTROL,random_control,random_control_05,seed=1005,stock_features,CONTROL,random_control,AFTER_SESSION_CLOSE,PASS,random_control:DETERMINISTIC_INTERNAL:PASS,True
RANDOM_CONTROL,random_control,random_control_06,seed=1006,stock_features,CONTROL,random_control,AFTER_SESSION_CLOSE,PASS,random_control:DETERMINISTIC_INTERNAL:PASS,True
RANDOM_CONTROL,random_control,random_control_07,seed=1007,stock_features,CONTROL,random_control,AFTER_SESSION_CLOSE,PASS,random_control:DETERMINISTIC_INTERNAL:PASS,True
RANDOM_CONTROL,random_control,random_control_08,seed=1008,stock_features,CONTROL,random_control,AFTER_SESSION_CLOSE,PASS,random_control:DETERMINISTIC_INTERNAL:PASS,True
RANDOM_CONTROL,random_control,random_control_09,seed=1009,stock_features,CONTROL,random_control,AFTER_SESSION_CLOSE,PASS,random_control:DETERMINISTIC_INTERNAL:PASS,True
RANDOM_CONTROL,random_control,random_control_10,seed=1010,stock_features,CONTROL,random_control,AFTER_SESSION_CLOSE,PASS,random_control:DETERMINISTIC_INTERNAL:PASS,True
