date,n_eligible,n_valid,feature,item_id,rank_required,rank_usable,reason
2016-01-04,223,0,close_to_ma250,L2-T01,True,False,INSUFFICIENT_VALID_TARGETS_FOR_CROSS_SECTION_RANK
2016-01-05,217,0,close_to_ma250,L2-T01,True,False,INSUFFICIENT_VALID_TARGETS_FOR_CROSS_SECTION_RANK
2016-01-06,219,0,close_to_ma250,L2-T01,True,False,INSUFFICIENT_VALID_TARGETS_FOR_CROSS_SECTION_RANK
2016-01-07,217,0,close_to_ma250,L2-T01,True,False,INSUFFICIENT_VALID_TARGETS_FOR_CROSS_SECTION_RANK
2016-01-08,221,0,close_to_ma250,L2-T01,True,False,INSUFFICIENT_VALID_TARGETS_FOR_CROSS_SECTION_RANK
2016-01-11,217,0,close_to_ma250,L2-T01,True,False,INSUFFICIENT_VALID_TARGETS_FOR_CROSS_SECTION_RANK
2016-01-12,218,0,close_to_ma250,L2-T01,True,False,INSUFFICIENT_VALID_TARGETS_FOR_CROSS_SECTION_RANK
2016-01-13,219,0,close_to_ma250,L2-T01,True,False,INSUFFICIENT_VALID_TARGETS_FOR_CROSS_SECTION_RANK
2016-01-14,214,0,close_to_ma250,L2-T01,True,False,INSUFFICIENT_VALID_TARGETS_FOR_CROSS_SECTION_RANK
2016-01-15,218,0,close_to_ma250,L2-T01,True,False,INSUFFICIENT_VALID_TARGETS_FOR_CROSS_SECTION_RANK
2016-01-18,217,0,close_to_ma250,L2-T01,True,False,INSUFFICIENT_VALID_TARGETS_FOR_CROSS_SECTION_RANK
2016-01-19,214,0,close_to_ma250,L2-T01,True,False,INSUFFICIENT_VALID_TARGETS_FOR_CROSS_SECTION_RANK
2016-01-20,217,0,close_to_ma250,L2-T01,True,False,INSUFFICIENT_VALID_TARGETS_FOR_CROSS_SECTION_RANK
2016-01-21,214,0,close_to_ma250,L2-T01,True,False,INSUFFICIENT_VALID_TARGETS_FOR_CROSS_SECTION_RANK
2016-01-22,214,0,close_to_ma250,L2-T01,True,False,INSUFFICIENT_VALID_TARGETS_FOR_CROSS_SECTION_RANK
2016-01-25,215,0,close_to_ma250,L2-T01,True,False,INSUFFICIENT_VALID_TARGETS_FOR_CROSS_SECTION_RANK
2016-01-26,214,0,close_to_ma250,L2-T01,True,False,INSUFFICIENT_VALID_TARGETS_FOR_CROSS_SECTION_RANK
2016-01-27,216,0,close_to_ma250,L2-T01,True,False,INSUFFICIENT_VALID_TARGETS_FOR_CROSS_SECTION_RANK
2016-01-28,216,0,close_to_ma250,L2-T01,True,False,INSUFFICIENT_VALID_TARGETS_FOR_CROSS_SECTION_RANK
2016-01-29,219,0,close_to_ma250,L2-T01,True,False,INSUFFICIENT_VALID_TARGETS_FOR_CROSS_SECTION_RANK
2016-01-30,199,0,close_to_ma250,L2-T01,True,False,INSUFFICIENT_VALID_TARGETS_FOR_CROSS_SECTION_RANK
2016-02-01,221,0,close_to_ma250,L2-T01,True,False,INSUFFICIENT_VALID_TARGETS_FOR_CROSS_SECTION_RANK
2016-02-02,221,0,close_to_ma250,L2-T01,True,False,INSUFFICIENT_VALID_TARGETS_FOR_CROSS_SECTION_RANK
2016-02-03,223,0,close_to_ma250,L2-T01,True,False,INSUFFICIENT_VALID_TARGETS_FOR_CROSS_SECTION_RANK
2016-02-15,221,0,close_to_ma250,L2-T01,True,False,INSUFFICIENT_VALID_TARGETS_FOR_CROSS_SECTION_RANK
2016-02-16,221,0,close_to_ma250,L2-T01,True,False,INSUFFICIENT_VALID_TARGETS_FOR_CROSS_SECTION_RANK
2016-02-17,225,0,close_to_ma250,L2-T01,True,False,INSUFFICIENT_VALID_TARGETS_FOR_CROSS_SECTION_RANK
2016-02-18,226,0,close_to_ma250,L2-T01,True,False,INSUFFICIENT_VALID_TARGETS_FOR_CROSS_SECTION_RANK
2016-02-19,224,0,close_to_ma250,L2-T01,True,False,INSUFFICIENT_VALID_TARGETS_FOR_CROSS_SECTION_RANK
2016-02-22,223,0,close_to_ma250,L2-T01,True,False,INSUFFICIENT_VALID_TARGETS_FOR_CROSS_SECTION_RANK
2016-02-23,227,0,close_to_ma250,L2-T01,True,False,INSUFFICIENT_VALID_TARGETS_FOR_CROSS_SECTION_RANK
2016-02-24,225,0,close_to_ma250,L2-T01,True,False,INSUFFICIENT_VALID_TARGETS_FOR_CROSS_SECTION_RANK
2016-02-25,227,0,close_to_ma250,L2-T01,True,False,INSUFFICIENT_VALID_TARGETS_FOR_CROSS_SECTION_RANK
2016-02-26,228,0,close_to_ma250,L2-T01,True,False,INSUFFICIENT_VALID_TARGETS_FOR_CROSS_SECTION_RANK
2016-03-01,229,0,close_to_ma250,L2-T01,True,False,INSUFFICIENT_VALID_TARGETS_FOR_CROSS_SECTION_RANK
2016-03-02,230,0,close_to_ma250,L2-T01,True,False,INSUFFICIENT_VALID_TARGETS_FOR_CROSS_SECTION_RANK
2016-03-03,233,0,close_to_ma250,L2-T01,True,False,INSUFFICIENT_VALID_TARGETS_FOR_CROSS_SECTION_RANK
2016-03-04,232,0,close_to_ma250,L2-T01,True,False,INSUFFICIENT_VALID_TARGETS_FOR_CROSS_SECTION_RANK
2016-03-07,236,0,close_to_ma250,L2-T01,True,False,INSUFFICIENT_VALID_TARGETS_FOR_CROSS_SECTION_RANK
2016-03-08,234,0,close_to_ma250,L2-T01,True,False,INSUFFICIENT_VALID_TARGETS_FOR_CROSS_SECTION_RANK
2016-03-09,234,0,close_to_ma250,L2-T01,True,False,INSUFFICIENT_VALID_TARGETS_FOR_CROSS_SECTION_RANK
2016-03-10,237,0,close_to_ma250,L2-T01,True,False,INSUFFICIENT_VALID_TARGETS_FOR_CROSS_SECTION_RANK
2016-03-11,239,0,close_to_ma250,L2-T01,True,False,INSUFFICIENT_VALID_TARGETS_FOR_CROSS_SECTION_RANK
2016-03-14,240,0,close_to_ma250,L2-T01,True,False,INSUFFICIENT_VALID_TARGETS_FOR_CROSS_SECTION_RANK
2016-03-15,236,0,close_to_ma250,L2-T01,True,False,INSUFFICIENT_VALID_TARGETS_FOR_CROSS_SECTION_RANK
2016-03-16,238,0,close_to_ma250,L2-T01,True,False,INSUFFICIENT_VALID_TARGETS_FOR_CROSS_SECTION_RANK
2016-03-17,236,0,close_to_ma250,L2-T01,True,False,INSUFFICIENT_VALID_TARGETS_FOR_CROSS_SECTION_RANK
2016-03-18,240,0,close_to_ma250,L2-T01,True,False,INSUFFICIENT_VALID_TARGETS_FOR_CROSS_SECTION_RANK
2016-03-21,239,0,close_to_ma250,L2-T01,True,False,INSUFFICIENT_VALID_TARGETS_FOR_CROSS_SECTION_RANK
2016-03-22,239,0,close_to_ma250,L2-T01,True,False,INSUFFICIENT_VALID_TARGETS_FOR_CROSS_SECTION_RANK
2016-03-23,237,0,close_to_ma250,L2-T01,True,False,INSUFFICIENT_VALID_TARGETS_FOR_CROSS_SECTION_RANK
2016-03-24,239,0,close_to_ma250,L2-T01,True,False,INSUFFICIENT_VALID_TARGETS_FOR_CROSS_SECTION_RANK
2016-03-25,238,0,close_to_ma250,L2-T01,True,False,INSUFFICIENT_VALID_TARGETS_FOR_CROSS_SECTION_RANK
2016-03-28,236,0,close_to_ma250,L2-T01,True,False,INSUFFICIENT_VALID_TARGETS_FOR_CROSS_SECTION_RANK
2016-03-29,235,0,close_to_ma250,L2-T01,True,False,INSUFFICIENT_VALID_TARGETS_FOR_CROSS_SECTION_RANK
2016-03-30,232,0,close_to_ma250,L2-T01,True,False,INSUFFICIENT_VALID_TARGETS_FOR_CROSS_SECTION_RANK
2016-03-31,236,0,close_to_ma250,L2-T01,True,False,INSUFFICIENT_VALID_TARGETS_FOR_CROSS_SECTION_RANK
2016-04-01,232,0,close_to_ma250,L2-T01,True,False,INSUFFICIENT_VALID_TARGETS_FOR_CROSS_SECTION_RANK
2016-04-06,234,0,close_to_ma250,L2-T01,True,False,INSUFFICIENT_VALID_TARGETS_FOR_CROSS_SECTION_RANK
2016-04-07,236,0,close_to_ma250,L2-T01,True,False,INSUFFICIENT_VALID_TARGETS_FOR_CROSS_SECTION_RANK
2016-04-08,234,0,close_to_ma250,L2-T01,True,False,INSUFFICIENT_VALID_TARGETS_FOR_CROSS_SECTION_RANK
2016-04-11,236,0,close_to_ma250,L2-T01,True,False,INSUFFICIENT_VALID_TARGETS_FOR_CROSS_SECTION_RANK
2016-04-12,236,0,close_to_ma250,L2-T01,True,False,INSUFFICIENT_VALID_TARGETS_FOR_CROSS_SECTION_RANK
2016-04-13,240,0,close_to_ma250,L2-T01,True,False,INSUFFICIENT_VALID_TARGETS_FOR_CROSS_SECTION_RANK
2016-04-14,236,0,close_to_ma250,L2-T01,True,False,INSUFFICIENT_VALID_TARGETS_FOR_CROSS_SECTION_RANK
2016-04-15,237,0,close_to_ma250,L2-T01,True,False,INSUFFICIENT_VALID_TARGETS_FOR_CROSS_SECTION_RANK
2016-04-18,237,0,close_to_ma250,L2-T01,True,False,INSUFFICIENT_VALID_TARGETS_FOR_CROSS_SECTION_RANK
2016-04-19,238,0,close_to_ma250,L2-T01,True,False,INSUFFICIENT_VALID_TARGETS_FOR_CROSS_SECTION_RANK
2016-04-20,235,0,close_to_ma250,L2-T01,True,False,INSUFFICIENT_VALID_TARGETS_FOR_CROSS_SECTION_RANK
2016-04-21,236,0,close_to_ma250,L2-T01,True,False,INSUFFICIENT_VALID_TARGETS_FOR_CROSS_SECTION_RANK
2016-04-22,235,0,close_to_ma250,L2-T01,True,False,INSUFFICIENT_VALID_TARGETS_FOR_CROSS_SECTION_RANK
2016-04-25,230,0,close_to_ma250,L2-T01,True,False,INSUFFICIENT_VALID_TARGETS_FOR_CROSS_SECTION_RANK
2016-04-26,235,0,close_to_ma250,L2-T01,True,False,INSUFFICIENT_VALID_TARGETS_FOR_CROSS_SECTION_RANK
2016-04-27,233,0,close_to_ma250,L2-T01,True,False,INSUFFICIENT_VALID_TARGETS_FOR_CROSS_SECTION_RANK
2016-04-28,233,0,close_to_ma250,L2-T01,True,False,INSUFFICIENT_VALID_TARGETS_FOR_CROSS_SECTION_RANK
2016-04-29,235,0,close_to_ma250,L2-T01,True,False,INSUFFICIENT_VALID_TARGETS_FOR_CROSS_SECTION_RANK
2016-05-03,234,0,close_to_ma250,L2-T01,True,False,INSUFFICIENT_VALID_TARGETS_FOR_CROSS_SECTION_RANK
2016-05-04,228,0,close_to_ma250,L2-T01,True,False,INSUFFICIENT_VALID_TARGETS_FOR_CROSS_SECTION_RANK
2016-05-05,228,0,close_to_ma250,L2-T01,True,False,INSUFFICIENT_VALID_TARGETS_FOR_CROSS_SECTION_RANK
2016-05-06,228,0,close_to_ma250,L2-T01,True,False,INSUFFICIENT_VALID_TARGETS_FOR_CROSS_SECTION_RANK
2016-05-09,227,0,close_to_ma250,L2-T01,True,False,INSUFFICIENT_VALID_TARGETS_FOR_CROSS_SECTION_RANK
2016-05-10,229,0,close_to_ma250,L2-T01,True,False,INSUFFICIENT_VALID_TARGETS_FOR_CROSS_SECTION_RANK
2016-05-11,227,0,close_to_ma250,L2-T01,True,False,INSUFFICIENT_VALID_TARGETS_FOR_CROSS_SECTION_RANK
2016-05-12,223,0,close_to_ma250,L2-T01,True,False,INSUFFICIENT_VALID_TARGETS_FOR_CROSS_SECTION_RANK
2016-05-13,224,0,close_to_ma250,L2-T01,True,False,INSUFFICIENT_VALID_TARGETS_FOR_CROSS_SECTION_RANK
2016-05-16,221,0,close_to_ma250,L2-T01,True,False,INSUFFICIENT_VALID_TARGETS_FOR_CROSS_SECTION_RANK
2016-05-17,222,0,close_to_ma250,L2-T01,True,False,INSUFFICIENT_VALID_TARGETS_FOR_CROSS_SECTION_RANK
2016-05-18,223,0,close_to_ma250,L2-T01,True,False,INSUFFICIENT_VALID_TARGETS_FOR_CROSS_SECTION_RANK
2016-05-19,221,0,close_to_ma250,L2-T01,True,False,INSUFFICIENT_VALID_TARGETS_FOR_CROSS_SECTION_RANK
2016-05-20,222,0,close_to_ma250,L2-T01,True,False,INSUFFICIENT_VALID_TARGETS_FOR_CROSS_SECTION_RANK
2016-05-23,228,0,close_to_ma250,L2-T01,True,False,INSUFFICIENT_VALID_TARGETS_FOR_CROSS_SECTION_RANK
2016-05-24,225,0,close_to_ma250,L2-T01,True,False,INSUFFICIENT_VALID_TARGETS_FOR_CROSS_SECTION_RANK
2016-05-25,226,0,close_to_ma250,L2-T01,True,False,INSUFFICIENT_VALID_TARGETS_FOR_CROSS_SECTION_RANK
2016-05-26,226,0,close_to_ma250,L2-T01,True,False,INSUFFICIENT_VALID_TARGETS_FOR_CROSS_SECTION_RANK
2016-05-27,230,0,close_to_ma250,L2-T01,True,False,INSUFFICIENT_VALID_TARGETS_FOR_CROSS_SECTION_RANK
2016-05-30,228,0,close_to_ma250,L2-T01,True,False,INSUFFICIENT_VALID_TARGETS_FOR_CROSS_SECTION_RANK
2016-05-31,226,0,close_to_ma250,L2-T01,True,False,INSUFFICIENT_VALID_TARGETS_FOR_CROSS_SECTION_RANK
2016-06-01,232,0,close_to_ma250,L2-T01,True,False,INSUFFICIENT_VALID_TARGETS_FOR_CROSS_SECTION_RANK
2016-06-02,228,0,close_to_ma250,L2-T01,True,False,INSUFFICIENT_VALID_TARGETS_FOR_CROSS_SECTION_RANK
2016-06-03,230,0,close_to_ma250,L2-T01,True,False,INSUFFICIENT_VALID_TARGETS_FOR_CROSS_SECTION_RANK
2016-01-04,223,0,ma_order_score,L2-T01,True,False,INSUFFICIENT_VALID_TARGETS_FOR_CROSS_SECTION_RANK
2016-01-05,217,0,ma_order_score,L2-T01,True,False,INSUFFICIENT_VALID_TARGETS_FOR_CROSS_SECTION_RANK
2016-01-06,219,0,ma_order_score,L2-T01,True,False,INSUFFICIENT_VALID_TARGETS_FOR_CROSS_SECTION_RANK
2016-01-07,217,0,ma_order_score,L2-T01,True,False,INSUFFICIENT_VALID_TARGETS_FOR_CROSS_SECTION_RANK
2016-01-08,221,0,ma_order_score,L2-T01,True,False,INSUFFICIENT_VALID_TARGETS_FOR_CROSS_SECTION_RANK
2016-01-11,217,0,ma_order_score,L2-T01,True,False,INSUFFICIENT_VALID_TARGETS_FOR_CROSS_SECTION_RANK
2016-01-12,218,0,ma_order_score,L2-T01,True,False,INSUFFICIENT_VALID_TARGETS_FOR_CROSS_SECTION_RANK
2016-01-13,219,0,ma_order_score,L2-T01,True,False,INSUFFICIENT_VALID_TARGETS_FOR_CROSS_SECTION_RANK
2016-01-14,214,0,ma_order_score,L2-T01,True,False,INSUFFICIENT_VALID_TARGETS_FOR_CROSS_SECTION_RANK
2016-01-15,218,0,ma_order_score,L2-T01,True,False,INSUFFICIENT_VALID_TARGETS_FOR_CROSS_SECTION_RANK
2016-01-18,217,0,ma_order_score,L2-T01,True,False,INSUFFICIENT_VALID_TARGETS_FOR_CROSS_SECTION_RANK
2016-01-19,214,0,ma_order_score,L2-T01,True,False,INSUFFICIENT_VALID_TARGETS_FOR_CROSS_SECTION_RANK
2016-01-20,217,0,ma_order_score,L2-T01,True,False,INSUFFICIENT_VALID_TARGETS_FOR_CROSS_SECTION_RANK
2016-01-21,214,0,ma_order_score,L2-T01,True,False,INSUFFICIENT_VALID_TARGETS_FOR_CROSS_SECTION_RANK
2016-01-22,214,0,ma_order_score,L2-T01,True,False,INSUFFICIENT_VALID_TARGETS_FOR_CROSS_SECTION_RANK
2016-01-25,215,0,ma_order_score,L2-T01,True,False,INSUFFICIENT_VALID_TARGETS_FOR_CROSS_SECTION_RANK
2016-01-26,214,0,ma_order_score,L2-T01,True,False,INSUFFICIENT_VALID_TARGETS_FOR_CROSS_SECTION_RANK
2016-01-27,216,0,ma_order_score,L2-T01,True,False,INSUFFICIENT_VALID_TARGETS_FOR_CROSS_SECTION_RANK
2016-01-28,216,0,ma_order_score,L2-T01,True,False,INSUFFICIENT_VALID_TARGETS_FOR_CROSS_SECTION_RANK
2016-01-29,219,0,ma_order_score,L2-T01,True,False,INSUFFICIENT_VALID_TARGETS_FOR_CROSS_SECTION_RANK
2016-01-30,199,0,ma_order_score,L2-T01,True,False,INSUFFICIENT_VALID_TARGETS_FOR_CROSS_SECTION_RANK
2016-02-01,221,0,ma_order_score,L2-T01,True,False,INSUFFICIENT_VALID_TARGETS_FOR_CROSS_SECTION_RANK
2016-02-02,221,0,ma_order_score,L2-T01,True,False,INSUFFICIENT_VALID_TARGETS_FOR_CROSS_SECTION_RANK
2016-02-03,223,0,ma_order_score,L2-T01,True,False,INSUFFICIENT_VALID_TARGETS_FOR_CROSS_SECTION_RANK
2016-02-15,221,0,ma_order_score,L2-T01,True,False,INSUFFICIENT_VALID_TARGETS_FOR_CROSS_SECTION_RANK
2016-02-16,221,0,ma_order_score,L2-T01,True,False,INSUFFICIENT_VALID_TARGETS_FOR_CROSS_SECTION_RANK
2016-02-17,225,0,ma_order_score,L2-T01,True,False,INSUFFICIENT_VALID_TARGETS_FOR_CROSS_SECTION_RANK
2016-02-18,226,0,ma_order_score,L2-T01,True,False,INSUFFICIENT_VALID_TARGETS_FOR_CROSS_SECTION_RANK
2016-02-19,224,0,ma_order_score,L2-T01,True,False,INSUFFICIENT_VALID_TARGETS_FOR_CROSS_SECTION_RANK
2016-02-22,223,0,ma_order_score,L2-T01,True,False,INSUFFICIENT_VALID_TARGETS_FOR_CROSS_SECTION_RANK
2016-02-23,227,0,ma_order_score,L2-T01,True,False,INSUFFICIENT_VALID_TARGETS_FOR_CROSS_SECTION_RANK
2016-02-24,225,0,ma_order_score,L2-T01,True,False,INSUFFICIENT_VALID_TARGETS_FOR_CROSS_SECTION_RANK
2016-02-25,227,0,ma_order_score,L2-T01,True,False,INSUFFICIENT_VALID_TARGETS_FOR_CROSS_SECTION_RANK
2016-02-26,228,0,ma_order_score,L2-T01,True,False,INSUFFICIENT_VALID_TARGETS_FOR_CROSS_SECTION_RANK
2016-03-01,229,0,ma_order_score,L2-T01,True,False,INSUFFICIENT_VALID_TARGETS_FOR_CROSS_SECTION_RANK
2016-03-02,230,0,ma_order_score,L2-T01,True,False,INSUFFICIENT_VALID_TARGETS_FOR_CROSS_SECTION_RANK
2016-03-03,233,0,ma_order_score,L2-T01,True,False,INSUFFICIENT_VALID_TARGETS_FOR_CROSS_SECTION_RANK
2016-03-04,232,0,ma_order_score,L2-T01,True,False,INSUFFICIENT_VALID_TARGETS_FOR_CROSS_SECTION_RANK
2016-03-07,236,0,ma_order_score,L2-T01,True,False,INSUFFICIENT_VALID_TARGETS_FOR_CROSS_SECTION_RANK
2016-03-08,234,0,ma_order_score,L2-T01,True,False,INSUFFICIENT_VALID_TARGETS_FOR_CROSS_SECTION_RANK
2016-03-09,234,0,ma_order_score,L2-T01,True,False,INSUFFICIENT_VALID_TARGETS_FOR_CROSS_SECTION_RANK
2016-03-10,237,0,ma_order_score,L2-T01,True,False,INSUFFICIENT_VALID_TARGETS_FOR_CROSS_SECTION_RANK
2016-03-11,239,0,ma_order_score,L2-T01,True,False,INSUFFICIENT_VALID_TARGETS_FOR_CROSS_SECTION_RANK
2016-03-14,240,0,ma_order_score,L2-T01,True,False,INSUFFICIENT_VALID_TARGETS_FOR_CROSS_SECTION_RANK
2016-03-15,236,0,ma_order_score,L2-T01,True,False,INSUFFICIENT_VALID_TARGETS_FOR_CROSS_SECTION_RANK
2016-03-16,238,0,ma_order_score,L2-T01,True,False,INSUFFICIENT_VALID_TARGETS_FOR_CROSS_SECTION_RANK
2016-03-17,236,0,ma_order_score,L2-T01,True,False,INSUFFICIENT_VALID_TARGETS_FOR_CROSS_SECTION_RANK
2016-03-18,240,0,ma_order_score,L2-T01,True,False,INSUFFICIENT_VALID_TARGETS_FOR_CROSS_SECTION_RANK
2016-03-21,239,0,ma_order_score,L2-T01,True,False,INSUFFICIENT_VALID_TARGETS_FOR_CROSS_SECTION_RANK
2016-03-22,239,0,ma_order_score,L2-T01,True,False,INSUFFICIENT_VALID_TARGETS_FOR_CROSS_SECTION_RANK
2016-03-23,237,0,ma_order_score,L2-T01,True,False,INSUFFICIENT_VALID_TARGETS_FOR_CROSS_SECTION_RANK
2016-03-24,239,0,ma_order_score,L2-T01,True,False,INSUFFICIENT_VALID_TARGETS_FOR_CROSS_SECTION_RANK
2016-03-25,238,0,ma_order_score,L2-T01,True,False,INSUFFICIENT_VALID_TARGETS_FOR_CROSS_SECTION_RANK
2016-03-28,236,0,ma_order_score,L2-T01,True,False,INSUFFICIENT_VALID_TARGETS_FOR_CROSS_SECTION_RANK
2016-03-29,235,0,ma_order_score,L2-T01,True,False,INSUFFICIENT_VALID_TARGETS_FOR_CROSS_SECTION_RANK
2016-03-30,232,0,ma_order_score,L2-T01,True,False,INSUFFICIENT_VALID_TARGETS_FOR_CROSS_SECTION_RANK
2016-03-31,236,0,ma_order_score,L2-T01,True,False,INSUFFICIENT_VALID_TARGETS_FOR_CROSS_SECTION_RANK
2016-04-01,232,0,ma_order_score,L2-T01,True,False,INSUFFICIENT_VALID_TARGETS_FOR_CROSS_SECTION_RANK
2016-04-06,234,0,ma_order_score,L2-T01,True,False,INSUFFICIENT_VALID_TARGETS_FOR_CROSS_SECTION_RANK
2016-04-07,236,0,ma_order_score,L2-T01,True,False,INSUFFICIENT_VALID_TARGETS_FOR_CROSS_SECTION_RANK
2016-04-08,234,0,ma_order_score,L2-T01,True,False,INSUFFICIENT_VALID_TARGETS_FOR_CROSS_SECTION_RANK
2016-04-11,236,0,ma_order_score,L2-T01,True,False,INSUFFICIENT_VALID_TARGETS_FOR_CROSS_SECTION_RANK
2016-04-12,236,0,ma_order_score,L2-T01,True,False,INSUFFICIENT_VALID_TARGETS_FOR_CROSS_SECTION_RANK
2016-04-13,240,0,ma_order_score,L2-T01,True,False,INSUFFICIENT_VALID_TARGETS_FOR_CROSS_SECTION_RANK
2016-04-14,236,0,ma_order_score,L2-T01,True,False,INSUFFICIENT_VALID_TARGETS_FOR_CROSS_SECTION_RANK
2016-04-15,237,0,ma_order_score,L2-T01,True,False,INSUFFICIENT_VALID_TARGETS_FOR_CROSS_SECTION_RANK
2016-04-18,237,0,ma_order_score,L2-T01,True,False,INSUFFICIENT_VALID_TARGETS_FOR_CROSS_SECTION_RANK
2016-04-19,238,0,ma_order_score,L2-T01,True,False,INSUFFICIENT_VALID_TARGETS_FOR_CROSS_SECTION_RANK
2016-04-20,235,0,ma_order_score,L2-T01,True,False,INSUFFICIENT_VALID_TARGETS_FOR_CROSS_SECTION_RANK
2016-04-21,236,0,ma_order_score,L2-T01,True,False,INSUFFICIENT_VALID_TARGETS_FOR_CROSS_SECTION_RANK
2016-04-22,235,0,ma_order_score,L2-T01,True,False,INSUFFICIENT_VALID_TARGETS_FOR_CROSS_SECTION_RANK
2016-04-25,230,0,ma_order_score,L2-T01,True,False,INSUFFICIENT_VALID_TARGETS_FOR_CROSS_SECTION_RANK
2016-04-26,235,0,ma_order_score,L2-T01,True,False,INSUFFICIENT_VALID_TARGETS_FOR_CROSS_SECTION_RANK
2016-04-27,233,0,ma_order_score,L2-T01,True,False,INSUFFICIENT_VALID_TARGETS_FOR_CROSS_SECTION_RANK
2016-04-28,233,0,ma_order_score,L2-T01,True,False,INSUFFICIENT_VALID_TARGETS_FOR_CROSS_SECTION_RANK
2016-04-29,235,0,ma_order_score,L2-T01,True,False,INSUFFICIENT_VALID_TARGETS_FOR_CROSS_SECTION_RANK
2016-05-03,234,0,ma_order_score,L2-T01,True,False,INSUFFICIENT_VALID_TARGETS_FOR_CROSS_SECTION_RANK
2016-05-04,228,0,ma_order_score,L2-T01,True,False,INSUFFICIENT_VALID_TARGETS_FOR_CROSS_SECTION_RANK
2016-05-05,228,0,ma_order_score,L2-T01,True,False,INSUFFICIENT_VALID_TARGETS_FOR_CROSS_SECTION_RANK
2016-05-06,228,0,ma_order_score,L2-T01,True,False,INSUFFICIENT_VALID_TARGETS_FOR_CROSS_SECTION_RANK
2016-05-09,227,0,ma_order_score,L2-T01,True,False,INSUFFICIENT_VALID_TARGETS_FOR_CROSS_SECTION_RANK
2016-05-10,229,0,ma_order_score,L2-T01,True,False,INSUFFICIENT_VALID_TARGETS_FOR_CROSS_SECTION_RANK
2016-05-11,227,0,ma_order_score,L2-T01,True,False,INSUFFICIENT_VALID_TARGETS_FOR_CROSS_SECTION_RANK
2016-05-12,223,0,ma_order_score,L2-T01,True,False,INSUFFICIENT_VALID_TARGETS_FOR_CROSS_SECTION_RANK
2016-05-13,224,0,ma_order_score,L2-T01,True,False,INSUFFICIENT_VALID_TARGETS_FOR_CROSS_SECTION_RANK
2016-05-16,221,0,ma_order_score,L2-T01,True,False,INSUFFICIENT_VALID_TARGETS_FOR_CROSS_SECTION_RANK
2016-05-17,222,0,ma_order_score,L2-T01,True,False,INSUFFICIENT_VALID_TARGETS_FOR_CROSS_SECTION_RANK
2016-05-18,223,0,ma_order_score,L2-T01,True,False,INSUFFICIENT_VALID_TARGETS_FOR_CROSS_SECTION_RANK
2016-05-19,221,0,ma_order_score,L2-T01,True,False,INSUFFICIENT_VALID_TARGETS_FOR_CROSS_SECTION_RANK
2016-05-20,222,0,ma_order_score,L2-T01,True,False,INSUFFICIENT_VALID_TARGETS_FOR_CROSS_SECTION_RANK
2016-05-23,228,0,ma_order_score,L2-T01,True,False,INSUFFICIENT_VALID_TARGETS_FOR_CROSS_SECTION_RANK
2016-05-24,225,0,ma_order_score,L2-T01,True,False,INSUFFICIENT_VALID_TARGETS_FOR_CROSS_SECTION_RANK
2016-05-25,226,0,ma_order_score,L2-T01,True,False,INSUFFICIENT_VALID_TARGETS_FOR_CROSS_SECTION_RANK
2016-05-26,226,0,ma_order_score,L2-T01,True,False,INSUFFICIENT_VALID_TARGETS_FOR_CROSS_SECTION_RANK
2016-05-27,230,0,ma_order_score,L2-T01,True,False,INSUFFICIENT_VALID_TARGETS_FOR_CROSS_SECTION_RANK
2016-05-30,228,0,ma_order_score,L2-T01,True,False,INSUFFICIENT_VALID_TARGETS_FOR_CROSS_SECTION_RANK
2016-05-31,226,0,ma_order_score,L2-T01,True,False,INSUFFICIENT_VALID_TARGETS_FOR_CROSS_SECTION_RANK
2016-06-01,232,0,ma_order_score,L2-T01,True,False,INSUFFICIENT_VALID_TARGETS_FOR_CROSS_SECTION_RANK
2016-06-02,228,0,ma_order_score,L2-T01,True,False,INSUFFICIENT_VALID_TARGETS_FOR_CROSS_SECTION_RANK
2016-06-03,230,0,ma_order_score,L2-T01,True,False,INSUFFICIENT_VALID_TARGETS_FOR_CROSS_SECTION_RANK
2016-01-04,223,0,ma250_slope10,L2-T01,True,False,INSUFFICIENT_VALID_TARGETS_FOR_CROSS_SECTION_RANK
2016-01-05,217,0,ma250_slope10,L2-T01,True,False,INSUFFICIENT_VALID_TARGETS_FOR_CROSS_SECTION_RANK
2016-01-06,219,0,ma250_slope10,L2-T01,True,False,INSUFFICIENT_VALID_TARGETS_FOR_CROSS_SECTION_RANK
2016-01-07,217,0,ma250_slope10,L2-T01,True,False,INSUFFICIENT_VALID_TARGETS_FOR_CROSS_SECTION_RANK
2016-01-08,221,0,ma250_slope10,L2-T01,True,False,INSUFFICIENT_VALID_TARGETS_FOR_CROSS_SECTION_RANK
2016-01-11,217,0,ma250_slope10,L2-T01,True,False,INSUFFICIENT_VALID_TARGETS_FOR_CROSS_SECTION_RANK
2016-01-12,218,0,ma250_slope10,L2-T01,True,False,INSUFFICIENT_VALID_TARGETS_FOR_CROSS_SECTION_RANK
2016-01-13,219,0,ma250_slope10,L2-T01,True,False,INSUFFICIENT_VALID_TARGETS_FOR_CROSS_SECTION_RANK
2016-01-14,214,0,ma250_slope10,L2-T01,True,False,INSUFFICIENT_VALID_TARGETS_FOR_CROSS_SECTION_RANK
2016-01-15,218,0,ma250_slope10,L2-T01,True,False,INSUFFICIENT_VALID_TARGETS_FOR_CROSS_SECTION_RANK
2016-01-18,217,0,ma250_slope10,L2-T01,True,False,INSUFFICIENT_VALID_TARGETS_FOR_CROSS_SECTION_RANK
2016-01-19,214,0,ma250_slope10,L2-T01,True,False,INSUFFICIENT_VALID_TARGETS_FOR_CROSS_SECTION_RANK
2016-01-20,217,0,ma250_slope10,L2-T01,True,False,INSUFFICIENT_VALID_TARGETS_FOR_CROSS_SECTION_RANK
2016-01-21,214,0,ma250_slope10,L2-T01,True,False,INSUFFICIENT_VALID_TARGETS_FOR_CROSS_SECTION_RANK
2016-01-22,214,0,ma250_slope10,L2-T01,True,False,INSUFFICIENT_VALID_TARGETS_FOR_CROSS_SECTION_RANK
2016-01-25,215,0,ma250_slope10,L2-T01,True,False,INSUFFICIENT_VALID_TARGETS_FOR_CROSS_SECTION_RANK
2016-01-26,214,0,ma250_slope10,L2-T01,True,False,INSUFFICIENT_VALID_TARGETS_FOR_CROSS_SECTION_RANK
2016-01-27,216,0,ma250_slope10,L2-T01,True,False,INSUFFICIENT_VALID_TARGETS_FOR_CROSS_SECTION_RANK
2016-01-28,216,0,ma250_slope10,L2-T01,True,False,INSUFFICIENT_VALID_TARGETS_FOR_CROSS_SECTION_RANK
2016-01-29,219,0,ma250_slope10,L2-T01,True,False,INSUFFICIENT_VALID_TARGETS_FOR_CROSS_SECTION_RANK
2016-01-30,199,0,ma250_slope10,L2-T01,True,False,INSUFFICIENT_VALID_TARGETS_FOR_CROSS_SECTION_RANK
2016-02-01,221,0,ma250_slope10,L2-T01,True,False,INSUFFICIENT_VALID_TARGETS_FOR_CROSS_SECTION_RANK
2016-02-02,221,0,ma250_slope10,L2-T01,True,False,INSUFFICIENT_VALID_TARGETS_FOR_CROSS_SECTION_RANK
2016-02-03,223,0,ma250_slope10,L2-T01,True,False,INSUFFICIENT_VALID_TARGETS_FOR_CROSS_SECTION_RANK
2016-02-15,221,0,ma250_slope10,L2-T01,True,False,INSUFFICIENT_VALID_TARGETS_FOR_CROSS_SECTION_RANK
2016-02-16,221,0,ma250_slope10,L2-T01,True,False,INSUFFICIENT_VALID_TARGETS_FOR_CROSS_SECTION_RANK
2016-02-17,225,0,ma250_slope10,L2-T01,True,False,INSUFFICIENT_VALID_TARGETS_FOR_CROSS_SECTION_RANK
2016-02-18,226,0,ma250_slope10,L2-T01,True,False,INSUFFICIENT_VALID_TARGETS_FOR_CROSS_SECTION_RANK
2016-02-19,224,0,ma250_slope10,L2-T01,True,False,INSUFFICIENT_VALID_TARGETS_FOR_CROSS_SECTION_RANK
2016-02-22,223,0,ma250_slope10,L2-T01,True,False,INSUFFICIENT_VALID_TARGETS_FOR_CROSS_SECTION_RANK
2016-02-23,227,0,ma250_slope10,L2-T01,True,False,INSUFFICIENT_VALID_TARGETS_FOR_CROSS_SECTION_RANK
2016-02-24,225,0,ma250_slope10,L2-T01,True,False,INSUFFICIENT_VALID_TARGETS_FOR_CROSS_SECTION_RANK
2016-02-25,227,0,ma250_slope10,L2-T01,True,False,INSUFFICIENT_VALID_TARGETS_FOR_CROSS_SECTION_RANK
2016-02-26,228,0,ma250_slope10,L2-T01,True,False,INSUFFICIENT_VALID_TARGETS_FOR_CROSS_SECTION_RANK
2016-03-01,229,0,ma250_slope10,L2-T01,True,False,INSUFFICIENT_VALID_TARGETS_FOR_CROSS_SECTION_RANK
2016-03-02,230,0,ma250_slope10,L2-T01,True,False,INSUFFICIENT_VALID_TARGETS_FOR_CROSS_SECTION_RANK
2016-03-03,233,0,ma250_slope10,L2-T01,True,False,INSUFFICIENT_VALID_TARGETS_FOR_CROSS_SECTION_RANK
2016-03-04,232,0,ma250_slope10,L2-T01,True,False,INSUFFICIENT_VALID_TARGETS_FOR_CROSS_SECTION_RANK
2016-03-07,236,0,ma250_slope10,L2-T01,True,False,INSUFFICIENT_VALID_TARGETS_FOR_CROSS_SECTION_RANK
2016-03-08,234,0,ma250_slope10,L2-T01,True,False,INSUFFICIENT_VALID_TARGETS_FOR_CROSS_SECTION_RANK
2016-03-09,234,0,ma250_slope10,L2-T01,True,False,INSUFFICIENT_VALID_TARGETS_FOR_CROSS_SECTION_RANK
2016-03-10,237,0,ma250_slope10,L2-T01,True,False,INSUFFICIENT_VALID_TARGETS_FOR_CROSS_SECTION_RANK
2016-03-11,239,0,ma250_slope10,L2-T01,True,False,INSUFFICIENT_VALID_TARGETS_FOR_CROSS_SECTION_RANK
2016-03-14,240,0,ma250_slope10,L2-T01,True,False,INSUFFICIENT_VALID_TARGETS_FOR_CROSS_SECTION_RANK
2016-03-15,236,0,ma250_slope10,L2-T01,True,False,INSUFFICIENT_VALID_TARGETS_FOR_CROSS_SECTION_RANK
2016-03-16,238,0,ma250_slope10,L2-T01,True,False,INSUFFICIENT_VALID_TARGETS_FOR_CROSS_SECTION_RANK
2016-03-17,236,0,ma250_slope10,L2-T01,True,False,INSUFFICIENT_VALID_TARGETS_FOR_CROSS_SECTION_RANK
2016-03-18,240,0,ma250_slope10,L2-T01,True,False,INSUFFICIENT_VALID_TARGETS_FOR_CROSS_SECTION_RANK
2016-03-21,239,0,ma250_slope10,L2-T01,True,False,INSUFFICIENT_VALID_TARGETS_FOR_CROSS_SECTION_RANK
2016-03-22,239,0,ma250_slope10,L2-T01,True,False,INSUFFICIENT_VALID_TARGETS_FOR_CROSS_SECTION_RANK
2016-03-23,237,0,ma250_slope10,L2-T01,True,False,INSUFFICIENT_VALID_TARGETS_FOR_CROSS_SECTION_RANK
2016-03-24,239,0,ma250_slope10,L2-T01,True,False,INSUFFICIENT_VALID_TARGETS_FOR_CROSS_SECTION_RANK
2016-03-25,238,0,ma250_slope10,L2-T01,True,False,INSUFFICIENT_VALID_TARGETS_FOR_CROSS_SECTION_RANK
2016-03-28,236,0,ma250_slope10,L2-T01,True,False,INSUFFICIENT_VALID_TARGETS_FOR_CROSS_SECTION_RANK
2016-03-29,235,0,ma250_slope10,L2-T01,True,False,INSUFFICIENT_VALID_TARGETS_FOR_CROSS_SECTION_RANK
2016-03-30,232,0,ma250_slope10,L2-T01,True,False,INSUFFICIENT_VALID_TARGETS_FOR_CROSS_SECTION_RANK
2016-03-31,236,0,ma250_slope10,L2-T01,True,False,INSUFFICIENT_VALID_TARGETS_FOR_CROSS_SECTION_RANK
2016-04-01,232,0,ma250_slope10,L2-T01,True,False,INSUFFICIENT_VALID_TARGETS_FOR_CROSS_SECTION_RANK
2016-04-06,234,0,ma250_slope10,L2-T01,True,False,INSUFFICIENT_VALID_TARGETS_FOR_CROSS_SECTION_RANK
2016-04-07,236,0,ma250_slope10,L2-T01,True,False,INSUFFICIENT_VALID_TARGETS_FOR_CROSS_SECTION_RANK
2016-04-08,234,0,ma250_slope10,L2-T01,True,False,INSUFFICIENT_VALID_TARGETS_FOR_CROSS_SECTION_RANK
2016-04-11,236,0,ma250_slope10,L2-T01,True,False,INSUFFICIENT_VALID_TARGETS_FOR_CROSS_SECTION_RANK
2016-04-12,236,0,ma250_slope10,L2-T01,True,False,INSUFFICIENT_VALID_TARGETS_FOR_CROSS_SECTION_RANK
2016-04-13,240,0,ma250_slope10,L2-T01,True,False,INSUFFICIENT_VALID_TARGETS_FOR_CROSS_SECTION_RANK
2016-04-14,236,0,ma250_slope10,L2-T01,True,False,INSUFFICIENT_VALID_TARGETS_FOR_CROSS_SECTION_RANK
2016-04-15,237,0,ma250_slope10,L2-T01,True,False,INSUFFICIENT_VALID_TARGETS_FOR_CROSS_SECTION_RANK
2016-04-18,237,0,ma250_slope10,L2-T01,True,False,INSUFFICIENT_VALID_TARGETS_FOR_CROSS_SECTION_RANK
2016-04-19,238,0,ma250_slope10,L2-T01,True,False,INSUFFICIENT_VALID_TARGETS_FOR_CROSS_SECTION_RANK
2016-04-20,235,0,ma250_slope10,L2-T01,True,False,INSUFFICIENT_VALID_TARGETS_FOR_CROSS_SECTION_RANK
2016-04-21,236,0,ma250_slope10,L2-T01,True,False,INSUFFICIENT_VALID_TARGETS_FOR_CROSS_SECTION_RANK
2016-04-22,235,0,ma250_slope10,L2-T01,True,False,INSUFFICIENT_VALID_TARGETS_FOR_CROSS_SECTION_RANK
2016-04-25,230,0,ma250_slope10,L2-T01,True,False,INSUFFICIENT_VALID_TARGETS_FOR_CROSS_SECTION_RANK
2016-04-26,235,0,ma250_slope10,L2-T01,True,False,INSUFFICIENT_VALID_TARGETS_FOR_CROSS_SECTION_RANK
2016-04-27,233,0,ma250_slope10,L2-T01,True,False,INSUFFICIENT_VALID_TARGETS_FOR_CROSS_SECTION_RANK
2016-04-28,233,0,ma250_slope10,L2-T01,True,False,INSUFFICIENT_VALID_TARGETS_FOR_CROSS_SECTION_RANK
2016-04-29,235,0,ma250_slope10,L2-T01,True,False,INSUFFICIENT_VALID_TARGETS_FOR_CROSS_SECTION_RANK
2016-05-03,234,0,ma250_slope10,L2-T01,True,False,INSUFFICIENT_VALID_TARGETS_FOR_CROSS_SECTION_RANK
2016-05-04,228,0,ma250_slope10,L2-T01,True,False,INSUFFICIENT_VALID_TARGETS_FOR_CROSS_SECTION_RANK
2016-05-05,228,0,ma250_slope10,L2-T01,True,False,INSUFFICIENT_VALID_TARGETS_FOR_CROSS_SECTION_RANK
2016-05-06,228,0,ma250_slope10,L2-T01,True,False,INSUFFICIENT_VALID_TARGETS_FOR_CROSS_SECTION_RANK
2016-05-09,227,0,ma250_slope10,L2-T01,True,False,INSUFFICIENT_VALID_TARGETS_FOR_CROSS_SECTION_RANK
2016-05-10,229,0,ma250_slope10,L2-T01,True,False,INSUFFICIENT_VALID_TARGETS_FOR_CROSS_SECTION_RANK
2016-05-11,227,0,ma250_slope10,L2-T01,True,False,INSUFFICIENT_VALID_TARGETS_FOR_CROSS_SECTION_RANK
2016-05-12,223,0,ma250_slope10,L2-T01,True,False,INSUFFICIENT_VALID_TARGETS_FOR_CROSS_SECTION_RANK
2016-05-13,224,0,ma250_slope10,L2-T01,True,False,INSUFFICIENT_VALID_TARGETS_FOR_CROSS_SECTION_RANK
2016-05-16,221,0,ma250_slope10,L2-T01,True,False,INSUFFICIENT_VALID_TARGETS_FOR_CROSS_SECTION_RANK
2016-05-17,222,0,ma250_slope10,L2-T01,True,False,INSUFFICIENT_VALID_TARGETS_FOR_CROSS_SECTION_RANK
2016-05-18,223,0,ma250_slope10,L2-T01,True,False,INSUFFICIENT_VALID_TARGETS_FOR_CROSS_SECTION_RANK
2016-05-19,221,0,ma250_slope10,L2-T01,True,False,INSUFFICIENT_VALID_TARGETS_FOR_CROSS_SECTION_RANK
2016-05-20,222,0,ma250_slope10,L2-T01,True,False,INSUFFICIENT_VALID_TARGETS_FOR_CROSS_SECTION_RANK
2016-05-23,228,0,ma250_slope10,L2-T01,True,False,INSUFFICIENT_VALID_TARGETS_FOR_CROSS_SECTION_RANK
2016-05-24,225,0,ma250_slope10,L2-T01,True,False,INSUFFICIENT_VALID_TARGETS_FOR_CROSS_SECTION_RANK
2016-05-25,226,0,ma250_slope10,L2-T01,True,False,INSUFFICIENT_VALID_TARGETS_FOR_CROSS_SECTION_RANK
2016-05-26,226,0,ma250_slope10,L2-T01,True,False,INSUFFICIENT_VALID_TARGETS_FOR_CROSS_SECTION_RANK
2016-05-27,230,0,ma250_slope10,L2-T01,True,False,INSUFFICIENT_VALID_TARGETS_FOR_CROSS_SECTION_RANK
2016-05-30,228,0,ma250_slope10,L2-T01,True,False,INSUFFICIENT_VALID_TARGETS_FOR_CROSS_SECTION_RANK
2016-05-31,226,0,ma250_slope10,L2-T01,True,False,INSUFFICIENT_VALID_TARGETS_FOR_CROSS_SECTION_RANK
2016-06-01,232,0,ma250_slope10,L2-T01,True,False,INSUFFICIENT_VALID_TARGETS_FOR_CROSS_SECTION_RANK
2016-06-02,228,0,ma250_slope10,L2-T01,True,False,INSUFFICIENT_VALID_TARGETS_FOR_CROSS_SECTION_RANK
2016-06-03,230,0,ma250_slope10,L2-T01,True,False,INSUFFICIENT_VALID_TARGETS_FOR_CROSS_SECTION_RANK
2016-06-04,205,0,ma250_slope10,L2-T01,True,False,INSUFFICIENT_VALID_TARGETS_FOR_CROSS_SECTION_RANK
2016-06-06,230,0,ma250_slope10,L2-T01,True,False,INSUFFICIENT_VALID_TARGETS_FOR_CROSS_SECTION_RANK
2016-06-07,231,0,ma250_slope10,L2-T01,True,False,INSUFFICIENT_VALID_TARGETS_FOR_CROSS_SECTION_RANK
2016-06-08,230,0,ma250_slope10,L2-T01,True,False,INSUFFICIENT_VALID_TARGETS_FOR_CROSS_SECTION_RANK
2016-06-13,228,0,ma250_slope10,L2-T01,True,False,INSUFFICIENT_VALID_TARGETS_FOR_CROSS_SECTION_RANK
2016-06-14,228,0,ma250_slope10,L2-T01,True,False,INSUFFICIENT_VALID_TARGETS_FOR_CROSS_SECTION_RANK
2016-06-15,231,0,ma250_slope10,L2-T01,True,False,INSUFFICIENT_VALID_TARGETS_FOR_CROSS_SECTION_RANK
2016-06-16,231,0,ma250_slope10,L2-T01,True,False,INSUFFICIENT_VALID_TARGETS_FOR_CROSS_SECTION_RANK
2016-06-17,234,0,ma250_slope10,L2-T01,True,False,INSUFFICIENT_VALID_TARGETS_FOR_CROSS_SECTION_RANK
2016-06-20,231,0,ma250_slope10,L2-T01,True,False,INSUFFICIENT_VALID_TARGETS_FOR_CROSS_SECTION_RANK
2016-01-04,223,0,distance_250_high,L2-T02,True,False,INSUFFICIENT_VALID_TARGETS_FOR_CROSS_SECTION_RANK
2016-01-05,217,0,distance_250_high,L2-T02,True,False,INSUFFICIENT_VALID_TARGETS_FOR_CROSS_SECTION_RANK
2016-01-06,219,0,distance_250_high,L2-T02,True,False,INSUFFICIENT_VALID_TARGETS_FOR_CROSS_SECTION_RANK
2016-01-07,217,0,distance_250_high,L2-T02,True,False,INSUFFICIENT_VALID_TARGETS_FOR_CROSS_SECTION_RANK
2016-01-08,221,0,distance_250_high,L2-T02,True,False,INSUFFICIENT_VALID_TARGETS_FOR_CROSS_SECTION_RANK
2016-01-11,217,0,distance_250_high,L2-T02,True,False,INSUFFICIENT_VALID_TARGETS_FOR_CROSS_SECTION_RANK
2016-01-12,218,0,distance_250_high,L2-T02,True,False,INSUFFICIENT_VALID_TARGETS_FOR_CROSS_SECTION_RANK
2016-01-13,219,0,distance_250_high,L2-T02,True,False,INSUFFICIENT_VALID_TARGETS_FOR_CROSS_SECTION_RANK
2016-01-14,214,0,distance_250_high,L2-T02,True,False,INSUFFICIENT_VALID_TARGETS_FOR_CROSS_SECTION_RANK
2016-01-15,218,0,distance_250_high,L2-T02,True,False,INSUFFICIENT_VALID_TARGETS_FOR_CROSS_SECTION_RANK
2016-01-18,217,0,distance_250_high,L2-T02,True,False,INSUFFICIENT_VALID_TARGETS_FOR_CROSS_SECTION_RANK
2016-01-19,214,0,distance_250_high,L2-T02,True,False,INSUFFICIENT_VALID_TARGETS_FOR_CROSS_SECTION_RANK
2016-01-20,217,0,distance_250_high,L2-T02,True,False,INSUFFICIENT_VALID_TARGETS_FOR_CROSS_SECTION_RANK
2016-01-21,214,0,distance_250_high,L2-T02,True,False,INSUFFICIENT_VALID_TARGETS_FOR_CROSS_SECTION_RANK
2016-01-22,214,0,distance_250_high,L2-T02,True,False,INSUFFICIENT_VALID_TARGETS_FOR_CROSS_SECTION_RANK
2016-01-25,215,0,distance_250_high,L2-T02,True,False,INSUFFICIENT_VALID_TARGETS_FOR_CROSS_SECTION_RANK
2016-01-26,214,0,distance_250_high,L2-T02,True,False,INSUFFICIENT_VALID_TARGETS_FOR_CROSS_SECTION_RANK
2016-01-27,216,0,distance_250_high,L2-T02,True,False,INSUFFICIENT_VALID_TARGETS_FOR_CROSS_SECTION_RANK
2016-01-28,216,0,distance_250_high,L2-T02,True,False,INSUFFICIENT_VALID_TARGETS_FOR_CROSS_SECTION_RANK
2016-01-29,219,0,distance_250_high,L2-T02,True,False,INSUFFICIENT_VALID_TARGETS_FOR_CROSS_SECTION_RANK
2016-01-30,199,0,distance_250_high,L2-T02,True,False,INSUFFICIENT_VALID_TARGETS_FOR_CROSS_SECTION_RANK
2016-02-01,221,0,distance_250_high,L2-T02,True,False,INSUFFICIENT_VALID_TARGETS_FOR_CROSS_SECTION_RANK
2016-02-02,221,0,distance_250_high,L2-T02,True,False,INSUFFICIENT_VALID_TARGETS_FOR_CROSS_SECTION_RANK
2016-02-03,223,0,distance_250_high,L2-T02,True,False,INSUFFICIENT_VALID_TARGETS_FOR_CROSS_SECTION_RANK
2016-02-15,221,0,distance_250_high,L2-T02,True,False,INSUFFICIENT_VALID_TARGETS_FOR_CROSS_SECTION_RANK
2016-02-16,221,0,distance_250_high,L2-T02,True,False,INSUFFICIENT_VALID_TARGETS_FOR_CROSS_SECTION_RANK
2016-02-17,225,0,distance_250_high,L2-T02,True,False,INSUFFICIENT_VALID_TARGETS_FOR_CROSS_SECTION_RANK
2016-02-18,226,0,distance_250_high,L2-T02,True,False,INSUFFICIENT_VALID_TARGETS_FOR_CROSS_SECTION_RANK
2016-02-19,224,0,distance_250_high,L2-T02,True,False,INSUFFICIENT_VALID_TARGETS_FOR_CROSS_SECTION_RANK
2016-02-22,223,0,distance_250_high,L2-T02,True,False,INSUFFICIENT_VALID_TARGETS_FOR_CROSS_SECTION_RANK
2016-02-23,227,0,distance_250_high,L2-T02,True,False,INSUFFICIENT_VALID_TARGETS_FOR_CROSS_SECTION_RANK
2016-02-24,225,0,distance_250_high,L2-T02,True,False,INSUFFICIENT_VALID_TARGETS_FOR_CROSS_SECTION_RANK
2016-02-25,227,0,distance_250_high,L2-T02,True,False,INSUFFICIENT_VALID_TARGETS_FOR_CROSS_SECTION_RANK
2016-02-26,228,0,distance_250_high,L2-T02,True,False,INSUFFICIENT_VALID_TARGETS_FOR_CROSS_SECTION_RANK
2016-03-01,229,0,distance_250_high,L2-T02,True,False,INSUFFICIENT_VALID_TARGETS_FOR_CROSS_SECTION_RANK
2016-03-02,230,0,distance_250_high,L2-T02,True,False,INSUFFICIENT_VALID_TARGETS_FOR_CROSS_SECTION_RANK
2016-03-03,233,0,distance_250_high,L2-T02,True,False,INSUFFICIENT_VALID_TARGETS_FOR_CROSS_SECTION_RANK
2016-03-04,232,0,distance_250_high,L2-T02,True,False,INSUFFICIENT_VALID_TARGETS_FOR_CROSS_SECTION_RANK
2016-03-07,236,0,distance_250_high,L2-T02,True,False,INSUFFICIENT_VALID_TARGETS_FOR_CROSS_SECTION_RANK
2016-03-08,234,0,distance_250_high,L2-T02,True,False,INSUFFICIENT_VALID_TARGETS_FOR_CROSS_SECTION_RANK
2016-03-09,234,0,distance_250_high,L2-T02,True,False,INSUFFICIENT_VALID_TARGETS_FOR_CROSS_SECTION_RANK
2016-03-10,237,0,distance_250_high,L2-T02,True,False,INSUFFICIENT_VALID_TARGETS_FOR_CROSS_SECTION_RANK
2016-03-11,239,0,distance_250_high,L2-T02,True,False,INSUFFICIENT_VALID_TARGETS_FOR_CROSS_SECTION_RANK
2016-03-14,240,0,distance_250_high,L2-T02,True,False,INSUFFICIENT_VALID_TARGETS_FOR_CROSS_SECTION_RANK
2016-03-15,236,0,distance_250_high,L2-T02,True,False,INSUFFICIENT_VALID_TARGETS_FOR_CROSS_SECTION_RANK
2016-03-16,238,0,distance_250_high,L2-T02,True,False,INSUFFICIENT_VALID_TARGETS_FOR_CROSS_SECTION_RANK
2016-03-17,236,0,distance_250_high,L2-T02,True,False,INSUFFICIENT_VALID_TARGETS_FOR_CROSS_SECTION_RANK
2016-03-18,240,0,distance_250_high,L2-T02,True,False,INSUFFICIENT_VALID_TARGETS_FOR_CROSS_SECTION_RANK
2016-03-21,239,0,distance_250_high,L2-T02,True,False,INSUFFICIENT_VALID_TARGETS_FOR_CROSS_SECTION_RANK
2016-03-22,239,0,distance_250_high,L2-T02,True,False,INSUFFICIENT_VALID_TARGETS_FOR_CROSS_SECTION_RANK
2016-03-23,237,0,distance_250_high,L2-T02,True,False,INSUFFICIENT_VALID_TARGETS_FOR_CROSS_SECTION_RANK
2016-03-24,239,0,distance_250_high,L2-T02,True,False,INSUFFICIENT_VALID_TARGETS_FOR_CROSS_SECTION_RANK
2016-03-25,238,0,distance_250_high,L2-T02,True,False,INSUFFICIENT_VALID_TARGETS_FOR_CROSS_SECTION_RANK
2016-03-28,236,0,distance_250_high,L2-T02,True,False,INSUFFICIENT_VALID_TARGETS_FOR_CROSS_SECTION_RANK
2016-03-29,235,0,distance_250_high,L2-T02,True,False,INSUFFICIENT_VALID_TARGETS_FOR_CROSS_SECTION_RANK
2016-03-30,232,0,distance_250_high,L2-T02,True,False,INSUFFICIENT_VALID_TARGETS_FOR_CROSS_SECTION_RANK
2016-03-31,236,0,distance_250_high,L2-T02,True,False,INSUFFICIENT_VALID_TARGETS_FOR_CROSS_SECTION_RANK
2016-04-01,232,0,distance_250_high,L2-T02,True,False,INSUFFICIENT_VALID_TARGETS_FOR_CROSS_SECTION_RANK
2016-04-06,234,0,distance_250_high,L2-T02,True,False,INSUFFICIENT_VALID_TARGETS_FOR_CROSS_SECTION_RANK
2016-04-07,236,0,distance_250_high,L2-T02,True,False,INSUFFICIENT_VALID_TARGETS_FOR_CROSS_SECTION_RANK
2016-04-08,234,0,distance_250_high,L2-T02,True,False,INSUFFICIENT_VALID_TARGETS_FOR_CROSS_SECTION_RANK
2016-04-11,236,0,distance_250_high,L2-T02,True,False,INSUFFICIENT_VALID_TARGETS_FOR_CROSS_SECTION_RANK
2016-04-12,236,0,distance_250_high,L2-T02,True,False,INSUFFICIENT_VALID_TARGETS_FOR_CROSS_SECTION_RANK
2016-04-13,240,0,distance_250_high,L2-T02,True,False,INSUFFICIENT_VALID_TARGETS_FOR_CROSS_SECTION_RANK
2016-04-14,236,0,distance_250_high,L2-T02,True,False,INSUFFICIENT_VALID_TARGETS_FOR_CROSS_SECTION_RANK
2016-04-15,237,0,distance_250_high,L2-T02,True,False,INSUFFICIENT_VALID_TARGETS_FOR_CROSS_SECTION_RANK
2016-04-18,237,0,distance_250_high,L2-T02,True,False,INSUFFICIENT_VALID_TARGETS_FOR_CROSS_SECTION_RANK
2016-04-19,238,0,distance_250_high,L2-T02,True,False,INSUFFICIENT_VALID_TARGETS_FOR_CROSS_SECTION_RANK
2016-04-20,235,0,distance_250_high,L2-T02,True,False,INSUFFICIENT_VALID_TARGETS_FOR_CROSS_SECTION_RANK
2016-04-21,236,0,distance_250_high,L2-T02,True,False,INSUFFICIENT_VALID_TARGETS_FOR_CROSS_SECTION_RANK
2016-04-22,235,0,distance_250_high,L2-T02,True,False,INSUFFICIENT_VALID_TARGETS_FOR_CROSS_SECTION_RANK
2016-04-25,230,0,distance_250_high,L2-T02,True,False,INSUFFICIENT_VALID_TARGETS_FOR_CROSS_SECTION_RANK
2016-04-26,235,0,distance_250_high,L2-T02,True,False,INSUFFICIENT_VALID_TARGETS_FOR_CROSS_SECTION_RANK
2016-04-27,233,0,distance_250_high,L2-T02,True,False,INSUFFICIENT_VALID_TARGETS_FOR_CROSS_SECTION_RANK
2016-04-28,233,0,distance_250_high,L2-T02,True,False,INSUFFICIENT_VALID_TARGETS_FOR_CROSS_SECTION_RANK
2016-04-29,235,0,distance_250_high,L2-T02,True,False,INSUFFICIENT_VALID_TARGETS_FOR_CROSS_SECTION_RANK
2016-05-03,234,0,distance_250_high,L2-T02,True,False,INSUFFICIENT_VALID_TARGETS_FOR_CROSS_SECTION_RANK
2016-05-04,228,0,distance_250_high,L2-T02,True,False,INSUFFICIENT_VALID_TARGETS_FOR_CROSS_SECTION_RANK
2016-05-05,228,0,distance_250_high,L2-T02,True,False,INSUFFICIENT_VALID_TARGETS_FOR_CROSS_SECTION_RANK
2016-05-06,228,0,distance_250_high,L2-T02,True,False,INSUFFICIENT_VALID_TARGETS_FOR_CROSS_SECTION_RANK
2016-05-09,227,0,distance_250_high,L2-T02,True,False,INSUFFICIENT_VALID_TARGETS_FOR_CROSS_SECTION_RANK
2016-05-10,229,0,distance_250_high,L2-T02,True,False,INSUFFICIENT_VALID_TARGETS_FOR_CROSS_SECTION_RANK
2016-05-11,227,0,distance_250_high,L2-T02,True,False,INSUFFICIENT_VALID_TARGETS_FOR_CROSS_SECTION_RANK
2016-05-12,223,0,distance_250_high,L2-T02,True,False,INSUFFICIENT_VALID_TARGETS_FOR_CROSS_SECTION_RANK
2016-05-13,224,0,distance_250_high,L2-T02,True,False,INSUFFICIENT_VALID_TARGETS_FOR_CROSS_SECTION_RANK
2016-05-16,221,0,distance_250_high,L2-T02,True,False,INSUFFICIENT_VALID_TARGETS_FOR_CROSS_SECTION_RANK
2016-05-17,222,0,distance_250_high,L2-T02,True,False,INSUFFICIENT_VALID_TARGETS_FOR_CROSS_SECTION_RANK
2016-05-18,223,0,distance_250_high,L2-T02,True,False,INSUFFICIENT_VALID_TARGETS_FOR_CROSS_SECTION_RANK
2016-05-19,221,0,distance_250_high,L2-T02,True,False,INSUFFICIENT_VALID_TARGETS_FOR_CROSS_SECTION_RANK
2016-05-20,222,0,distance_250_high,L2-T02,True,False,INSUFFICIENT_VALID_TARGETS_FOR_CROSS_SECTION_RANK
2016-05-23,228,0,distance_250_high,L2-T02,True,False,INSUFFICIENT_VALID_TARGETS_FOR_CROSS_SECTION_RANK
2016-05-24,225,0,distance_250_high,L2-T02,True,False,INSUFFICIENT_VALID_TARGETS_FOR_CROSS_SECTION_RANK
2016-05-25,226,0,distance_250_high,L2-T02,True,False,INSUFFICIENT_VALID_TARGETS_FOR_CROSS_SECTION_RANK
2016-05-26,226,0,distance_250_high,L2-T02,True,False,INSUFFICIENT_VALID_TARGETS_FOR_CROSS_SECTION_RANK
2016-05-27,230,0,distance_250_high,L2-T02,True,False,INSUFFICIENT_VALID_TARGETS_FOR_CROSS_SECTION_RANK
2016-05-30,228,0,distance_250_high,L2-T02,True,False,INSUFFICIENT_VALID_TARGETS_FOR_CROSS_SECTION_RANK
2016-05-31,226,0,distance_250_high,L2-T02,True,False,INSUFFICIENT_VALID_TARGETS_FOR_CROSS_SECTION_RANK
2016-06-01,232,0,distance_250_high,L2-T02,True,False,INSUFFICIENT_VALID_TARGETS_FOR_CROSS_SECTION_RANK
2016-06-02,228,0,distance_250_high,L2-T02,True,False,INSUFFICIENT_VALID_TARGETS_FOR_CROSS_SECTION_RANK
2016-06-03,230,0,distance_250_high,L2-T02,True,False,INSUFFICIENT_VALID_TARGETS_FOR_CROSS_SECTION_RANK
2016-01-04,223,0,distance_250_low,L2-T02,True,False,INSUFFICIENT_VALID_TARGETS_FOR_CROSS_SECTION_RANK
2016-01-05,217,0,distance_250_low,L2-T02,True,False,INSUFFICIENT_VALID_TARGETS_FOR_CROSS_SECTION_RANK
2016-01-06,219,0,distance_250_low,L2-T02,True,False,INSUFFICIENT_VALID_TARGETS_FOR_CROSS_SECTION_RANK
2016-01-07,217,0,distance_250_low,L2-T02,True,False,INSUFFICIENT_VALID_TARGETS_FOR_CROSS_SECTION_RANK
2016-01-08,221,0,distance_250_low,L2-T02,True,False,INSUFFICIENT_VALID_TARGETS_FOR_CROSS_SECTION_RANK
2016-01-11,217,0,distance_250_low,L2-T02,True,False,INSUFFICIENT_VALID_TARGETS_FOR_CROSS_SECTION_RANK
2016-01-12,218,0,distance_250_low,L2-T02,True,False,INSUFFICIENT_VALID_TARGETS_FOR_CROSS_SECTION_RANK
2016-01-13,219,0,distance_250_low,L2-T02,True,False,INSUFFICIENT_VALID_TARGETS_FOR_CROSS_SECTION_RANK
2016-01-14,214,0,distance_250_low,L2-T02,True,False,INSUFFICIENT_VALID_TARGETS_FOR_CROSS_SECTION_RANK
2016-01-15,218,0,distance_250_low,L2-T02,True,False,INSUFFICIENT_VALID_TARGETS_FOR_CROSS_SECTION_RANK
2016-01-18,217,0,distance_250_low,L2-T02,True,False,INSUFFICIENT_VALID_TARGETS_FOR_CROSS_SECTION_RANK
2016-01-19,214,0,distance_250_low,L2-T02,True,False,INSUFFICIENT_VALID_TARGETS_FOR_CROSS_SECTION_RANK
2016-01-20,217,0,distance_250_low,L2-T02,True,False,INSUFFICIENT_VALID_TARGETS_FOR_CROSS_SECTION_RANK
2016-01-21,214,0,distance_250_low,L2-T02,True,False,INSUFFICIENT_VALID_TARGETS_FOR_CROSS_SECTION_RANK
2016-01-22,214,0,distance_250_low,L2-T02,True,False,INSUFFICIENT_VALID_TARGETS_FOR_CROSS_SECTION_RANK
2016-01-25,215,0,distance_250_low,L2-T02,True,False,INSUFFICIENT_VALID_TARGETS_FOR_CROSS_SECTION_RANK
2016-01-26,214,0,distance_250_low,L2-T02,True,False,INSUFFICIENT_VALID_TARGETS_FOR_CROSS_SECTION_RANK
2016-01-27,216,0,distance_250_low,L2-T02,True,False,INSUFFICIENT_VALID_TARGETS_FOR_CROSS_SECTION_RANK
2016-01-28,216,0,distance_250_low,L2-T02,True,False,INSUFFICIENT_VALID_TARGETS_FOR_CROSS_SECTION_RANK
2016-01-29,219,0,distance_250_low,L2-T02,True,False,INSUFFICIENT_VALID_TARGETS_FOR_CROSS_SECTION_RANK
2016-01-30,199,0,distance_250_low,L2-T02,True,False,INSUFFICIENT_VALID_TARGETS_FOR_CROSS_SECTION_RANK
2016-02-01,221,0,distance_250_low,L2-T02,True,False,INSUFFICIENT_VALID_TARGETS_FOR_CROSS_SECTION_RANK
2016-02-02,221,0,distance_250_low,L2-T02,True,False,INSUFFICIENT_VALID_TARGETS_FOR_CROSS_SECTION_RANK
2016-02-03,223,0,distance_250_low,L2-T02,True,False,INSUFFICIENT_VALID_TARGETS_FOR_CROSS_SECTION_RANK
2016-02-15,221,0,distance_250_low,L2-T02,True,False,INSUFFICIENT_VALID_TARGETS_FOR_CROSS_SECTION_RANK
2016-02-16,221,0,distance_250_low,L2-T02,True,False,INSUFFICIENT_VALID_TARGETS_FOR_CROSS_SECTION_RANK
2016-02-17,225,0,distance_250_low,L2-T02,True,False,INSUFFICIENT_VALID_TARGETS_FOR_CROSS_SECTION_RANK
2016-02-18,226,0,distance_250_low,L2-T02,True,False,INSUFFICIENT_VALID_TARGETS_FOR_CROSS_SECTION_RANK
2016-02-19,224,0,distance_250_low,L2-T02,True,False,INSUFFICIENT_VALID_TARGETS_FOR_CROSS_SECTION_RANK
2016-02-22,223,0,distance_250_low,L2-T02,True,False,INSUFFICIENT_VALID_TARGETS_FOR_CROSS_SECTION_RANK
2016-02-23,227,0,distance_250_low,L2-T02,True,False,INSUFFICIENT_VALID_TARGETS_FOR_CROSS_SECTION_RANK
2016-02-24,225,0,distance_250_low,L2-T02,True,False,INSUFFICIENT_VALID_TARGETS_FOR_CROSS_SECTION_RANK
2016-02-25,227,0,distance_250_low,L2-T02,True,False,INSUFFICIENT_VALID_TARGETS_FOR_CROSS_SECTION_RANK
2016-02-26,228,0,distance_250_low,L2-T02,True,False,INSUFFICIENT_VALID_TARGETS_FOR_CROSS_SECTION_RANK
2016-03-01,229,0,distance_250_low,L2-T02,True,False,INSUFFICIENT_VALID_TARGETS_FOR_CROSS_SECTION_RANK
2016-03-02,230,0,distance_250_low,L2-T02,True,False,INSUFFICIENT_VALID_TARGETS_FOR_CROSS_SECTION_RANK
2016-03-03,233,0,distance_250_low,L2-T02,True,False,INSUFFICIENT_VALID_TARGETS_FOR_CROSS_SECTION_RANK
2016-03-04,232,0,distance_250_low,L2-T02,True,False,INSUFFICIENT_VALID_TARGETS_FOR_CROSS_SECTION_RANK
2016-03-07,236,0,distance_250_low,L2-T02,True,False,INSUFFICIENT_VALID_TARGETS_FOR_CROSS_SECTION_RANK
2016-03-08,234,0,distance_250_low,L2-T02,True,False,INSUFFICIENT_VALID_TARGETS_FOR_CROSS_SECTION_RANK
2016-03-09,234,0,distance_250_low,L2-T02,True,False,INSUFFICIENT_VALID_TARGETS_FOR_CROSS_SECTION_RANK
2016-03-10,237,0,distance_250_low,L2-T02,True,False,INSUFFICIENT_VALID_TARGETS_FOR_CROSS_SECTION_RANK
2016-03-11,239,0,distance_250_low,L2-T02,True,False,INSUFFICIENT_VALID_TARGETS_FOR_CROSS_SECTION_RANK
2016-03-14,240,0,distance_250_low,L2-T02,True,False,INSUFFICIENT_VALID_TARGETS_FOR_CROSS_SECTION_RANK
2016-03-15,236,0,distance_250_low,L2-T02,True,False,INSUFFICIENT_VALID_TARGETS_FOR_CROSS_SECTION_RANK
2016-03-16,238,0,distance_250_low,L2-T02,True,False,INSUFFICIENT_VALID_TARGETS_FOR_CROSS_SECTION_RANK
2016-03-17,236,0,distance_250_low,L2-T02,True,False,INSUFFICIENT_VALID_TARGETS_FOR_CROSS_SECTION_RANK
2016-03-18,240,0,distance_250_low,L2-T02,True,False,INSUFFICIENT_VALID_TARGETS_FOR_CROSS_SECTION_RANK
2016-03-21,239,0,distance_250_low,L2-T02,True,False,INSUFFICIENT_VALID_TARGETS_FOR_CROSS_SECTION_RANK
2016-03-22,239,0,distance_250_low,L2-T02,True,False,INSUFFICIENT_VALID_TARGETS_FOR_CROSS_SECTION_RANK
2016-03-23,237,0,distance_250_low,L2-T02,True,False,INSUFFICIENT_VALID_TARGETS_FOR_CROSS_SECTION_RANK
2016-03-24,239,0,distance_250_low,L2-T02,True,False,INSUFFICIENT_VALID_TARGETS_FOR_CROSS_SECTION_RANK
2016-03-25,238,0,distance_250_low,L2-T02,True,False,INSUFFICIENT_VALID_TARGETS_FOR_CROSS_SECTION_RANK
2016-03-28,236,0,distance_250_low,L2-T02,True,False,INSUFFICIENT_VALID_TARGETS_FOR_CROSS_SECTION_RANK
2016-03-29,235,0,distance_250_low,L2-T02,True,False,INSUFFICIENT_VALID_TARGETS_FOR_CROSS_SECTION_RANK
2016-03-30,232,0,distance_250_low,L2-T02,True,False,INSUFFICIENT_VALID_TARGETS_FOR_CROSS_SECTION_RANK
2016-03-31,236,0,distance_250_low,L2-T02,True,False,INSUFFICIENT_VALID_TARGETS_FOR_CROSS_SECTION_RANK
2016-04-01,232,0,distance_250_low,L2-T02,True,False,INSUFFICIENT_VALID_TARGETS_FOR_CROSS_SECTION_RANK
2016-04-06,234,0,distance_250_low,L2-T02,True,False,INSUFFICIENT_VALID_TARGETS_FOR_CROSS_SECTION_RANK
2016-04-07,236,0,distance_250_low,L2-T02,True,False,INSUFFICIENT_VALID_TARGETS_FOR_CROSS_SECTION_RANK
2016-04-08,234,0,distance_250_low,L2-T02,True,False,INSUFFICIENT_VALID_TARGETS_FOR_CROSS_SECTION_RANK
2016-04-11,236,0,distance_250_low,L2-T02,True,False,INSUFFICIENT_VALID_TARGETS_FOR_CROSS_SECTION_RANK
2016-04-12,236,0,distance_250_low,L2-T02,True,False,INSUFFICIENT_VALID_TARGETS_FOR_CROSS_SECTION_RANK
2016-04-13,240,0,distance_250_low,L2-T02,True,False,INSUFFICIENT_VALID_TARGETS_FOR_CROSS_SECTION_RANK
2016-04-14,236,0,distance_250_low,L2-T02,True,False,INSUFFICIENT_VALID_TARGETS_FOR_CROSS_SECTION_RANK
2016-04-15,237,0,distance_250_low,L2-T02,True,False,INSUFFICIENT_VALID_TARGETS_FOR_CROSS_SECTION_RANK
2016-04-18,237,0,distance_250_low,L2-T02,True,False,INSUFFICIENT_VALID_TARGETS_FOR_CROSS_SECTION_RANK
2016-04-19,238,0,distance_250_low,L2-T02,True,False,INSUFFICIENT_VALID_TARGETS_FOR_CROSS_SECTION_RANK
2016-04-20,235,0,distance_250_low,L2-T02,True,False,INSUFFICIENT_VALID_TARGETS_FOR_CROSS_SECTION_RANK
2016-04-21,236,0,distance_250_low,L2-T02,True,False,INSUFFICIENT_VALID_TARGETS_FOR_CROSS_SECTION_RANK
2016-04-22,235,0,distance_250_low,L2-T02,True,False,INSUFFICIENT_VALID_TARGETS_FOR_CROSS_SECTION_RANK
2016-04-25,230,0,distance_250_low,L2-T02,True,False,INSUFFICIENT_VALID_TARGETS_FOR_CROSS_SECTION_RANK
2016-04-26,235,0,distance_250_low,L2-T02,True,False,INSUFFICIENT_VALID_TARGETS_FOR_CROSS_SECTION_RANK
2016-04-27,233,0,distance_250_low,L2-T02,True,False,INSUFFICIENT_VALID_TARGETS_FOR_CROSS_SECTION_RANK
2016-04-28,233,0,distance_250_low,L2-T02,True,False,INSUFFICIENT_VALID_TARGETS_FOR_CROSS_SECTION_RANK
2016-04-29,235,0,distance_250_low,L2-T02,True,False,INSUFFICIENT_VALID_TARGETS_FOR_CROSS_SECTION_RANK
2016-05-03,234,0,distance_250_low,L2-T02,True,False,INSUFFICIENT_VALID_TARGETS_FOR_CROSS_SECTION_RANK
2016-05-04,228,0,distance_250_low,L2-T02,True,False,INSUFFICIENT_VALID_TARGETS_FOR_CROSS_SECTION_RANK
2016-05-05,228,0,distance_250_low,L2-T02,True,False,INSUFFICIENT_VALID_TARGETS_FOR_CROSS_SECTION_RANK
2016-05-06,228,0,distance_250_low,L2-T02,True,False,INSUFFICIENT_VALID_TARGETS_FOR_CROSS_SECTION_RANK
2016-05-09,227,0,distance_250_low,L2-T02,True,False,INSUFFICIENT_VALID_TARGETS_FOR_CROSS_SECTION_RANK
2016-05-10,229,0,distance_250_low,L2-T02,True,False,INSUFFICIENT_VALID_TARGETS_FOR_CROSS_SECTION_RANK
2016-05-11,227,0,distance_250_low,L2-T02,True,False,INSUFFICIENT_VALID_TARGETS_FOR_CROSS_SECTION_RANK
2016-05-12,223,0,distance_250_low,L2-T02,True,False,INSUFFICIENT_VALID_TARGETS_FOR_CROSS_SECTION_RANK
2016-05-13,224,0,distance_250_low,L2-T02,True,False,INSUFFICIENT_VALID_TARGETS_FOR_CROSS_SECTION_RANK
2016-05-16,221,0,distance_250_low,L2-T02,True,False,INSUFFICIENT_VALID_TARGETS_FOR_CROSS_SECTION_RANK
2016-05-17,222,0,distance_250_low,L2-T02,True,False,INSUFFICIENT_VALID_TARGETS_FOR_CROSS_SECTION_RANK
2016-05-18,223,0,distance_250_low,L2-T02,True,False,INSUFFICIENT_VALID_TARGETS_FOR_CROSS_SECTION_RANK
2016-05-19,221,0,distance_250_low,L2-T02,True,False,INSUFFICIENT_VALID_TARGETS_FOR_CROSS_SECTION_RANK
2016-05-20,222,0,distance_250_low,L2-T02,True,False,INSUFFICIENT_VALID_TARGETS_FOR_CROSS_SECTION_RANK
2016-05-23,228,0,distance_250_low,L2-T02,True,False,INSUFFICIENT_VALID_TARGETS_FOR_CROSS_SECTION_RANK
2016-05-24,225,0,distance_250_low,L2-T02,True,False,INSUFFICIENT_VALID_TARGETS_FOR_CROSS_SECTION_RANK
2016-05-25,226,0,distance_250_low,L2-T02,True,False,INSUFFICIENT_VALID_TARGETS_FOR_CROSS_SECTION_RANK
2016-05-26,226,0,distance_250_low,L2-T02,True,False,INSUFFICIENT_VALID_TARGETS_FOR_CROSS_SECTION_RANK
2016-05-27,230,0,distance_250_low,L2-T02,True,False,INSUFFICIENT_VALID_TARGETS_FOR_CROSS_SECTION_RANK
2016-05-30,228,0,distance_250_low,L2-T02,True,False,INSUFFICIENT_VALID_TARGETS_FOR_CROSS_SECTION_RANK
2016-05-31,226,0,distance_250_low,L2-T02,True,False,INSUFFICIENT_VALID_TARGETS_FOR_CROSS_SECTION_RANK
2016-06-01,232,0,distance_250_low,L2-T02,True,False,INSUFFICIENT_VALID_TARGETS_FOR_CROSS_SECTION_RANK
2016-06-02,228,0,distance_250_low,L2-T02,True,False,INSUFFICIENT_VALID_TARGETS_FOR_CROSS_SECTION_RANK
2016-06-03,230,0,distance_250_low,L2-T02,True,False,INSUFFICIENT_VALID_TARGETS_FOR_CROSS_SECTION_RANK
2016-01-30,199,0,turnover_value_ratio,L2-T05,True,False,INSUFFICIENT_VALID_TARGETS_FOR_CROSS_SECTION_RANK
2016-06-04,205,0,turnover_value_ratio,L2-T05,True,False,INSUFFICIENT_VALID_TARGETS_FOR_CROSS_SECTION_RANK
2016-09-10,218,0,turnover_value_ratio,L2-T05,True,False,INSUFFICIENT_VALID_TARGETS_FOR_CROSS_SECTION_RANK
2016-01-30,199,0,market_cap_twd,L3-G01,True,False,INSUFFICIENT_VALID_TARGETS_FOR_CROSS_SECTION_RANK
2016-06-04,205,0,market_cap_twd,L3-G01,True,False,INSUFFICIENT_VALID_TARGETS_FOR_CROSS_SECTION_RANK
2016-09-10,218,0,market_cap_twd,L3-G01,True,False,INSUFFICIENT_VALID_TARGETS_FOR_CROSS_SECTION_RANK
2016-01-30,199,0,market_cap_tier,L3-G01,False,False,NO_VALID_VALUE
2016-06-04,205,0,market_cap_tier,L3-G01,False,False,NO_VALID_VALUE
2016-09-10,218,0,market_cap_tier,L3-G01,False,False,NO_VALID_VALUE
2017-02-18,235,0,turnover_value_ratio,L2-T05,True,False,INSUFFICIENT_VALID_TARGETS_FOR_CROSS_SECTION_RANK
2017-06-03,234,0,turnover_value_ratio,L2-T05,True,False,INSUFFICIENT_VALID_TARGETS_FOR_CROSS_SECTION_RANK
2017-09-30,246,0,turnover_value_ratio,L2-T05,True,False,INSUFFICIENT_VALID_TARGETS_FOR_CROSS_SECTION_RANK
2017-02-18,235,0,market_cap_twd,L3-G01,True,False,INSUFFICIENT_VALID_TARGETS_FOR_CROSS_SECTION_RANK
2017-06-03,234,0,market_cap_twd,L3-G01,True,False,INSUFFICIENT_VALID_TARGETS_FOR_CROSS_SECTION_RANK
2017-09-30,246,0,market_cap_twd,L3-G01,True,False,INSUFFICIENT_VALID_TARGETS_FOR_CROSS_SECTION_RANK
2017-02-18,235,0,market_cap_tier,L3-G01,False,False,NO_VALID_VALUE
2017-06-03,234,0,market_cap_tier,L3-G01,False,False,NO_VALID_VALUE
2017-09-30,246,0,market_cap_tier,L3-G01,False,False,NO_VALID_VALUE
2018-03-31,265,0,turnover_value_ratio,L2-T05,True,False,INSUFFICIENT_VALID_TARGETS_FOR_CROSS_SECTION_RANK
2018-12-22,256,0,turnover_value_ratio,L2-T05,True,False,INSUFFICIENT_VALID_TARGETS_FOR_CROSS_SECTION_RANK
2018-03-31,265,0,market_cap_twd,L3-G01,True,False,INSUFFICIENT_VALID_TARGETS_FOR_CROSS_SECTION_RANK
2018-12-22,256,0,market_cap_twd,L3-G01,True,False,INSUFFICIENT_VALID_TARGETS_FOR_CROSS_SECTION_RANK
2018-03-31,265,0,market_cap_tier,L3-G01,False,False,NO_VALID_VALUE
2018-12-22,256,0,market_cap_tier,L3-G01,False,False,NO_VALID_VALUE
2016-01-04,1,0,market_to_ma200,L3-M01,False,False,NO_VALID_VALUE
2016-01-05,1,0,market_to_ma200,L3-M01,False,False,NO_VALID_VALUE
2016-01-06,1,0,market_to_ma200,L3-M01,False,False,NO_VALID_VALUE
2016-01-07,1,0,market_to_ma200,L3-M01,False,False,NO_VALID_VALUE
2016-01-08,1,0,market_to_ma200,L3-M01,False,False,NO_VALID_VALUE
2016-01-11,1,0,market_to_ma200,L3-M01,False,False,NO_VALID_VALUE
2016-01-12,1,0,market_to_ma200,L3-M01,False,False,NO_VALID_VALUE
2016-01-13,1,0,market_to_ma200,L3-M01,False,False,NO_VALID_VALUE
2016-01-14,1,0,market_to_ma200,L3-M01,False,False,NO_VALID_VALUE
2016-01-15,1,0,market_to_ma200,L3-M01,False,False,NO_VALID_VALUE
2016-01-18,1,0,market_to_ma200,L3-M01,False,False,NO_VALID_VALUE
2016-01-19,1,0,market_to_ma200,L3-M01,False,False,NO_VALID_VALUE
2016-01-20,1,0,market_to_ma200,L3-M01,False,False,NO_VALID_VALUE
2016-01-21,1,0,market_to_ma200,L3-M01,False,False,NO_VALID_VALUE
2016-01-22,1,0,market_to_ma200,L3-M01,False,False,NO_VALID_VALUE
2016-01-25,1,0,market_to_ma200,L3-M01,False,False,NO_VALID_VALUE
2016-01-26,1,0,market_to_ma200,L3-M01,False,False,NO_VALID_VALUE
2016-01-27,1,0,market_to_ma200,L3-M01,False,False,NO_VALID_VALUE
2016-01-28,1,0,market_to_ma200,L3-M01,False,False,NO_VALID_VALUE
2016-01-29,1,0,market_to_ma200,L3-M01,False,False,NO_VALID_VALUE
2016-01-30,1,0,market_to_ma200,L3-M01,False,False,NO_VALID_VALUE
2016-02-01,1,0,market_to_ma200,L3-M01,False,False,NO_VALID_VALUE
2016-02-02,1,0,market_to_ma200,L3-M01,False,False,NO_VALID_VALUE
2016-02-03,1,0,market_to_ma200,L3-M01,False,False,NO_VALID_VALUE
2016-02-15,1,0,market_to_ma200,L3-M01,False,False,NO_VALID_VALUE
2016-02-16,1,0,market_to_ma200,L3-M01,False,False,NO_VALID_VALUE
2016-02-17,1,0,market_to_ma200,L3-M01,False,False,NO_VALID_VALUE
2016-02-18,1,0,market_to_ma200,L3-M01,False,False,NO_VALID_VALUE
2016-02-19,1,0,market_to_ma200,L3-M01,False,False,NO_VALID_VALUE
2016-02-22,1,0,market_to_ma200,L3-M01,False,False,NO_VALID_VALUE
2016-02-23,1,0,market_to_ma200,L3-M01,False,False,NO_VALID_VALUE
2016-02-24,1,0,market_to_ma200,L3-M01,False,False,NO_VALID_VALUE
2016-02-25,1,0,market_to_ma200,L3-M01,False,False,NO_VALID_VALUE
2016-02-26,1,0,market_to_ma200,L3-M01,False,False,NO_VALID_VALUE
2016-03-01,1,0,market_to_ma200,L3-M01,False,False,NO_VALID_VALUE
2016-03-02,1,0,market_to_ma200,L3-M01,False,False,NO_VALID_VALUE
2016-03-03,1,0,market_to_ma200,L3-M01,False,False,NO_VALID_VALUE
2016-03-04,1,0,market_to_ma200,L3-M01,False,False,NO_VALID_VALUE
2016-03-07,1,0,market_to_ma200,L3-M01,False,False,NO_VALID_VALUE
2016-03-08,1,0,market_to_ma200,L3-M01,False,False,NO_VALID_VALUE
2016-03-09,1,0,market_to_ma200,L3-M01,False,False,NO_VALID_VALUE
2016-03-10,1,0,market_to_ma200,L3-M01,False,False,NO_VALID_VALUE
2016-03-11,1,0,market_to_ma200,L3-M01,False,False,NO_VALID_VALUE
2016-03-14,1,0,market_to_ma200,L3-M01,False,False,NO_VALID_VALUE
2016-03-15,1,0,market_to_ma200,L3-M01,False,False,NO_VALID_VALUE
2016-03-16,1,0,market_to_ma200,L3-M01,False,False,NO_VALID_VALUE
2016-03-17,1,0,market_to_ma200,L3-M01,False,False,NO_VALID_VALUE
2016-03-18,1,0,market_to_ma200,L3-M01,False,False,NO_VALID_VALUE
2016-03-21,1,0,market_to_ma200,L3-M01,False,False,NO_VALID_VALUE
2016-03-22,1,0,market_to_ma200,L3-M01,False,False,NO_VALID_VALUE
2016-01-04,1,0,market_position252,L3-M01,False,False,NO_VALID_VALUE
2016-01-05,1,0,market_position252,L3-M01,False,False,NO_VALID_VALUE
2016-01-06,1,0,market_position252,L3-M01,False,False,NO_VALID_VALUE
2016-01-07,1,0,market_position252,L3-M01,False,False,NO_VALID_VALUE
2016-01-08,1,0,market_position252,L3-M01,False,False,NO_VALID_VALUE
2016-01-11,1,0,market_position252,L3-M01,False,False,NO_VALID_VALUE
2016-01-12,1,0,market_position252,L3-M01,False,False,NO_VALID_VALUE
2016-01-13,1,0,market_position252,L3-M01,False,False,NO_VALID_VALUE
2016-01-14,1,0,market_position252,L3-M01,False,False,NO_VALID_VALUE
2016-01-15,1,0,market_position252,L3-M01,False,False,NO_VALID_VALUE
2016-01-18,1,0,market_position252,L3-M01,False,False,NO_VALID_VALUE
2016-01-19,1,0,market_position252,L3-M01,False,False,NO_VALID_VALUE
2016-01-20,1,0,market_position252,L3-M01,False,False,NO_VALID_VALUE
2016-01-21,1,0,market_position252,L3-M01,False,False,NO_VALID_VALUE
2016-01-22,1,0,market_position252,L3-M01,False,False,NO_VALID_VALUE
2016-01-25,1,0,market_position252,L3-M01,False,False,NO_VALID_VALUE
2016-01-26,1,0,market_position252,L3-M01,False,False,NO_VALID_VALUE
2016-01-27,1,0,market_position252,L3-M01,False,False,NO_VALID_VALUE
2016-01-28,1,0,market_position252,L3-M01,False,False,NO_VALID_VALUE
2016-01-29,1,0,market_position252,L3-M01,False,False,NO_VALID_VALUE
2016-01-30,1,0,market_position252,L3-M01,False,False,NO_VALID_VALUE
2016-02-01,1,0,market_position252,L3-M01,False,False,NO_VALID_VALUE
2016-02-02,1,0,market_position252,L3-M01,False,False,NO_VALID_VALUE
2016-02-03,1,0,market_position252,L3-M01,False,False,NO_VALID_VALUE
2016-02-15,1,0,market_position252,L3-M01,False,False,NO_VALID_VALUE
2016-02-16,1,0,market_position252,L3-M01,False,False,NO_VALID_VALUE
2016-02-17,1,0,market_position252,L3-M01,False,False,NO_VALID_VALUE
2016-02-18,1,0,market_position252,L3-M01,False,False,NO_VALID_VALUE
2016-02-19,1,0,market_position252,L3-M01,False,False,NO_VALID_VALUE
2016-02-22,1,0,market_position252,L3-M01,False,False,NO_VALID_VALUE
2016-02-23,1,0,market_position252,L3-M01,False,False,NO_VALID_VALUE
2016-02-24,1,0,market_position252,L3-M01,False,False,NO_VALID_VALUE
2016-02-25,1,0,market_position252,L3-M01,False,False,NO_VALID_VALUE
2016-02-26,1,0,market_position252,L3-M01,False,False,NO_VALID_VALUE
2016-03-01,1,0,market_position252,L3-M01,False,False,NO_VALID_VALUE
2016-03-02,1,0,market_position252,L3-M01,False,False,NO_VALID_VALUE
2016-03-03,1,0,market_position252,L3-M01,False,False,NO_VALID_VALUE
2016-03-04,1,0,market_position252,L3-M01,False,False,NO_VALID_VALUE
2016-03-07,1,0,market_position252,L3-M01,False,False,NO_VALID_VALUE
2016-03-08,1,0,market_position252,L3-M01,False,False,NO_VALID_VALUE
2016-03-09,1,0,market_position252,L3-M01,False,False,NO_VALID_VALUE
2016-03-10,1,0,market_position252,L3-M01,False,False,NO_VALID_VALUE
2016-03-11,1,0,market_position252,L3-M01,False,False,NO_VALID_VALUE
2016-03-14,1,0,market_position252,L3-M01,False,False,NO_VALID_VALUE
2016-03-15,1,0,market_position252,L3-M01,False,False,NO_VALID_VALUE
2016-03-16,1,0,market_position252,L3-M01,False,False,NO_VALID_VALUE
2016-03-17,1,0,market_position252,L3-M01,False,False,NO_VALID_VALUE
2016-03-18,1,0,market_position252,L3-M01,False,False,NO_VALID_VALUE
2016-03-21,1,0,market_position252,L3-M01,False,False,NO_VALID_VALUE
2016-03-22,1,0,market_position252,L3-M01,False,False,NO_VALID_VALUE
2016-03-23,1,0,market_position252,L3-M01,False,False,NO_VALID_VALUE
2016-03-24,1,0,market_position252,L3-M01,False,False,NO_VALID_VALUE
2016-03-25,1,0,market_position252,L3-M01,False,False,NO_VALID_VALUE
2016-03-28,1,0,market_position252,L3-M01,False,False,NO_VALID_VALUE
2016-03-29,1,0,market_position252,L3-M01,False,False,NO_VALID_VALUE
2016-03-30,1,0,market_position252,L3-M01,False,False,NO_VALID_VALUE
2016-03-31,1,0,market_position252,L3-M01,False,False,NO_VALID_VALUE
2016-04-01,1,0,market_position252,L3-M01,False,False,NO_VALID_VALUE
2016-04-06,1,0,market_position252,L3-M01,False,False,NO_VALID_VALUE
2016-04-07,1,0,market_position252,L3-M01,False,False,NO_VALID_VALUE
2016-04-08,1,0,market_position252,L3-M01,False,False,NO_VALID_VALUE
2016-04-11,1,0,market_position252,L3-M01,False,False,NO_VALID_VALUE
2016-04-12,1,0,market_position252,L3-M01,False,False,NO_VALID_VALUE
2016-04-13,1,0,market_position252,L3-M01,False,False,NO_VALID_VALUE
2016-04-14,1,0,market_position252,L3-M01,False,False,NO_VALID_VALUE
2016-04-15,1,0,market_position252,L3-M01,False,False,NO_VALID_VALUE
2016-04-18,1,0,market_position252,L3-M01,False,False,NO_VALID_VALUE
2016-04-19,1,0,market_position252,L3-M01,False,False,NO_VALID_VALUE
2016-04-20,1,0,market_position252,L3-M01,False,False,NO_VALID_VALUE
2016-04-21,1,0,market_position252,L3-M01,False,False,NO_VALID_VALUE
2016-04-22,1,0,market_position252,L3-M01,False,False,NO_VALID_VALUE
2016-04-25,1,0,market_position252,L3-M01,False,False,NO_VALID_VALUE
2016-04-26,1,0,market_position252,L3-M01,False,False,NO_VALID_VALUE
2016-04-27,1,0,market_position252,L3-M01,False,False,NO_VALID_VALUE
2016-04-28,1,0,market_position252,L3-M01,False,False,NO_VALID_VALUE
2016-04-29,1,0,market_position252,L3-M01,False,False,NO_VALID_VALUE
2016-05-03,1,0,market_position252,L3-M01,False,False,NO_VALID_VALUE
2016-05-04,1,0,market_position252,L3-M01,False,False,NO_VALID_VALUE
2016-05-05,1,0,market_position252,L3-M01,False,False,NO_VALID_VALUE
2016-05-06,1,0,market_position252,L3-M01,False,False,NO_VALID_VALUE
2016-05-09,1,0,market_position252,L3-M01,False,False,NO_VALID_VALUE
2016-05-10,1,0,market_position252,L3-M01,False,False,NO_VALID_VALUE
2016-05-11,1,0,market_position252,L3-M01,False,False,NO_VALID_VALUE
2016-05-12,1,0,market_position252,L3-M01,False,False,NO_VALID_VALUE
2016-05-13,1,0,market_position252,L3-M01,False,False,NO_VALID_VALUE
2016-05-16,1,0,market_position252,L3-M01,False,False,NO_VALID_VALUE
2016-05-17,1,0,market_position252,L3-M01,False,False,NO_VALID_VALUE
2016-05-18,1,0,market_position252,L3-M01,False,False,NO_VALID_VALUE
2016-05-19,1,0,market_position252,L3-M01,False,False,NO_VALID_VALUE
2016-05-20,1,0,market_position252,L3-M01,False,False,NO_VALID_VALUE
2016-05-23,1,0,market_position252,L3-M01,False,False,NO_VALID_VALUE
2016-05-24,1,0,market_position252,L3-M01,False,False,NO_VALID_VALUE
2016-05-25,1,0,market_position252,L3-M01,False,False,NO_VALID_VALUE
2016-05-26,1,0,market_position252,L3-M01,False,False,NO_VALID_VALUE
2016-05-27,1,0,market_position252,L3-M01,False,False,NO_VALID_VALUE
2016-05-30,1,0,market_position252,L3-M01,False,False,NO_VALID_VALUE
2016-05-31,1,0,market_position252,L3-M01,False,False,NO_VALID_VALUE
2016-06-01,1,0,market_position252,L3-M01,False,False,NO_VALID_VALUE
2016-06-02,1,0,market_position252,L3-M01,False,False,NO_VALID_VALUE
2016-06-03,1,0,market_position252,L3-M01,False,False,NO_VALID_VALUE
2016-06-04,1,0,market_position252,L3-M01,False,False,NO_VALID_VALUE
2016-06-06,1,0,market_position252,L3-M01,False,False,NO_VALID_VALUE
