date,stock_id,max_input_available_date,output_available_date,violation
2016-02-01,6147,2016-02-01,2016-02-01,False
2016-06-21,4971,2016-06-21,2016-06-21,False
2016-09-21,6143,2016-09-21,2016-09-21,False
2016-08-31,1521,2016-08-31,2016-08-31,False
2016-02-24,6230,2016-02-24,2016-02-24,False
2016-09-08,3706,2016-09-08,2016-09-08,False
2016-06-24,1326,2016-06-24,2016-06-24,False
2016-04-28,4938,2016-04-28,2016-04-28,False
2016-07-18,3474,2016-07-18,2016-07-18,False
2016-06-07,8086,2016-06-07,2016-06-07,False
2016-05-25,2103,2016-05-25,2016-05-25,False
2016-06-20,8432,2016-06-20,2016-06-20,False
2016-06-13,4163,2016-06-13,2016-06-13,False
2016-04-22,1590,2016-04-22,2016-04-22,False
2016-05-31,2402,2016-05-31,2016-05-31,False
2016-10-20,5245,2016-10-20,2016-10-20,False
2016-04-27,8069,2016-04-27,2016-04-27,False
2016-01-14,3023,2016-01-14,2016-01-14,False
2016-10-19,6114,2016-10-19,2016-10-19,False
2016-11-07,2412,2016-11-07,2016-11-07,False
2016-10-28,6456,2016-10-28,2016-10-28,False
2016-06-01,2393,2016-06-01,2016-06-01,False
2016-09-30,1338,2016-09-30,2016-09-30,False
2016-10-28,6462,2016-10-28,2016-10-28,False
2016-08-31,8074,2016-08-31,2016-08-31,False
2016-07-28,1527,2016-07-28,2016-07-28,False
2016-03-31,3533,2016-03-31,2016-03-31,False
2016-10-11,2379,2016-10-11,2016-10-11,False
2016-02-15,2881,2016-02-15,2016-02-15,False
2016-09-20,4552,2016-09-20,2016-09-20,False
2016-12-22,6414,2016-12-22,2016-12-22,False
2016-03-07,2311,2016-03-07,2016-03-07,False
2016-09-08,3205,2016-09-08,2016-09-08,False
2016-09-20,3008,2016-09-20,2016-09-20,False
2016-02-01,2929,2016-02-01,2016-02-01,False
2016-10-21,1227,2016-10-21,2016-10-21,False
2016-12-05,2382,2016-12-05,2016-12-05,False
2016-05-04,8299,2016-05-04,2016-05-04,False
2016-04-20,1476,2016-04-20,2016-04-20,False
2016-04-13,8464,2016-04-13,2016-04-13,False
2016-12-30,4147,2016-12-30,2016-12-30,False
2016-06-16,8383,2016-06-16,2016-06-16,False
2016-08-19,6147,2016-08-19,2016-08-19,False
2016-08-16,8016,2016-08-16,2016-08-16,False
2016-08-23,5483,2016-08-23,2016-08-23,False
2016-01-08,3519,2016-01-08,2016-01-08,False
2016-09-06,2454,2016-09-06,2016-09-06,False
2016-11-09,2392,2016-11-09,2016-11-09,False
2016-02-18,3533,2016-02-18,2016-02-18,False
2016-03-04,4528,2016-03-04,2016-03-04,False
2016-12-19,6279,2016-12-19,2016-12-19,False
2016-08-11,1452,2016-08-11,2016-08-11,False
2016-09-10,8042,2016-09-10,2016-09-10,False
2016-05-06,3691,2016-05-06,2016-05-06,False
2016-05-12,5245,2016-05-12,2016-05-12,False
2016-11-24,3338,2016-11-24,2016-11-24,False
2016-08-18,1476,2016-08-18,2016-08-18,False
2016-10-24,6245,2016-10-24,2016-10-24,False
2016-04-28,4147,2016-04-28,2016-04-28,False
2016-12-15,2324,2016-12-15,2016-12-15,False
2016-10-25,3474,2016-10-25,2016-10-25,False
2016-02-16,2207,2016-02-16,2016-02-16,False
2016-12-06,1210,2016-12-06,2016-12-06,False
2016-02-01,2313,2016-02-01,2016-02-01,False
2016-05-19,2485,2016-05-19,2016-05-19,False
2016-11-10,1225,2016-11-10,2016-11-10,False
2016-08-30,2308,2016-08-30,2016-08-30,False
2016-10-19,3588,2016-10-19,2016-10-19,False
2016-03-09,5245,2016-03-09,2016-03-09,False
2016-11-29,6230,2016-11-29,2016-11-29,False
2016-04-18,5490,2016-04-18,2016-04-18,False
2016-01-20,1102,2016-01-20,2016-01-20,False
2016-08-23,9938,2016-08-23,2016-08-23,False
2016-03-04,5289,2016-03-04,2016-03-04,False
2016-08-19,2351,2016-08-19,2016-08-19,False
2016-01-04,2618,2016-01-04,2016-01-04,False
2016-07-07,3324,2016-07-07,2016-07-07,False
2016-03-31,5522,2016-03-31,2016-03-31,False
2016-02-16,2034,2016-02-16,2016-02-16,False
2016-09-01,6411,2016-09-01,2016-09-01,False
2016-05-06,2311,2016-05-06,2016-05-06,False
2016-04-11,2233,2016-04-11,2016-04-11,False
2016-12-29,5263,2016-12-29,2016-12-29,False
2016-11-30,4746,2016-11-30,2016-11-30,False
2016-10-26,2351,2016-10-26,2016-10-26,False
2016-12-07,8069,2016-12-07,2016-12-07,False
2016-02-25,3037,2016-02-25,2016-02-25,False
2016-11-22,4137,2016-11-22,2016-11-22,False
2016-04-29,5425,2016-04-29,2016-04-29,False
2016-05-24,4915,2016-05-24,2016-05-24,False
2016-01-04,2449,2016-01-04,2016-01-04,False
2016-01-25,2330,2016-01-25,2016-01-25,False
2016-04-14,1101,2016-04-14,2016-04-14,False
2016-01-25,1319,2016-01-25,2016-01-25,False
2016-06-28,6290,2016-06-28,2016-06-28,False
2016-02-19,4935,2016-02-19,2016-02-19,False
2016-03-28,4991,2016-03-28,2016-03-28,False
2016-09-05,2881,2016-09-05,2016-09-05,False
2016-12-28,1710,2016-12-28,2016-12-28,False
2016-06-16,4119,2016-06-16,2016-06-16,False
2016-02-02,6223,2016-02-02,2016-02-02,False
2016-12-21,6414,2016-12-21,2016-12-21,False
2016-08-10,1536,2016-08-10,2016-08-10,False
2016-03-25,4979,2016-03-25,2016-03-25,False
2016-05-16,5349,2016-05-16,2016-05-16,False
2016-12-16,8374,2016-12-16,2016-12-16,False
2016-03-22,2454,2016-03-22,2016-03-22,False
2016-09-05,1541,2016-09-05,2016-09-05,False
2016-08-22,8450,2016-08-22,2016-08-22,False
2016-04-27,5425,2016-04-27,2016-04-27,False
2016-07-28,5288,2016-07-28,2016-07-28,False
2016-11-10,4107,2016-11-10,2016-11-10,False
2016-03-07,4991,2016-03-07,2016-03-07,False
2016-07-27,9910,2016-07-27,2016-07-27,False
2016-12-19,6147,2016-12-19,2016-12-19,False
2016-04-08,4551,2016-04-08,2016-04-08,False
2016-03-17,2451,2016-03-17,2016-03-17,False
2016-08-25,1707,2016-08-25,2016-08-25,False
2016-07-20,4163,2016-07-20,2016-07-20,False
2016-04-27,1215,2016-04-27,2016-04-27,False
2016-08-12,6239,2016-08-12,2016-08-12,False
2016-04-28,1589,2016-04-28,2016-04-28,False
2016-04-25,8076,2016-04-25,2016-04-25,False
2016-06-23,5269,2016-06-23,2016-06-23,False
2016-11-23,3474,2016-11-23,2016-11-23,False
2016-10-13,1434,2016-10-13,2016-10-13,False
2016-08-29,5483,2016-08-29,2016-08-29,False
2016-10-20,1723,2016-10-20,2016-10-20,False
2016-09-05,3541,2016-09-05,2016-09-05,False
2016-05-16,3005,2016-05-16,2016-05-16,False
2016-12-02,4984,2016-12-02,2016-12-02,False
2016-05-05,4966,2016-05-05,2016-05-05,False
2016-01-21,8403,2016-01-21,2016-01-21,False
2016-10-28,4974,2016-10-28,2016-10-28,False
2016-06-04,2324,2016-06-04,2016-06-04,False
2016-05-24,6239,2016-05-24,2016-05-24,False
2016-01-11,4119,2016-01-11,2016-01-11,False
2016-05-03,1532,2016-05-03,2016-05-03,False
2016-01-20,3685,2016-01-20,2016-01-20,False
2016-10-19,3706,2016-10-19,2016-10-19,False
2016-10-04,2231,2016-10-04,2016-10-04,False
2016-06-03,3059,2016-06-03,2016-06-03,False
2016-04-11,8383,2016-04-11,2016-04-11,False
2016-08-31,3078,2016-08-31,2016-08-31,False
2016-12-14,4915,2016-12-14,2016-12-14,False
2016-12-22,5534,2016-12-22,2016-12-22,False
2016-06-03,2330,2016-06-03,2016-06-03,False
2016-09-06,1527,2016-09-06,2016-09-06,False
2016-11-14,6147,2016-11-14,2016-11-14,False
2016-03-02,9933,2016-03-02,2016-03-02,False
2016-10-03,2548,2016-10-03,2016-10-03,False
2016-03-18,3189,2016-03-18,2016-03-18,False
2016-09-19,4904,2016-09-19,2016-09-19,False
2016-11-16,5274,2016-11-16,2016-11-16,False
2016-04-20,3324,2016-04-20,2016-04-20,False
2016-07-21,6462,2016-07-21,2016-07-21,False
2016-12-12,1463,2016-12-12,2016-12-12,False
2016-11-01,6239,2016-11-01,2016-11-01,False
2016-10-25,1710,2016-10-25,2016-10-25,False
2016-01-05,3454,2016-01-05,2016-01-05,False
2016-05-20,2707,2016-05-20,2016-05-20,False
2016-03-09,5288,2016-03-09,2016-03-09,False
2016-12-12,1308,2016-12-12,2016-12-12,False
2016-11-15,4157,2016-11-15,2016-11-15,False
2016-08-23,6230,2016-08-23,2016-08-23,False
2016-09-01,8069,2016-09-01,2016-09-01,False
2016-01-28,3691,2016-01-28,2016-01-28,False
2016-07-13,3189,2016-07-13,2016-07-13,False
2016-03-01,1102,2016-03-01,2016-03-01,False
2016-01-11,5269,2016-01-11,2016-01-11,False
2016-12-06,3706,2016-12-06,2016-12-06,False
2016-09-13,2377,2016-09-13,2016-09-13,False
2016-04-18,4163,2016-04-18,2016-04-18,False
2016-12-16,6279,2016-12-16,2016-12-16,False
2016-08-22,2239,2016-08-22,2016-08-22,False
2016-08-03,2228,2016-08-03,2016-08-03,False
2016-01-14,6279,2016-01-14,2016-01-14,False
2016-12-21,1102,2016-12-21,2016-12-21,False
2016-10-25,2439,2016-10-25,2016-10-25,False
2016-08-11,2357,2016-08-11,2016-08-11,False
2016-10-11,6230,2016-10-11,2016-10-11,False
2016-12-21,3324,2016-12-21,2016-12-21,False
2016-06-07,3617,2016-06-07,2016-06-07,False
2016-01-26,3131,2016-01-26,2016-01-26,False
2016-03-09,5289,2016-03-09,2016-03-09,False
2016-11-30,4107,2016-11-30,2016-11-30,False
2016-07-12,2382,2016-07-12,2016-07-12,False
2016-03-10,3293,2016-03-10,2016-03-10,False
2016-07-29,3548,2016-07-29,2016-07-29,False
2016-01-05,2408,2016-01-05,2016-01-05,False
2016-11-28,4938,2016-11-28,2016-11-28,False
2016-10-06,5269,2016-10-06,2016-10-06,False
2016-05-09,6510,2016-05-09,2016-05-09,False
2016-04-13,2388,2016-04-13,2016-04-13,False
2016-12-22,8411,2016-12-22,2016-12-22,False
2016-12-08,2449,2016-12-08,2016-12-08,False
2016-12-12,2936,2016-12-12,2016-12-12,False
2016-11-29,6235,2016-11-29,2016-11-29,False
2016-11-03,1216,2016-11-03,2016-11-03,False
2016-07-18,6160,2016-07-18,2016-07-18,False
2016-12-15,4105,2016-12-15,2016-12-15,False
2016-09-30,2228,2016-09-30,2016-09-30,False
2016-07-28,3324,2016-07-28,2016-07-28,False
2016-07-28,5269,2016-07-28,2016-07-28,False
2016-12-28,1304,2016-12-28,2016-12-28,False
2016-09-22,3034,2016-09-22,2016-09-22,False
2016-09-19,2301,2016-09-19,2016-09-19,False
2016-08-18,4157,2016-08-18,2016-08-18,False
2016-10-28,3236,2016-10-28,2016-10-28,False
2016-09-12,1326,2016-09-12,2016-09-12,False
2016-03-14,4426,2016-03-14,2016-03-14,False
2016-12-02,1305,2016-12-02,2016-12-02,False
2016-02-19,6290,2016-02-19,2016-02-19,False
2016-12-20,3374,2016-12-20,2016-12-20,False
2016-01-22,2912,2016-01-22,2016-01-22,False
2016-07-19,2106,2016-07-19,2016-07-19,False
2016-12-23,2385,2016-12-23,2016-12-23,False
2016-12-27,6279,2016-12-27,2016-12-27,False
2016-04-26,2066,2016-04-26,2016-04-26,False
2016-08-02,5269,2016-08-02,2016-08-02,False
2016-05-11,8404,2016-05-11,2016-05-11,False
2016-06-14,2634,2016-06-14,2016-06-14,False
2016-09-01,1504,2016-09-01,2016-09-01,False
2016-03-22,6462,2016-03-22,2016-03-22,False
2016-04-18,6223,2016-04-18,2016-04-18,False
2016-12-29,5388,2016-12-29,2016-12-29,False
2016-10-26,2395,2016-10-26,2016-10-26,False
2016-12-06,4105,2016-12-06,2016-12-06,False
2016-07-22,3008,2016-07-22,2016-07-22,False
2016-08-01,4979,2016-08-01,2016-08-01,False
2016-11-03,2103,2016-11-03,2016-11-03,False
2016-03-04,1789,2016-03-04,2016-03-04,False
2016-06-16,3691,2016-06-16,2016-06-16,False
2016-07-26,3360,2016-07-26,2016-07-26,False
2016-10-18,1527,2016-10-18,2016-10-18,False
2016-07-18,5264,2016-07-18,2016-07-18,False
2016-12-26,2929,2016-12-26,2016-12-26,False
2016-11-01,2633,2016-11-01,2016-11-01,False
2016-08-31,3017,2016-08-31,2016-08-31,False
2016-08-04,3078,2016-08-04,2016-08-04,False
2016-04-25,2408,2016-04-25,2016-04-25,False
2016-11-16,9951,2016-11-16,2016-11-16,False
2016-05-31,3163,2016-05-31,2016-05-31,False
2016-12-16,3006,2016-12-16,2016-12-16,False
2016-12-08,6414,2016-12-08,2016-12-08,False
2016-12-14,6505,2016-12-14,2016-12-14,False
2016-07-18,1402,2016-07-18,2016-07-18,False
2016-04-26,1473,2016-04-26,2016-04-26,False
2016-06-20,4935,2016-06-20,2016-06-20,False
2016-05-13,4534,2016-05-13,2016-05-13,False
2016-03-23,1704,2016-03-23,2016-03-23,False
2016-12-09,3081,2016-12-09,2016-12-09,False
2016-04-19,2049,2016-04-19,2016-04-19,False
2016-03-02,1536,2016-03-02,2016-03-02,False
2016-02-03,1723,2016-02-03,2016-02-03,False
2016-07-19,3189,2016-07-19,2016-07-19,False
2016-05-12,4916,2016-05-12,2016-05-12,False
2016-03-29,3443,2016-03-29,2016-03-29,False
2016-05-17,1707,2016-05-17,2016-05-17,False
2016-10-07,2356,2016-10-07,2016-10-07,False
2016-09-06,3548,2016-09-06,2016-09-06,False
2016-06-21,6187,2016-06-21,2016-06-21,False
2016-03-25,4991,2016-03-25,2016-03-25,False
2016-10-06,3078,2016-10-06,2016-10-06,False
2016-08-18,3552,2016-08-18,2016-08-18,False
2016-07-22,4935,2016-07-22,2016-07-22,False
2016-01-15,5388,2016-01-15,2016-01-15,False
2016-08-29,6414,2016-08-29,2016-08-29,False
2016-05-25,4137,2016-05-25,2016-05-25,False
2016-09-08,6452,2016-09-08,2016-09-08,False
2016-04-13,2454,2016-04-13,2016-04-13,False
2016-10-03,4551,2016-10-03,2016-10-03,False
2016-12-16,2393,2016-12-16,2016-12-16,False
2016-12-22,2882,2016-12-22,2016-12-22,False
2016-12-07,3406,2016-12-07,2016-12-07,False
2016-03-21,4130,2016-03-21,2016-03-21,False
2016-08-04,3617,2016-08-04,2016-08-04,False
2016-01-13,1707,2016-01-13,2016-01-13,False
2016-09-22,2308,2016-09-22,2016-09-22,False
2016-05-17,2408,2016-05-17,2016-05-17,False
2016-09-05,2376,2016-09-05,2016-09-05,False
2016-01-07,4105,2016-01-07,2016-01-07,False
2016-04-07,4163,2016-04-07,2016-04-07,False
2016-04-12,1527,2016-04-12,2016-04-12,False
2016-07-01,6238,2016-07-01,2016-07-01,False
2016-06-29,5483,2016-06-29,2016-06-29,False
2016-08-04,8299,2016-08-04,2016-08-04,False
2016-12-06,5347,2016-12-06,2016-12-06,False
2016-05-26,1464,2016-05-26,2016-05-26,False
2016-12-02,6446,2016-12-02,2016-12-02,False
2016-04-13,4105,2016-04-13,2016-04-13,False
2016-06-16,3231,2016-06-16,2016-06-16,False
2016-01-14,9933,2016-01-14,2016-01-14,False
2016-03-23,2474,2016-03-23,2016-03-23,False
2016-11-17,6220,2016-11-17,2016-11-17,False
2016-01-15,3519,2016-01-15,2016-01-15,False
2016-09-10,6269,2016-09-10,2016-09-10,False
2016-02-22,2301,2016-02-22,2016-02-22,False
2016-05-13,2357,2016-05-13,2016-05-13,False
2016-03-25,2311,2016-03-25,2016-03-25,False
2016-03-18,4147,2016-03-18,2016-03-18,False
2016-06-24,3665,2016-06-24,2016-06-24,False
2016-04-11,5288,2016-04-11,2016-04-11,False
2016-06-13,2545,2016-06-13,2016-06-13,False
2016-04-26,5425,2016-04-26,2016-04-26,False
2016-08-29,4904,2016-08-29,2016-08-29,False
2016-05-06,2474,2016-05-06,2016-05-06,False
2016-03-21,3360,2016-03-21,2016-03-21,False
2016-10-06,3376,2016-10-06,2016-10-06,False
2016-06-01,1722,2016-06-01,2016-06-01,False
2016-09-09,2354,2016-09-09,2016-09-09,False
2016-08-23,2393,2016-08-23,2016-08-23,False
2016-04-19,2233,2016-04-19,2016-04-19,False
2016-04-12,8431,2016-04-12,2016-04-12,False
2016-12-09,1536,2016-12-09,2016-12-09,False
2016-12-27,8374,2016-12-27,2016-12-27,False
2016-06-14,2356,2016-06-14,2016-06-14,False
2016-01-20,9910,2016-01-20,2016-01-20,False
2016-01-18,1522,2016-01-18,2016-01-18,False
2016-01-22,6285,2016-01-22,2016-01-22,False
2016-06-27,8105,2016-06-27,2016-06-27,False
2016-11-16,5534,2016-11-16,2016-11-16,False
2016-09-21,9921,2016-09-21,2016-09-21,False
2016-09-01,2881,2016-09-01,2016-09-01,False
2016-09-07,1525,2016-09-07,2016-09-07,False
2016-12-15,2474,2016-12-15,2016-12-15,False
2016-11-11,4971,2016-11-11,2016-11-11,False
2016-07-12,4958,2016-07-12,2016-07-12,False
2016-09-01,2498,2016-09-01,2016-09-01,False
2016-10-26,2379,2016-10-26,2016-10-26,False
2016-01-22,6238,2016-01-22,2016-01-22,False
2016-07-06,2395,2016-07-06,2016-07-06,False
2016-10-11,6451,2016-10-11,2016-10-11,False
2016-11-02,2886,2016-11-02,2016-11-02,False
2016-07-22,2231,2016-07-22,2016-07-22,False
2016-07-01,8406,2016-07-01,2016-07-01,False
2016-01-25,5269,2016-01-25,2016-01-25,False
2016-11-10,3541,2016-11-10,2016-11-10,False
2016-06-27,2548,2016-06-27,2016-06-27,False
2016-08-22,3450,2016-08-22,2016-08-22,False
2016-08-03,1303,2016-08-03,2016-08-03,False
2016-08-25,3324,2016-08-25,2016-08-25,False
2016-10-05,5904,2016-10-05,2016-10-05,False
2016-05-12,2062,2016-05-12,2016-05-12,False
2016-06-24,3163,2016-06-24,2016-06-24,False
2016-07-28,3260,2016-07-28,2016-07-28,False
2016-09-19,8105,2016-09-19,2016-09-19,False
2016-03-07,2382,2016-03-07,2016-03-07,False
2016-11-09,3006,2016-11-09,2016-11-09,False
2016-07-07,3630,2016-07-07,2016-07-07,False
2016-11-25,4979,2016-11-25,2016-11-25,False
2016-06-16,2393,2016-06-16,2016-06-16,False
2016-05-30,4746,2016-05-30,2016-05-30,False
2016-09-07,8383,2016-09-07,2016-09-07,False
2016-08-17,2454,2016-08-17,2016-08-17,False
2016-12-22,1589,2016-12-22,2016-12-22,False
2016-06-28,4938,2016-06-28,2016-06-28,False
2016-10-13,6220,2016-10-13,2016-10-13,False
2016-01-26,2105,2016-01-26,2016-01-26,False
2016-12-02,6492,2016-12-02,2016-12-02,False
2016-06-03,8383,2016-06-03,2016-06-03,False
2016-11-14,3163,2016-11-14,2016-11-14,False
2016-09-30,2395,2016-09-30,2016-09-30,False
2016-10-12,5009,2016-10-12,2016-10-12,False
2016-10-28,2231,2016-10-28,2016-10-28,False
2016-01-21,1727,2016-01-21,2016-01-21,False
2016-07-11,3665,2016-07-11,2016-07-11,False
2016-10-21,2105,2016-10-21,2016-10-21,False
2016-09-09,4919,2016-09-09,2016-09-09,False
2016-05-19,2886,2016-05-19,2016-05-19,False
2016-11-08,3034,2016-11-08,2016-11-08,False
2016-08-24,3455,2016-08-24,2016-08-24,False
2016-08-01,1310,2016-08-01,2016-08-01,False
2016-07-18,3484,2016-07-18,2016-07-18,False
2016-08-26,4966,2016-08-26,2016-08-26,False
2016-06-17,2376,2016-06-17,2016-06-17,False
2016-07-28,3691,2016-07-28,2016-07-28,False
2016-06-29,4167,2016-06-29,2016-06-29,False
2016-05-17,6104,2016-05-17,2016-05-17,False
2016-08-08,1102,2016-08-08,2016-08-08,False
2016-06-20,5349,2016-06-20,2016-06-20,False
2016-11-10,1590,2016-11-10,2016-11-10,False
2016-03-04,6285,2016-03-04,2016-03-04,False
2016-08-16,8086,2016-08-16,2016-08-16,False
2016-12-13,2393,2016-12-13,2016-12-13,False
2016-02-26,2395,2016-02-26,2016-02-26,False
2016-02-03,9933,2016-02-03,2016-02-03,False
2016-07-13,4426,2016-07-13,2016-07-13,False
2016-08-02,4968,2016-08-02,2016-08-02,False
2016-04-13,9938,2016-04-13,2016-04-13,False
2016-06-20,2325,2016-06-20,2016-06-20,False
2016-06-14,2408,2016-06-14,2016-06-14,False
2016-08-15,1504,2016-08-15,2016-08-15,False
2016-03-24,4108,2016-03-24,2016-03-24,False
2016-10-31,1101,2016-10-31,2016-10-31,False
2016-07-05,2347,2016-07-05,2016-07-05,False
2016-04-07,1525,2016-04-07,2016-04-07,False
2016-10-17,3541,2016-10-17,2016-10-17,False
2016-12-27,2059,2016-12-27,2016-12-27,False
2016-11-08,3205,2016-11-08,2016-11-08,False
2016-11-04,1305,2016-11-04,2016-11-04,False
2016-10-12,6230,2016-10-12,2016-10-12,False
2016-05-11,6510,2016-05-11,2016-05-11,False
2016-06-01,4991,2016-06-01,2016-06-01,False
2016-03-18,3519,2016-03-18,2016-03-18,False
2016-08-15,2542,2016-08-15,2016-08-15,False
2016-09-06,3189,2016-09-06,2016-09-06,False
2016-01-15,5288,2016-01-15,2016-01-15,False
2016-04-07,6512,2016-04-07,2016-04-07,False
2016-10-11,3708,2016-10-11,2016-10-11,False
2016-01-22,8048,2016-01-22,2016-01-22,False
2016-03-07,3443,2016-03-07,2016-03-07,False
2016-04-26,3558,2016-04-26,2016-04-26,False
2016-06-14,4935,2016-06-14,2016-06-14,False
2016-03-10,2485,2016-03-10,2016-03-10,False
2016-06-01,3665,2016-06-01,2016-06-01,False
2016-06-21,1802,2016-06-21,2016-06-21,False
2016-08-18,1704,2016-08-18,2016-08-18,False
2016-12-14,2548,2016-12-14,2016-12-14,False
2016-09-01,2439,2016-09-01,2016-09-01,False
2016-05-05,3519,2016-05-05,2016-05-05,False
2016-10-25,1536,2016-10-25,2016-10-25,False
2016-12-19,5483,2016-12-19,2016-12-19,False
2016-01-26,3034,2016-01-26,2016-01-26,False
2016-04-21,2354,2016-04-21,2016-04-21,False
2016-06-13,3376,2016-06-13,2016-06-13,False
2016-04-28,2881,2016-04-28,2016-04-28,False
2016-03-16,3231,2016-03-16,2016-03-16,False
2016-01-04,1707,2016-01-04,2016-01-04,False
2016-08-31,4549,2016-08-31,2016-08-31,False
2016-07-15,9933,2016-07-15,2016-07-15,False
2016-09-13,1504,2016-09-13,2016-09-13,False
2016-12-15,9921,2016-12-15,2016-12-15,False
2016-02-24,4130,2016-02-24,2016-02-24,False
2016-04-27,3016,2016-04-27,2016-04-27,False
2016-11-30,3514,2016-11-30,2016-11-30,False
2016-02-24,3044,2016-02-24,2016-02-24,False
2016-11-04,1563,2016-11-04,2016-11-04,False
2016-07-18,4119,2016-07-18,2016-07-18,False
2016-09-21,2474,2016-09-21,2016-09-21,False
2016-12-27,2313,2016-12-27,2016-12-27,False
2016-05-03,1464,2016-05-03,2016-05-03,False
2016-03-07,1337,2016-03-07,2016-03-07,False
2016-12-12,2102,2016-12-12,2016-12-12,False
2016-05-26,6202,2016-05-26,2016-05-26,False
2016-10-24,2108,2016-10-24,2016-10-24,False
2016-04-15,3008,2016-04-15,2016-04-15,False
2016-01-13,3533,2016-01-13,2016-01-13,False
2016-06-13,4129,2016-06-13,2016-06-13,False
2016-02-23,2357,2016-02-23,2016-02-23,False
2016-03-04,2615,2016-03-04,2016-03-04,False
2016-03-16,3491,2016-03-16,2016-03-16,False
2016-09-19,2330,2016-09-19,2016-09-19,False
2016-06-16,4162,2016-06-16,2016-06-16,False
2016-06-22,4736,2016-06-22,2016-06-22,False
2016-07-12,2345,2016-07-12,2016-07-12,False
2016-03-07,4126,2016-03-07,2016-03-07,False
2016-01-30,4105,2016-01-30,2016-01-30,False
2016-06-22,8406,2016-06-22,2016-06-22,False
2016-04-11,8299,2016-04-11,2016-04-11,False
2016-12-16,4162,2016-12-16,2016-12-16,False
2016-09-30,4915,2016-09-30,2016-09-30,False
2016-04-11,4733,2016-04-11,2016-04-11,False
2016-08-15,5434,2016-08-15,2016-08-15,False
2016-04-15,4137,2016-04-15,2016-04-15,False
2016-02-03,4906,2016-02-03,2016-02-03,False
2016-03-31,1565,2016-03-31,2016-03-31,False
2016-03-02,4106,2016-03-02,2016-03-02,False
2016-01-28,2301,2016-01-28,2016-01-28,False
2016-11-11,3141,2016-11-11,2016-11-11,False
2016-06-14,5871,2016-06-14,2016-06-14,False
2016-08-18,4137,2016-08-18,2016-08-18,False
2016-03-24,3032,2016-03-24,2016-03-24,False
2016-03-03,4119,2016-03-03,2016-03-03,False
2016-03-25,5425,2016-03-25,2016-03-25,False
2016-05-16,3607,2016-05-16,2016-05-16,False
2016-01-26,3023,2016-01-26,2016-01-26,False
2016-10-06,6238,2016-10-06,2016-10-06,False
2016-10-07,1504,2016-10-07,2016-10-07,False
2016-07-26,2049,2016-07-26,2016-07-26,False
2016-04-21,2388,2016-04-21,2016-04-21,False
2016-07-15,8105,2016-07-15,2016-07-15,False
2016-05-24,5434,2016-05-24,2016-05-24,False
2016-11-01,3205,2016-11-01,2016-11-01,False
2016-05-18,1536,2016-05-18,2016-05-18,False
2016-05-13,2330,2016-05-13,2016-05-13,False
2016-05-23,5269,2016-05-23,2016-05-23,False
2016-09-12,2328,2016-09-12,2016-09-12,False
2016-12-22,9938,2016-12-22,2016-12-22,False
2016-02-15,3406,2016-02-15,2016-02-15,False
2016-03-04,4733,2016-03-04,2016-03-04,False
2016-07-22,2485,2016-07-22,2016-07-22,False
2016-08-09,3017,2016-08-09,2016-08-09,False
2016-02-26,8406,2016-02-26,2016-02-26,False
2016-07-28,2357,2016-07-28,2016-07-28,False
2016-08-02,4743,2016-08-02,2016-08-02,False
2016-03-01,2360,2016-03-01,2016-03-01,False
2016-11-22,2328,2016-11-22,2016-11-22,False
2016-09-21,3708,2016-09-21,2016-09-21,False
2016-08-19,2207,2016-08-19,2016-08-19,False
2016-10-04,5871,2016-10-04,2016-10-04,False
2016-10-31,1216,2016-10-31,2016-10-31,False
2016-08-01,2485,2016-08-01,2016-08-01,False
2016-03-10,2313,2016-03-10,2016-03-10,False
2016-11-08,4417,2016-11-08,2016-11-08,False
2016-04-22,1536,2016-04-22,2016-04-22,False
2016-11-09,2882,2016-11-09,2016-11-09,False
2016-10-03,1301,2016-10-03,2016-10-03,False
2016-08-02,3630,2016-08-02,2016-08-02,False
2016-12-29,1702,2016-12-29,2016-12-29,False
2016-12-13,2049,2016-12-13,2016-12-13,False
2016-06-02,9802,2016-06-02,2016-06-02,False
2016-03-24,4130,2016-03-24,2016-03-24,False
2016-02-18,4128,2016-02-18,2016-02-18,False
2016-11-21,2891,2016-11-21,2016-11-21,False
2016-10-31,6535,2016-10-31,2016-10-31,False
2016-10-03,2484,2016-10-03,2016-10-03,False
2016-12-23,2449,2016-12-23,2016-12-23,False
2016-02-19,2393,2016-02-19,2016-02-19,False
2016-11-17,2723,2016-11-17,2016-11-17,False
2016-05-25,1565,2016-05-25,2016-05-25,False
2016-04-20,4736,2016-04-20,2016-04-20,False
2016-12-02,3665,2016-12-02,2016-12-02,False
2016-08-23,1210,2016-08-23,2016-08-23,False
2016-10-27,2929,2016-10-27,2016-10-27,False
2016-05-31,8050,2016-05-31,2016-05-31,False
2016-03-29,3017,2016-03-29,2016-03-29,False
2016-01-29,4938,2016-01-29,2016-01-29,False
2016-05-27,8341,2016-05-27,2016-05-27,False
2016-11-29,4162,2016-11-29,2016-11-29,False
2016-11-09,6238,2016-11-09,2016-11-09,False
2016-11-14,2356,2016-11-14,2016-11-14,False
2016-03-31,6187,2016-03-31,2016-03-31,False
2016-11-10,9921,2016-11-10,2016-11-10,False
2016-04-06,5388,2016-04-06,2016-04-06,False
2016-12-15,3360,2016-12-15,2016-12-15,False
2016-09-10,3141,2016-09-10,2016-09-10,False
2016-05-19,5347,2016-05-19,2016-05-19,False
2016-12-15,2723,2016-12-15,2016-12-15,False
2016-11-08,1262,2016-11-08,2016-11-08,False
2016-07-06,6462,2016-07-06,2016-07-06,False
2016-04-19,4541,2016-04-19,2016-04-19,False
2016-11-16,2351,2016-11-16,2016-11-16,False
2016-06-30,2454,2016-06-30,2016-06-30,False
2016-01-22,6279,2016-01-22,2016-01-22,False
2016-07-29,4739,2016-07-29,2016-07-29,False
2016-11-23,2637,2016-11-23,2016-11-23,False
2016-10-27,1569,2016-10-27,2016-10-27,False
2016-03-03,8299,2016-03-03,2016-03-03,False
2016-02-23,2912,2016-02-23,2016-02-23,False
2016-12-13,1536,2016-12-13,2016-12-13,False
2016-05-17,8464,2016-05-17,2016-05-17,False
2016-08-19,1909,2016-08-19,2016-08-19,False
2016-04-13,5483,2016-04-13,2016-04-13,False
2016-11-02,1522,2016-11-02,2016-11-02,False
2016-05-26,8341,2016-05-26,2016-05-26,False
2016-10-05,2886,2016-10-05,2016-10-05,False
2016-08-04,6245,2016-08-04,2016-08-04,False
2016-05-12,6227,2016-05-12,2016-05-12,False
2016-06-08,3260,2016-06-08,2016-06-08,False
2016-03-01,4991,2016-03-01,2016-03-01,False
2016-07-25,3450,2016-07-25,2016-07-25,False
2016-02-24,1789,2016-02-24,2016-02-24,False
2016-04-13,9951,2016-04-13,2016-04-13,False
2016-01-26,2231,2016-01-26,2016-01-26,False
2016-07-13,6279,2016-07-13,2016-07-13,False
2016-11-10,1568,2016-11-10,2016-11-10,False
2016-08-31,1402,2016-08-31,2016-08-31,False
2016-05-20,4105,2016-05-20,2016-05-20,False
2016-07-28,4426,2016-07-28,2016-07-28,False
2016-06-22,4105,2016-06-22,2016-06-22,False
2016-12-07,2454,2016-12-07,2016-12-07,False
2016-08-09,6523,2016-08-09,2016-08-09,False
2016-09-08,5474,2016-09-08,2016-09-08,False
2016-06-16,1527,2016-06-16,2016-06-16,False
2016-04-15,4161,2016-04-15,2016-04-15,False
2016-11-02,4803,2016-11-02,2016-11-02,False
2016-12-21,1477,2016-12-21,2016-12-21,False
2016-12-23,3036,2016-12-23,2016-12-23,False
2016-01-26,5305,2016-01-26,2016-01-26,False
2016-11-22,4966,2016-11-22,2016-11-22,False
2016-11-16,8016,2016-11-16,2016-11-16,False
2016-12-23,1795,2016-12-23,2016-12-23,False
2016-05-19,3035,2016-05-19,2016-05-19,False
2016-12-14,1707,2016-12-14,2016-12-14,False
2016-07-21,3450,2016-07-21,2016-07-21,False
2016-03-25,8464,2016-03-25,2016-03-25,False
2016-10-06,3019,2016-10-06,2016-10-06,False
2016-07-22,3552,2016-07-22,2016-07-22,False
2016-08-18,3653,2016-08-18,2016-08-18,False
2016-02-22,3017,2016-02-22,2016-02-22,False
2016-04-27,3508,2016-04-27,2016-04-27,False
2016-05-09,6279,2016-05-09,2016-05-09,False
2016-08-09,9910,2016-08-09,2016-08-09,False
2016-01-29,2823,2016-01-29,2016-01-29,False
2016-07-25,3205,2016-07-25,2016-07-25,False
2016-08-02,1707,2016-08-02,2016-08-02,False
2016-09-02,3374,2016-09-02,2016-09-02,False
2016-10-21,3548,2016-10-21,2016-10-21,False
2016-08-18,3293,2016-08-18,2016-08-18,False
2016-05-24,6147,2016-05-24,2016-05-24,False
2016-01-07,5388,2016-01-07,2016-01-07,False
2016-02-15,3227,2016-02-15,2016-02-15,False
2016-05-16,8255,2016-05-16,2016-05-16,False
2016-08-01,5443,2016-08-01,2016-08-01,False
2016-05-11,9951,2016-05-11,2016-05-11,False
2016-01-13,1729,2016-01-13,2016-01-13,False
2016-09-14,4971,2016-09-14,2016-09-14,False
2016-12-27,2049,2016-12-27,2016-12-27,False
2016-07-22,1711,2016-07-22,2016-07-22,False
2016-08-12,2929,2016-08-12,2016-08-12,False
2016-09-30,1464,2016-09-30,2016-09-30,False
2016-10-13,4137,2016-10-13,2016-10-13,False
2016-09-09,4935,2016-09-09,2016-09-09,False
2016-11-23,3272,2016-11-23,2016-11-23,False
2016-09-29,6505,2016-09-29,2016-09-29,False
2016-05-25,2355,2016-05-25,2016-05-25,False
2016-09-05,8450,2016-09-05,2016-09-05,False
2016-09-06,3630,2016-09-06,2016-09-06,False
2016-05-18,3205,2016-05-18,2016-05-18,False
2016-04-12,4739,2016-04-12,2016-04-12,False
2016-09-06,1707,2016-09-06,2016-09-06,False
2016-08-15,4971,2016-08-15,2016-08-15,False
2016-09-13,2379,2016-09-13,2016-09-13,False
2016-04-28,1707,2016-04-28,2016-04-28,False
2016-12-29,3548,2016-12-29,2016-12-29,False
2016-09-30,3519,2016-09-30,2016-09-30,False
2016-11-10,1707,2016-11-10,2016-11-10,False
2016-10-27,1592,2016-10-27,2016-10-27,False
2016-12-15,1527,2016-12-15,2016-12-15,False
2016-10-31,2325,2016-10-31,2016-10-31,False
2016-04-19,5269,2016-04-19,2016-04-19,False
2016-05-23,3587,2016-05-23,2016-05-23,False
2016-04-14,2882,2016-04-14,2016-04-14,False
2016-10-24,8436,2016-10-24,2016-10-24,False
2016-04-15,2548,2016-04-15,2016-04-15,False
2016-05-31,4128,2016-05-31,2016-05-31,False
2016-02-26,6605,2016-02-26,2016-02-26,False
2016-12-23,4915,2016-12-23,2016-12-23,False
2016-02-26,5264,2016-02-26,2016-02-26,False
2016-06-28,8383,2016-06-28,2016-06-28,False
2016-03-03,8383,2016-03-03,2016-03-03,False
2016-10-19,1464,2016-10-19,2016-10-19,False
2016-11-08,5274,2016-11-08,2016-11-08,False
2016-03-01,2912,2016-03-01,2016-03-01,False
2016-12-16,1326,2016-12-16,2016-12-16,False
2016-11-28,9921,2016-11-28,2016-11-28,False
2016-10-11,1723,2016-10-11,2016-10-11,False
2016-11-21,2613,2016-11-21,2016-11-21,False
2016-10-24,8341,2016-10-24,2016-10-24,False
2016-08-29,2448,2016-08-29,2016-08-29,False
2016-11-17,1704,2016-11-17,2016-11-17,False
2016-06-24,3231,2016-06-24,2016-06-24,False
2016-09-23,5478,2016-09-23,2016-09-23,False
2016-06-28,8016,2016-06-28,2016-06-28,False
2016-09-10,6462,2016-09-10,2016-09-10,False
2016-12-12,2103,2016-12-12,2016-12-12,False
2016-11-24,2542,2016-11-24,2016-11-24,False
2016-03-28,3023,2016-03-28,2016-03-28,False
2016-09-21,1592,2016-09-21,2016-09-21,False
2016-01-25,6206,2016-01-25,2016-01-25,False
2016-06-20,2498,2016-06-20,2016-06-20,False
2016-05-26,5264,2016-05-26,2016-05-26,False
2016-06-23,3617,2016-06-23,2016-06-23,False
2016-12-06,2408,2016-12-06,2016-12-06,False
2016-01-18,2634,2016-01-18,2016-01-18,False
2016-04-18,8432,2016-04-18,2016-04-18,False
2016-03-23,4123,2016-03-23,2016-03-23,False
2016-07-25,2393,2016-07-25,2016-07-25,False
2016-12-23,2382,2016-12-23,2016-12-23,False
2016-09-08,4904,2016-09-08,2016-09-08,False
2016-08-01,2377,2016-08-01,2016-08-01,False
2016-07-06,2412,2016-07-06,2016-07-06,False
2016-12-07,8299,2016-12-07,2016-12-07,False
2016-06-01,2886,2016-06-01,2016-06-01,False
2016-04-18,1536,2016-04-18,2016-04-18,False
2016-12-26,1337,2016-12-26,2016-12-26,False
2016-12-01,8044,2016-12-01,2016-12-01,False
2016-05-30,8044,2016-05-30,2016-05-30,False
2016-09-29,2313,2016-09-29,2016-09-29,False
2016-10-06,3546,2016-10-06,2016-10-06,False
2016-12-02,3406,2016-12-02,2016-12-02,False
2016-12-09,2383,2016-12-09,2016-12-09,False
2016-05-03,6294,2016-05-03,2016-05-03,False
2016-09-23,1522,2016-09-23,2016-09-23,False
2016-05-09,3205,2016-05-09,2016-05-09,False
2016-10-17,2454,2016-10-17,2016-10-17,False
2016-08-24,6446,2016-08-24,2016-08-24,False
2016-02-25,5243,2016-02-25,2016-02-25,False
2016-11-30,6285,2016-11-30,2016-11-30,False
2016-11-09,2449,2016-11-09,2016-11-09,False
2016-04-25,2723,2016-04-25,2016-04-25,False
2016-05-19,4129,2016-05-19,2016-05-19,False
2016-04-07,2382,2016-04-07,2016-04-07,False
2016-01-15,4104,2016-01-15,2016-01-15,False
2016-04-18,9951,2016-04-18,2016-04-18,False
2016-11-24,6505,2016-11-24,2016-11-24,False
2016-01-07,2449,2016-01-07,2016-01-07,False
2016-04-12,2241,2016-04-12,2016-04-12,False
2016-03-04,2105,2016-03-04,2016-03-04,False
2016-06-29,5264,2016-06-29,2016-06-29,False
2016-04-22,6279,2016-04-22,2016-04-22,False
2016-10-05,5288,2016-10-05,2016-10-05,False
2016-02-16,4129,2016-02-16,2016-02-16,False
2016-06-14,3552,2016-06-14,2016-06-14,False
2016-11-01,1304,2016-11-01,2016-11-01,False
2016-01-04,8046,2016-01-04,2016-01-04,False
2016-01-25,3034,2016-01-25,2016-01-25,False
2016-08-24,6139,2016-08-24,2016-08-24,False
2016-10-07,3673,2016-10-07,2016-10-07,False
2016-03-14,2881,2016-03-14,2016-03-14,False
2016-08-09,2393,2016-08-09,2016-08-09,False
2016-04-27,1563,2016-04-27,2016-04-27,False
2016-11-17,4984,2016-11-17,2016-11-17,False
2016-01-29,4129,2016-01-29,2016-01-29,False
2016-03-04,6462,2016-03-04,2016-03-04,False
2016-05-12,4147,2016-05-12,2016-05-12,False
2016-03-29,6239,2016-03-29,2016-03-29,False
2016-06-02,4915,2016-06-02,2016-06-02,False
2016-12-13,9921,2016-12-13,2016-12-13,False
2016-03-23,2231,2016-03-23,2016-03-23,False
2016-12-07,4746,2016-12-07,2016-12-07,False
2016-06-20,6456,2016-06-20,2016-06-20,False
2016-04-06,2912,2016-04-06,2016-04-06,False
2016-10-06,2228,2016-10-06,2016-10-06,False
2016-08-24,3558,2016-08-24,2016-08-24,False
2016-02-19,9951,2016-02-19,2016-02-19,False
2016-04-12,8086,2016-04-12,2016-04-12,False
2016-12-29,2345,2016-12-29,2016-12-29,False
2016-07-07,2542,2016-07-07,2016-07-07,False
2016-10-05,3541,2016-10-05,2016-10-05,False
2016-05-24,3665,2016-05-24,2016-05-24,False
2016-10-04,2634,2016-10-04,2016-10-04,False
2016-08-02,3691,2016-08-02,2016-08-02,False
2016-08-10,3081,2016-08-10,2016-08-10,False
2016-09-21,1402,2016-09-21,2016-09-21,False
2016-08-24,3548,2016-08-24,2016-08-24,False
2016-11-11,2308,2016-11-11,2016-11-11,False
2016-07-22,3042,2016-07-22,2016-07-22,False
2016-08-23,1590,2016-08-23,2016-08-23,False
2016-01-28,4979,2016-01-28,2016-01-28,False
2016-04-20,4739,2016-04-20,2016-04-20,False
2016-08-25,4979,2016-08-25,2016-08-25,False
2016-01-08,2002,2016-01-08,2016-01-08,False
2016-08-23,3450,2016-08-23,2016-08-23,False
2016-05-27,5490,2016-05-27,2016-05-27,False
2016-02-01,6462,2016-02-01,2016-02-01,False
2016-06-04,3008,2016-06-04,2016-06-04,False
2016-02-18,1704,2016-02-18,2016-02-18,False
2016-06-08,3691,2016-06-08,2016-06-08,False
2016-06-30,2376,2016-06-30,2016-06-30,False
2016-07-06,5871,2016-07-06,2016-07-06,False
2016-03-25,3034,2016-03-25,2016-03-25,False
2016-08-31,2313,2016-08-31,2016-08-31,False
2016-06-20,5439,2016-06-20,2016-06-20,False
2016-01-05,2395,2016-01-05,2016-01-05,False
2016-05-25,2886,2016-05-25,2016-05-25,False
2016-06-08,4991,2016-06-08,2016-06-08,False
2016-11-01,6282,2016-11-01,2016-11-01,False
2016-09-14,3450,2016-09-14,2016-09-14,False
2016-11-23,9933,2016-11-23,2016-11-23,False
2016-03-29,3406,2016-03-29,2016-03-29,False
2016-01-25,2379,2016-01-25,2016-01-25,False
2016-05-16,2105,2016-05-16,2016-05-16,False
2016-01-12,2448,2016-01-12,2016-01-12,False
2016-11-21,2069,2016-11-21,2016-11-21,False
2016-03-07,5457,2016-03-07,2016-03-07,False
2016-05-17,2382,2016-05-17,2016-05-17,False
2016-04-12,3205,2016-04-12,2016-04-12,False
2016-11-17,2034,2016-11-17,2016-11-17,False
2016-11-30,4147,2016-11-30,2016-11-30,False
2016-05-23,3558,2016-05-23,2016-05-23,False
2016-03-07,2408,2016-03-07,2016-03-07,False
2016-07-12,2439,2016-07-12,2016-07-12,False
2016-02-25,9914,2016-02-25,2016-02-25,False
2016-02-26,4107,2016-02-26,2016-02-26,False
2016-05-12,2325,2016-05-12,2016-05-12,False
2016-10-04,3037,2016-10-04,2016-10-04,False
2016-03-04,3260,2016-03-04,2016-03-04,False
2016-12-29,2324,2016-12-29,2016-12-29,False
2016-05-24,1789,2016-05-24,2016-05-24,False
2016-12-08,1532,2016-12-08,2016-12-08,False
2016-11-01,4904,2016-11-01,2016-11-01,False
2016-10-14,2448,2016-10-14,2016-10-14,False
2016-06-27,8383,2016-06-27,2016-06-27,False
2016-02-22,3561,2016-02-22,2016-02-22,False
2016-03-16,8299,2016-03-16,2016-03-16,False
2016-03-25,1301,2016-03-25,2016-03-25,False
2016-12-26,2461,2016-12-26,2016-12-26,False
2016-01-13,3227,2016-01-13,2016-01-13,False
2016-05-12,1262,2016-05-12,2016-05-12,False
2016-10-26,5871,2016-10-26,2016-10-26,False
2016-03-14,2311,2016-03-14,2016-03-14,False
2016-10-26,2882,2016-10-26,2016-10-26,False
2016-01-20,3552,2016-01-20,2016-01-20,False
2016-01-06,6176,2016-01-06,2016-01-06,False
2016-04-22,6456,2016-04-22,2016-04-22,False
2016-05-09,2393,2016-05-09,2016-05-09,False
2016-11-14,3514,2016-11-14,2016-11-14,False
2016-05-04,6269,2016-05-04,2016-05-04,False
2016-01-12,5871,2016-01-12,2016-01-12,False
2016-10-05,2542,2016-10-05,2016-10-05,False
2016-01-05,3289,2016-01-05,2016-01-05,False
2016-07-29,3293,2016-07-29,2016-07-29,False
2016-09-19,4108,2016-09-19,2016-09-19,False
2016-01-28,2731,2016-01-28,2016-01-28,False
2016-06-27,4108,2016-06-27,2016-06-27,False
2016-08-10,2385,2016-08-10,2016-08-10,False
2016-11-28,2816,2016-11-28,2016-11-28,False
2016-07-14,8450,2016-07-14,2016-07-14,False
2016-01-30,6261,2016-01-30,2016-01-30,False
2016-05-05,4938,2016-05-05,2016-05-05,False
2016-07-05,2383,2016-07-05,2016-07-05,False
2016-08-24,2498,2016-08-24,2016-08-24,False
2016-12-21,2633,2016-12-21,2016-12-21,False
2016-06-20,8450,2016-06-20,2016-06-20,False
2016-11-25,8081,2016-11-25,2016-11-25,False
2016-04-29,2454,2016-04-29,2016-04-29,False
2016-12-20,1102,2016-12-20,2016-12-20,False
2016-02-19,2354,2016-02-19,2016-02-19,False
2016-08-11,4107,2016-08-11,2016-08-11,False
2016-05-19,3529,2016-05-19,2016-05-19,False
2016-12-26,6127,2016-12-26,2016-12-26,False
2016-08-05,2324,2016-08-05,2016-08-05,False
2016-01-06,2723,2016-01-06,2016-01-06,False
2016-02-19,1301,2016-02-19,2016-02-19,False
2016-09-05,8105,2016-09-05,2016-09-05,False
2016-04-29,3163,2016-04-29,2016-04-29,False
2016-04-15,2324,2016-04-15,2016-04-15,False
2016-09-21,1101,2016-09-21,2016-09-21,False
2016-01-19,2395,2016-01-19,2016-01-19,False
2016-01-25,6414,2016-01-25,2016-01-25,False
2016-07-01,4147,2016-07-01,2016-07-01,False
2016-04-06,2325,2016-04-06,2016-04-06,False
2016-10-05,5274,2016-10-05,2016-10-05,False
2016-03-08,1337,2016-03-08,2016-03-08,False
2016-11-24,1569,2016-11-24,2016-11-24,False
2016-06-24,3034,2016-06-24,2016-06-24,False
2016-05-03,2707,2016-05-03,2016-05-03,False
2016-10-13,6414,2016-10-13,2016-10-13,False
2016-08-03,4105,2016-08-03,2016-08-03,False
2016-07-21,3205,2016-07-21,2016-07-21,False
2016-08-24,3374,2016-08-24,2016-08-24,False
2016-06-01,2207,2016-06-01,2016-06-01,False
2016-04-12,6104,2016-04-12,2016-04-12,False
2016-11-23,8086,2016-11-23,2016-11-23,False
2016-01-19,4137,2016-01-19,2016-01-19,False
2016-06-06,3163,2016-06-06,2016-06-06,False
2016-12-27,1569,2016-12-27,2016-12-27,False
2016-07-26,3264,2016-07-26,2016-07-26,False
2016-10-03,4736,2016-10-03,2016-10-03,False
2016-05-24,9914,2016-05-24,2016-05-24,False
2016-04-26,3016,2016-04-26,2016-04-26,False
2016-03-30,2206,2016-03-30,2016-03-30,False
2016-01-06,2542,2016-01-06,2016-01-06,False
2016-06-13,4984,2016-06-13,2016-06-13,False
2016-06-24,2425,2016-06-24,2016-06-24,False
2016-06-15,4739,2016-06-15,2016-06-15,False
2016-10-20,2542,2016-10-20,2016-10-20,False
2016-01-18,3617,2016-01-18,2016-01-18,False
2016-12-05,3558,2016-12-05,2016-12-05,False
2016-06-08,2059,2016-06-08,2016-06-08,False
2016-06-01,8016,2016-06-01,2016-06-01,False
2016-07-04,4147,2016-07-04,2016-07-04,False
2016-07-12,9938,2016-07-12,2016-07-12,False
2016-03-15,3008,2016-03-15,2016-03-15,False
2016-10-06,6446,2016-10-06,2016-10-06,False
2016-11-01,4532,2016-11-01,2016-11-01,False
2016-06-24,2049,2016-06-24,2016-06-24,False
2016-05-04,2886,2016-05-04,2016-05-04,False
2016-12-29,1589,2016-12-29,2016-12-29,False
2016-04-15,8016,2016-04-15,2016-04-15,False
2016-11-21,3325,2016-11-21,2016-11-21,False
2016-02-03,4107,2016-02-03,2016-02-03,False
2016-10-31,5274,2016-10-31,2016-10-31,False
2016-07-22,6147,2016-07-22,2016-07-22,False
2016-07-05,1101,2016-07-05,2016-07-05,False
2016-05-23,6279,2016-05-23,2016-05-23,False
2016-01-07,3006,2016-01-07,2016-01-07,False
2016-11-01,3691,2016-11-01,2016-11-01,False
2016-08-15,3380,2016-08-15,2016-08-15,False
2016-04-22,2049,2016-04-22,2016-04-22,False
2016-01-25,8105,2016-01-25,2016-01-25,False
2016-03-24,8096,2016-03-24,2016-03-24,False
2016-05-06,3450,2016-05-06,2016-05-06,False
2016-05-23,2345,2016-05-23,2016-05-23,False
2016-03-18,2431,2016-03-18,2016-03-18,False
2016-04-27,6269,2016-04-27,2016-04-27,False
2016-01-19,8105,2016-01-19,2016-01-19,False
2016-06-21,4739,2016-06-21,2016-06-21,False
2016-07-07,4746,2016-07-07,2016-07-07,False
2016-12-09,6214,2016-12-09,2016-12-09,False
2016-09-19,8431,2016-09-19,2016-09-19,False
2016-04-29,1795,2016-04-29,2016-04-29,False
2016-10-28,9939,2016-10-28,2016-10-28,False
2016-12-13,2313,2016-12-13,2016-12-13,False
2016-05-26,8433,2016-05-26,2016-05-26,False
2016-06-20,6245,2016-06-20,2016-06-20,False
2016-12-27,2357,2016-12-27,2016-12-27,False
2016-06-13,4157,2016-06-13,2016-06-13,False
2016-09-07,2392,2016-09-07,2016-09-07,False
2016-06-24,1102,2016-06-24,2016-06-24,False
2016-05-09,2325,2016-05-09,2016-05-09,False
2016-08-15,3083,2016-08-15,2016-08-15,False
2016-08-11,5471,2016-08-11,2016-08-11,False
2016-12-20,4915,2016-12-20,2016-12-20,False
2016-04-26,2881,2016-04-26,2016-04-26,False
2016-01-19,3533,2016-01-19,2016-01-19,False
2016-09-02,6456,2016-09-02,2016-09-02,False
2016-09-22,8042,2016-09-22,2016-09-22,False
2016-02-23,2472,2016-02-23,2016-02-23,False
2016-05-04,5264,2016-05-04,2016-05-04,False
2016-03-24,4979,2016-03-24,2016-03-24,False
2016-03-18,2912,2016-03-18,2016-03-18,False
2016-05-25,8383,2016-05-25,2016-05-25,False
2016-10-03,1101,2016-10-03,2016-10-03,False
2016-06-23,1737,2016-06-23,2016-06-23,False
2016-04-14,2105,2016-04-14,2016-04-14,False
2016-09-08,3376,2016-09-08,2016-09-08,False
2016-07-14,6239,2016-07-14,2016-07-14,False
2016-05-06,4739,2016-05-06,2016-05-06,False
2016-08-01,9904,2016-08-01,2016-08-01,False
2016-09-06,1102,2016-09-06,2016-09-06,False
2016-04-08,3293,2016-04-08,2016-04-08,False
2016-06-13,4916,2016-06-13,2016-06-13,False
2016-06-08,6238,2016-06-08,2016-06-08,False
2016-08-15,8042,2016-08-15,2016-08-15,False
2016-05-30,3519,2016-05-30,2016-05-30,False
2016-07-19,1312,2016-07-19,2016-07-19,False
2016-10-21,5483,2016-10-21,2016-10-21,False
2016-04-15,3003,2016-04-15,2016-04-15,False
2016-10-04,3032,2016-10-04,2016-10-04,False
2016-02-22,6411,2016-02-22,2016-02-22,False
2016-08-17,2412,2016-08-17,2016-08-17,False
2016-02-24,5425,2016-02-24,2016-02-24,False
2016-08-18,2330,2016-08-18,2016-08-18,False
2016-05-25,3443,2016-05-25,2016-05-25,False
2016-04-15,5425,2016-04-15,2016-04-15,False
2016-05-03,2324,2016-05-03,2016-05-03,False
2016-12-14,1227,2016-12-14,2016-12-14,False
2016-10-26,6220,2016-10-26,2016-10-26,False
2016-06-06,5288,2016-06-06,2016-06-06,False
2016-07-11,6510,2016-07-11,2016-07-11,False
2016-12-05,2548,2016-12-05,2016-12-05,False
2016-12-06,3163,2016-12-06,2016-12-06,False
2016-12-22,3535,2016-12-22,2016-12-22,False
2016-07-01,6230,2016-07-01,2016-07-01,False
2016-12-29,5434,2016-12-29,2016-12-29,False
2016-08-11,3236,2016-08-11,2016-08-11,False
2016-10-07,2002,2016-10-07,2016-10-07,False
2016-09-21,2886,2016-09-21,2016-09-21,False
2016-10-04,2936,2016-10-04,2016-10-04,False
2016-11-07,2228,2016-11-07,2016-11-07,False
2016-05-03,1101,2016-05-03,2016-05-03,False
2016-08-15,4958,2016-08-15,2016-08-15,False
2016-08-11,6196,2016-08-11,2016-08-11,False
2016-07-27,4157,2016-07-27,2016-07-27,False
2016-12-06,2324,2016-12-06,2016-12-06,False
2016-03-23,2357,2016-03-23,2016-03-23,False
2016-08-31,6285,2016-08-31,2016-08-31,False
2016-12-12,1310,2016-12-12,2016-12-12,False
2016-09-29,6274,2016-09-29,2016-09-29,False
2016-11-28,1476,2016-11-28,2016-11-28,False
2016-03-25,1326,2016-03-25,2016-03-25,False
2016-09-20,1463,2016-09-20,2016-09-20,False
2016-10-06,6505,2016-10-06,2016-10-06,False
2016-06-15,2449,2016-06-15,2016-06-15,False
2016-10-05,2228,2016-10-05,2016-10-05,False
2016-04-12,8464,2016-04-12,2016-04-12,False
2016-04-25,2356,2016-04-25,2016-04-25,False
2016-05-24,3231,2016-05-24,2016-05-24,False
2016-12-19,3691,2016-12-19,2016-12-19,False
2016-09-08,3630,2016-09-08,2016-09-08,False
2016-03-07,5289,2016-03-07,2016-03-07,False
2016-12-29,3078,2016-12-29,2016-12-29,False
2016-12-23,3535,2016-12-23,2016-12-23,False
2016-05-09,3081,2016-05-09,2016-05-09,False
2016-03-16,3665,2016-03-16,2016-03-16,False
2016-04-26,3685,2016-04-26,2016-04-26,False
2016-12-06,6176,2016-12-06,2016-12-06,False
2016-06-16,3324,2016-06-16,2016-06-16,False
2016-12-23,1210,2016-12-23,2016-12-23,False
2016-06-01,4147,2016-06-01,2016-06-01,False
2016-12-21,2345,2016-12-21,2016-12-21,False
2016-07-19,5871,2016-07-19,2016-07-19,False
2016-06-02,4104,2016-06-02,2016-06-02,False
2016-09-22,1569,2016-09-22,2016-09-22,False
2016-02-19,1536,2016-02-19,2016-02-19,False
2016-08-22,4552,2016-08-22,2016-08-22,False
2016-11-10,3474,2016-11-10,2016-11-10,False
2016-04-28,3206,2016-04-28,2016-04-28,False
2016-03-24,1402,2016-03-24,2016-03-24,False
2016-01-21,4733,2016-01-21,2016-01-21,False
2016-07-22,2207,2016-07-22,2016-07-22,False
2016-02-16,6409,2016-02-16,2016-02-16,False
2016-11-09,8076,2016-11-09,2016-11-09,False
2016-09-12,3706,2016-09-12,2016-09-12,False
2016-04-11,3661,2016-04-11,2016-04-11,False
2016-09-19,6220,2016-09-19,2016-09-19,False
2016-01-07,2542,2016-01-07,2016-01-07,False
