ticker,last_panel_row,last_valid_close,audit_last_raw,sequence_class,last_raw_after_e1,in_late21_set,at_risk_21
1258,2021-12-30,2021-12-30,2023-05-31,ENDS_AT_PERIOD_END,true,false,false
1262,2019-10-07,2019-10-07,2019-10-07,ENDS_EARLY,false,false,false
1507,2021-12-30,2021-12-30,2022-04-13,ENDS_AT_PERIOD_END,true,true,false
1589,2021-12-30,2021-12-30,2026-04-02,ENDS_AT_PERIOD_END,true,false,false
1592,2021-06-15,2021-06-15,2021-06-15,ENDS_EARLY,false,true,false
1701,2021-12-30,2021-12-30,2024-08-20,ENDS_AT_PERIOD_END,true,true,false
1704,2019-01-23,2019-01-23,2019-01-23,ENDS_EARLY,false,false,true
1715,2017-10-18,2017-10-18,2017-10-18,ENDS_EARLY,false,false,true
1724,2021-10-25,2021-10-25,2021-10-25,ENDS_EARLY,false,false,false
1729,2017-05-17,2017-05-17,2017-05-17,ENDS_EARLY,false,false,true
1902,2020-05-25,2020-05-25,2020-05-25,ENDS_EARLY,false,false,true
2311,2018-04-17,2018-04-17,2018-04-17,ENDS_EARLY,false,false,true
2325,2018-04-17,2018-04-17,2018-04-17,ENDS_EARLY,false,false,true
2437,2017-06-19,2017-06-19,2017-06-19,ENDS_EARLY,false,false,true
2443,2021-12-30,2021-12-30,2024-04-03,ENDS_AT_PERIOD_END,true,true,false
2448,2020-12-23,2020-12-23,2020-12-23,ENDS_EARLY,false,false,true
2475,2019-05-10,2019-05-10,2019-05-10,ENDS_EARLY,false,false,false
2499,2020-04-06,2020-04-06,2020-04-06,ENDS_EARLY,false,false,false
2809,2021-12-30,2021-12-30,2025-09-17,ENDS_AT_PERIOD_END,true,true,false
2841,2021-12-30,2021-12-30,2022-04-06,ENDS_AT_PERIOD_END,true,true,false
2847,2016-03-09,2016-03-09,2016-03-09,ENDS_EARLY,false,false,true
2856,2018-09-17,2018-09-17,2018-09-17,ENDS_EARLY,false,false,true
2888,2021-12-30,2021-12-30,2025-07-11,ENDS_AT_PERIOD_END,true,true,false
2928,2021-10-13,2021-10-13,2021-10-13,ENDS_EARLY,false,false,false
2936,2021-12-30,2021-12-30,2022-06-24,ENDS_AT_PERIOD_END,true,true,false
3144,2021-12-13,2021-12-13,2021-12-13,ENDS_EARLY,false,false,false
3202,2021-12-30,2021-12-30,2025-04-02,ENDS_AT_PERIOD_END,true,true,false
3315,2017-09-22,2017-09-22,2017-09-22,ENDS_EARLY,false,false,false
3426,2021-12-30,2021-12-30,2026-06-01,ENDS_AT_PERIOD_END,true,true,false
3454,2021-12-30,2021-12-30,2026-03-18,ENDS_AT_PERIOD_END,true,true,false
3474,2016-11-29,2016-11-29,2016-11-29,ENDS_EARLY,false,false,true
3514,2018-09-17,2018-09-17,2018-09-17,ENDS_EARLY,false,false,true
3519,2019-04-30,2019-04-30,2019-04-30,ENDS_EARLY,false,false,false
3536,2021-12-30,2021-12-30,2023-04-11,ENDS_AT_PERIOD_END,true,true,false
3559,2017-08-23,2017-08-23,2017-08-23,ENDS_EARLY,false,false,false
3561,2018-09-17,2018-09-17,2018-09-17,ENDS_EARLY,false,false,true
3573,2016-06-22,2016-06-22,2016-06-22,ENDS_EARLY,false,false,false
3579,2019-06-25,2019-06-25,2019-06-25,ENDS_EARLY,false,false,false
3598,2016-05-25,2016-05-25,2016-05-25,ENDS_EARLY,false,false,true
3642,2021-12-30,2021-12-30,2022-11-16,ENDS_AT_PERIOD_END,true,false,false
3698,2020-12-23,2020-12-23,2020-12-23,ENDS_EARLY,false,false,true
4144,2020-10-21,2020-10-21,2020-10-21,ENDS_EARLY,false,false,false
4152,2021-09-29,2021-09-29,2021-09-29,ENDS_EARLY,false,false,false
4429,2021-12-30,2021-12-29,2022-05-24,ENDS_AT_PERIOD_END,true,false,false
4733,2016-08-18,2016-08-18,2016-08-18,ENDS_EARLY,false,false,true
4803,2021-12-15,2021-12-15,2021-12-15,ENDS_EARLY,false,false,false
4804,2021-12-30,2021-12-30,2026-04-13,ENDS_AT_PERIOD_END,true,false,false
4945,2021-12-30,2021-12-30,2025-09-01,ENDS_AT_PERIOD_END,true,true,false
4984,2018-08-23,2018-08-23,2018-08-23,ENDS_EARLY,false,false,true
4987,2021-12-30,2021-12-30,2026-05-20,ENDS_AT_PERIOD_END,true,true,false
5264,2021-01-06,2021-01-06,2021-01-06,ENDS_EARLY,false,false,true
5281,2021-12-30,2021-12-30,2023-10-24,ENDS_AT_PERIOD_END,true,false,false
5349,2020-10-28,2020-10-28,2020-10-28,ENDS_EARLY,false,false,true
5820,2021-12-30,2021-12-30,2022-10-31,ENDS_AT_PERIOD_END,true,false,false
6145,2018-09-17,2018-09-17,2018-09-17,ENDS_EARLY,false,false,false
6172,2021-11-17,2021-11-17,2021-11-17,ENDS_EARLY,false,true,false
6238,2020-06-10,2020-06-10,2020-06-10,ENDS_EARLY,false,false,true
6288,2021-12-30,2021-12-30,2025-08-04,ENDS_AT_PERIOD_END,true,true,false
6422,2018-09-19,2018-09-19,2018-09-19,ENDS_EARLY,false,false,false
6452,2020-08-17,2020-08-17,2020-08-17,ENDS_EARLY,false,false,true
6457,2021-12-30,2021-12-30,2024-12-25,ENDS_AT_PERIOD_END,true,false,false
6497,2020-08-24,2020-08-24,2020-08-24,ENDS_EARLY,false,false,false
6514,2021-12-30,2021-12-30,2024-10-08,ENDS_AT_PERIOD_END,true,false,false
6594,2021-12-30,2021-12-30,2023-03-23,ENDS_AT_PERIOD_END,true,false,false
6702,2017-01-24,2017-01-24,2017-01-24,ENDS_EARLY,false,false,false
6747,2021-12-30,2021-12-30,2025-11-26,ENDS_AT_PERIOD_END,true,true,false
6806,2021-12-30,2021-12-30,2026-06-22,ENDS_AT_PERIOD_END,true,true,false
8406,2021-12-30,2021-12-30,2022-04-20,ENDS_AT_PERIOD_END,true,false,false
8418,2021-12-30,2021-12-30,2024-01-24,ENDS_AT_PERIOD_END,true,false,false
8420,2021-12-30,2021-12-30,2024-11-20,ENDS_AT_PERIOD_END,true,false,false
8427,2021-12-30,2021-12-30,2022-02-23,ENDS_AT_PERIOD_END,true,true,false
8480,2021-12-30,2021-12-30,2022-12-14,ENDS_AT_PERIOD_END,true,true,false
8497,2020-10-21,2020-10-21,2020-10-21,ENDS_EARLY,false,false,false
9188,2021-12-30,2021-12-30,2022-03-03,ENDS_AT_PERIOD_END,true,true,false
