ticker,at_risk_21
1258,false
1262,false
1507,false
1589,false
1592,false
1701,false
1704,true
1715,true
1724,false
1729,true
1902,true
2311,true
2325,true
2437,true
2443,false
2448,true
2475,false
2499,false
2809,false
2841,false
2847,true
2856,true
2888,false
2928,false
2936,false
3144,false
3202,false
3315,false
3426,false
3454,false
3474,true
3514,true
3519,false
3536,false
3559,false
3561,true
3573,false
3579,false
3598,true
3642,false
3698,true
4144,false
4152,false
4429,false
4733,true
4803,false
4804,false
4945,false
4984,true
4987,false
5264,true
5281,false
5349,true
5820,false
6145,false
6172,false
6238,true
6288,false
6422,false
6452,true
6457,false
6497,false
6514,false
6594,false
6702,false
6747,false
6806,false
8406,false
8418,false
8420,false
8427,false
8480,false
8497,false
9188,false
