config_id,base_len,last_contraction,dry_up,breakout_vol,signal_count,entry_count,n_closed,win_rate,loss_rate,breakeven_rate,avg_win,avg_loss,payoff,expectancy,n_open,ignored_while_holding,chase_reject_count,other_unfilled_count,unique_stocks,entry_date_count,unverified_terminal_trade_count,low_n,expectancy_ex_top1,n_closed_ex_top1,expectancy_ex_top3,n_closed_ex_top3,expectancy_ex_top5,n_closed_ex_top5
VCP-R1-001,25,0.08,0.5,1.5,172,122,120,0.35,0.65,0.0,0.10534952549066706,0.045877309596354054,2.2963318123397403,0.007052082684103351,2,0,49,1,113,114,1,False,0.00393093659598625,119,-0.0014415697456303168,117,-0.006531708756974148,115
VCP-R1-002,25,0.08,0.5,2.0,120,76,75,0.41333333333333333,0.5866666666666667,0.0,0.10087258419101452,0.04948260136644478,2.0385465073673026,0.012664208663971731,1,0,43,1,74,73,1,True,0.007720907873349207,74,-0.00040549146679969933,72,-0.007477271792131257,70
VCP-R1-003,25,0.08,0.5,2.5,88,50,49,0.40816326530612246,0.5918367346938775,0.0,0.10561024459975007,0.04986318757308298,2.118000267130141,0.013595356170930507,1,0,37,1,50,47,1,True,0.007438679726406311,48,-0.0043649311661723865,46,-0.014100428285283418,44
VCP-R1-004,25,0.08,0.65,1.5,364,270,264,0.32196969696969696,0.678030303030303,0.0,0.10609219741393373,0.044806565811008336,2.3677823884433558,0.0037782632576283106,6,0,93,1,221,220,1,False,0.0015341454891264568,263,-0.002162942773514437,261,-0.0049047328984954605,259
VCP-R1-005,25,0.08,0.65,2.0,252,177,174,0.3448275862068966,0.6551724137931034,0.0,0.11133270379899894,0.04722414113374286,2.3575379271312755,0.007450632980995691,3,0,74,1,155,152,1,False,0.004060282672367829,173,-0.0015530960538473152,171,-0.005640021999325572,169
VCP-R1-006,25,0.08,0.65,2.5,169,105,102,0.3235294117647059,0.6764705882352942,0.0,0.1132149578342651,0.05045171790939451,2.2440258236119166,0.002499265419436554,3,0,63,1,99,94,1,False,-0.0033569917187236207,101,-0.011622261271037125,99,-0.01761285903447534,97
VCP-R1-007,25,0.08,0.8,1.5,529,403,393,0.3231552162849873,0.6768447837150128,0.0,0.0966405478378994,0.043516814137599336,2.2207633934856497,0.001775768485526206,10,0,124,2,307,299,1,False,0.00026504025111781797,392,-0.00244343304872787,390,-0.004631401564350348,388
VCP-R1-008,25,0.08,0.8,2.0,355,252,246,0.35365853658536583,0.6463414634146342,0.0,0.1027350097065459,0.04550985290466211,2.2574234621624436,0.006918208262716319,6,0,101,2,221,203,1,False,0.004522032637773874,245,0.00021013715560718585,243,-0.003290380037973111,241
VCP-R1-009,25,0.08,0.8,2.5,244,156,150,0.32666666666666666,0.6733333333333333,0.0,0.11342201742202072,0.046935391859220243,2.416556311327344,0.005448028505985147,6,0,87,1,148,134,1,False,0.0014981412048601097,149,-0.005670827400802012,147,-0.00989071859417459,145
VCP-R1-010,25,0.12,0.5,1.5,216,147,144,0.3402777777777778,0.6597222222222222,0.0,0.10352309941817815,0.05014145995993551,2.064620764949727,0.0021471748284503864,3,0,67,2,136,134,1,False,-0.0004844426005117672,143,-0.005005109269746767,141,-0.009340179741664257,139
VCP-R1-011,25,0.12,0.5,2.0,156,94,92,0.391304347826087,0.6086956521739131,0.0,0.10396499390724762,0.05344128642553115,1.945405899839626,0.00815247544381706,2,0,60,2,90,89,1,True,0.004083068941331113,91,-0.0026819593952210207,89,-0.009155607433173603,87
VCP-R1-012,25,0.12,0.5,2.5,112,59,57,0.38596491228070173,0.6140350877192983,0.0,0.10216544602318449,0.051993570585097446,1.9649630689619815,0.007506400737397325,2,0,51,2,58,56,1,True,0.0021205181522063504,56,-0.00813137859236809,54,-0.01651397028646957,52
VCP-R1-013,25,0.12,0.65,1.5,448,319,312,0.3173076923076923,0.6826923076923077,0.0,0.10449058763483586,0.05003978026045787,2.0881504093535312,-0.0010061058321435177,7,0,127,2,256,251,1,False,-0.0029192484115832546,311,-0.006070856257378379,309,-0.008802598869234972,307
VCP-R1-014,25,0.12,0.65,2.0,317,212,208,0.3317307692307692,0.6682692307692307,0.0,0.11456805867772699,0.0521002051187857,2.1989943881510237,0.003188786236788229,4,0,103,2,181,178,1,False,0.0003347164293639484,207,-0.0043840098860936086,205,-0.008498646778199052,203
VCP-R1-015,25,0.12,0.65,2.5,212,124,120,0.30833333333333335,0.6916666666666667,0.0,0.10753378940944569,0.05346176489885669,2.011414879641307,-0.0038214689871301235,4,0,86,2,115,111,1,False,-0.008845021133018731,119,-0.01593252322282751,117,-0.02106042328332393,115
VCP-R1-016,25,0.12,0.8,1.5,642,466,455,0.3230769230769231,0.676923076923077,0.0,0.10080538380624403,0.04720328033779515,2.1355588655038926,0.0006149034625867333,11,1,172,3,346,338,1,False,-0.001461538214101407,454,-0.0040086778236376325,452,-0.006177623786248295,450
VCP-R1-017,25,0.12,0.8,2.0,437,292,285,0.34385964912280703,0.656140350877193,0.0,0.10588133248182674,0.04918154509069091,2.152867143286801,0.004138321583367781,7,0,142,3,249,231,1,False,0.002061409911571134,284,-0.0016716108246661414,282,-0.004946448233946638,280
VCP-R1-018,25,0.12,0.8,2.5,299,177,170,0.31176470588235294,0.6882352941176471,0.0,0.10944029157165576,0.04932078589299859,2.218948656030875,0.00017531472833483568,7,0,120,2,166,152,1,False,-0.0033383297784419625,169,-0.0097066610778368,167,-0.013463969504461602,165
VCP-R1-019,25,0.15,0.5,1.5,222,152,149,0.33557046979865773,0.6644295302013423,0.0,0.10327706369529814,0.051063867681580194,2.0225076631348147,0.0007283911697212662,3,0,68,2,141,138,1,False,-0.00182390664109169,148,-0.006208104781114251,146,-0.010409360243748044,144
VCP-R1-020,25,0.15,0.5,2.0,159,97,95,0.3894736842105263,0.6105263157894737,0.0,0.10362057010635384,0.05393639002829091,1.9211625036826232,0.007427899708360189,2,0,60,2,93,92,1,True,0.0034806596289806376,94,-0.00307686581208285,92,-0.009343501280256164,90
VCP-R1-021,25,0.15,0.5,2.5,115,62,60,0.38333333333333336,0.6166666666666667,0.0,0.101689614164532,0.052847933845663234,1.924192806884479,0.00639145955824494,2,0,51,2,61,59,1,True,0.0012605381014678702,59,-0.008481959868856635,57,-0.016420067698788527,55
VCP-R1-022,25,0.15,0.65,1.5,459,327,320,0.31875,0.68125,0.0,0.11153061152474607,0.050593159844614106,2.2044602841033867,0.0010837922793694448,7,0,130,2,262,256,1,False,-0.001854608735176223,319,-0.005325026181792828,317,-0.008259189055801698,315
VCP-R1-023,25,0.15,0.65,2.0,322,216,212,0.330188679245283,0.6698113207547169,0.0,0.11423453374339057,0.05251041225132482,2.17546442402018,0.0025468812374963012,4,0,104,2,184,182,1,False,-0.000256125184949761,211,-0.004890194935655139,209,-0.008930212612933062,207
VCP-R1-024,25,0.15,0.65,2.5,217,128,124,0.3064516129032258,0.6935483870967742,0.0,0.10710451372167547,0.05409158738118626,1.980058617376198,-0.0046927822045028265,4,0,87,2,118,115,1,False,-0.009560050648227354,123,-0.016425073817963258,121,-0.02138888565113435,119
VCP-R1-025,25,0.15,0.8,1.5,662,478,467,0.3233404710920771,0.6766595289079229,0.0,0.10639221902149901,0.0477184846708044,2.2295808376034407,0.002111742861396484,11,1,179,4,353,344,1,False,9.198388753895607e-05,466,-0.0032102380618532307,464,-0.005511656121519375,462
VCP-R1-026,25,0.15,0.8,2.0,448,299,292,0.3424657534246575,0.6575342465753424,0.0,0.10682871349546323,0.04975358194474542,2.147156231165496,0.003870491836147945,7,0,146,3,253,238,1,False,0.0018426198617923948,291,-0.001801495805053525,289,-0.004997364252995386,287
VCP-R1-027,25,0.15,0.8,2.5,305,181,174,0.3103448275862069,0.6896551724137931,0.0,0.10910290308466541,0.049875683147147895,2.1874969163385662,-0.0005375012131368587,7,0,122,2,169,156,1,False,-0.003974025707857963,173,-0.010200825233341992,171,-0.013875051379520121,169
VCP-R1-028,35,0.08,0.5,1.5,92,66,63,0.30158730158730157,0.6984126984126984,0.0,0.10780647520225373,0.05048272963156344,2.1355120055720924,-0.0027447154753328503,3,0,25,1,60,62,0,True,-0.010813096815741286,62,-0.02167559478639654,60,-0.029555068530115653,58
VCP-R1-029,35,0.08,0.5,2.0,61,41,39,0.41025641025641024,0.5897435897435898,0.0,0.07711103390786526,0.049332657341418513,1.5630829163367346,0.0025416775300825317,2,0,19,1,39,41,0,True,-0.006397384553388574,38,-0.018243302794213365,36,-0.025996522595526733,34
VCP-R1-030,35,0.08,0.5,2.5,40,23,21,0.42857142857142855,0.5714285714285714,0.0,0.08135724971162361,0.055938423043431135,1.454407280098995,0.0029025795658780434,2,0,16,1,21,23,0,True,-0.014063593290927285,20,-0.0334692267870115,18,-0.040524769267479846,16
VCP-R1-031,35,0.08,0.65,1.5,225,176,170,0.3176470588235294,0.6823529411764706,0.0,0.1065140378140178,0.043826440565298726,2.43036022182359,0.003928770214013591,6,3,44,2,147,156,0,False,0.0004106012580118866,169,-0.00461275060914949,167,-0.008201589332881376,165
VCP-R1-032,35,0.08,0.65,2.0,145,108,104,0.3942307692307692,0.6057692307692307,0.0,0.08658390516793102,0.049000469430253275,1.7670015445703757,0.004451062863261696,4,0,36,1,95,106,0,False,0.001171694185215846,103,-0.0042739430876615825,101,-0.008284306765545556,99
VCP-R1-033,35,0.08,0.65,2.5,102,70,66,0.42424242424242425,0.5757575757575758,0.0,0.08607826912669755,0.051027388385562346,1.6869032856686916,0.007138648134790338,4,0,31,1,60,69,0,True,0.001983457541448891,65,-0.004946746772229196,63,-0.01088996271456595,61
VCP-R1-034,35,0.08,0.8,1.5,354,280,272,0.3014705882352941,0.6985294117647058,0.0,0.09772332681872424,0.04195808874347776,2.3290700254766725,0.0001517497715978404,8,3,69,2,219,221,0,False,-0.0026068123909068442,271,-0.006700521967821734,269,-0.009132673258046809,267
VCP-R1-035,35,0.08,0.8,2.0,234,175,170,0.35294117647058826,0.6470588235294118,0.0,0.08997181588847548,0.046193423006320844,1.9477191780345928,0.0018648966036072755,5,0,58,1,155,160,0,False,-0.0025484596047167466,169,-0.006387263615278938,167,-0.009812277434440205,165
VCP-R1-036,35,0.08,0.8,2.5,163,112,107,0.3925233644859813,0.6074766355140186,0.0,0.08674869152640034,0.049919374621280106,1.7377760075027118,0.0037260345208000715,5,0,50,1,101,103,0,False,-0.0032927962460826393,106,-0.00917107307142037,104,-0.012835027540422109,102
VCP-R1-037,35,0.12,0.5,1.5,153,108,105,0.2857142857142857,0.7142857142857143,0.0,0.11455835198656052,0.05621075186213659,2.038014938272454,-0.007419579333937414,3,0,44,1,96,97,0,False,-0.01227452651628287,104,-0.018822692438461894,102,-0.02470341437269936,100
VCP-R1-038,35,0.12,0.5,2.0,100,64,62,0.3064516129032258,0.6935483870967742,0.0,0.08455826154265704,0.055490647114540284,1.523829076422865,-0.012572433171205615,2,0,35,1,60,61,0,True,-0.018388801529782502,61,-0.028565828615007064,59,-0.03431071034186335,57
VCP-R1-039,35,0.12,0.5,2.5,63,33,31,0.3548387096774194,0.6451612903225806,0.0,0.07308253089650384,0.05895695939126999,1.239591248447685,-0.012104237031092176,2,0,29,1,30,33,0,True,-0.023915246155528067,30,-0.03709398575048227,28,-0.04270477667193973,26
VCP-R1-040,35,0.12,0.65,1.5,343,247,241,0.3112033195020747,0.6887966804979253,0.0,0.12648101002919862,0.04971131047548111,2.5443105164484106,0.005120324536348669,6,5,89,2,199,201,0,False,0.002308177368126533,240,-0.0022774440464618643,238,-0.005846998272252514,236
VCP-R1-041,35,0.12,0.65,2.0,223,147,143,0.3356643356643357,0.6643356643356644,0.0,0.10719707527845057,0.05506562205021912,1.9467150517375116,-0.000599821548288028,4,0,75,1,129,139,0,False,-0.0053930290585552775,142,-0.010463055237410729,140,-0.014897022897502107,138
VCP-R1-042,35,0.12,0.65,2.5,153,90,86,0.3953488372093023,0.6046511627906976,0.0,0.10895803537353756,0.05541174614326277,1.9663346304199658,0.009571655851751307,4,0,62,1,79,88,0,True,0.0016838442157759018,85,-0.006697480103394006,83,-0.012301983153411357,81
VCP-R1-043,35,0.12,0.8,1.5,520,375,367,0.30517711171662126,0.6948228882833788,0.0,0.11804594874993819,0.04736629581274173,2.492192955442873,0.0031137352254603117,8,7,136,2,274,273,0,False,0.0010792861528239523,366,-0.0024272424086659227,364,-0.005319923454790627,362
VCP-R1-044,35,0.12,0.8,2.0,346,231,226,0.3274336283185841,0.672566371681416,0.0,0.11072887837273554,0.05134797738637079,2.156440896192459,0.0017214355613012003,5,0,114,1,194,197,0,False,-0.0015941229286946523,225,-0.0071009615700259095,223,-0.010328199262617337,221
VCP-R1-045,35,0.12,0.8,2.5,241,146,141,0.3829787234042553,0.6170212765957447,0.0,0.10879946111049667,0.053493098380971923,2.033897164371354,0.008661498871079873,5,0,94,1,129,127,0,False,0.003382494607227818,140,-0.0054441125083158435,138,-0.010664008331398826,136
VCP-R1-046,35,0.15,0.5,1.5,162,114,111,0.2882882882882883,0.7117117117117117,0.0,0.11542444885930951,0.05563798072497081,2.0745621490088695,-0.00632268570968278,3,0,47,1,102,103,0,False,-0.010902845830952532,110,-0.01706182326328216,108,-0.02257645019793675,106
VCP-R1-047,35,0.15,0.5,2.0,105,67,65,0.3076923076923077,0.6923076923076923,0.0,0.08116118903124799,0.05427179212361711,1.4954580612776482,-0.012600105614427853,2,0,37,1,63,64,0,True,-0.01814426408812179,64,-0.0278209660743303,62,-0.033253774963487887,60
VCP-R1-048,35,0.15,0.5,2.5,64,33,31,0.3548387096774194,0.6451612903225806,0.0,0.07308253089650384,0.05895695939126999,1.239591248447685,-0.012104237031092176,2,0,30,1,30,33,0,True,-0.023915246155528067,30,-0.03709398575048227,28,-0.04270477667193973,26
VCP-R1-049,35,0.15,0.65,1.5,363,261,255,0.3215686274509804,0.6784313725490196,0.0,0.1297712370749309,0.04989869945655654,2.600693775354086,0.007877515428078644,6,5,94,3,209,212,0,False,0.0052312235797259505,254,0.0009235576898496059,252,-0.0024204934854062756,250
VCP-R1-050,35,0.15,0.65,2.0,230,151,147,0.3401360544217687,0.6598639455782312,0.0,0.1055653983601611,0.054508937261941795,1.936662200051128,-6.188432925373005e-05,4,0,78,1,133,143,0,False,-0.004720086584314786,146,-0.009639932279393144,144,-0.013937406160918323,142
VCP-R1-051,35,0.15,0.65,2.5,155,91,87,0.40229885057471265,0.5977011494252874,0.0,0.10916476274366367,0.05541174614326277,1.9700653803875203,0.010797194213546715,4,0,63,1,80,89,0,True,0.003015351763591901,86,-0.005234492324449414,84,-0.010734965147541074,82
VCP-R1-052,35,0.15,0.8,1.5,557,403,395,0.3189873417721519,0.6810126582278481,0.0,0.12027871088773924,0.048074710485706336,2.501912329217266,0.005627899876456039,8,7,144,3,292,289,0,False,0.003744412069517186,394,0.0005019474150556308,392,-0.0021680324799436,390
VCP-R1-053,35,0.15,0.8,2.0,365,244,239,0.34309623430962344,0.6569037656903766,0.0,0.1064288577115237,0.05144800432744659,2.0686683400612647,0.002718952522744065,5,0,120,1,206,205,0,False,-0.00041131278518712614,238,-0.005604784805228882,236,-0.008639943679302013,234
VCP-R1-054,35,0.15,0.8,2.5,250,152,147,0.3945578231292517,0.6054421768707483,0.0,0.10813396538258668,0.05408469055932365,1.9993451800187012,0.009919949200069545,5,0,97,1,135,130,0,False,0.004866509839725041,146,-0.0035717106566640682,144,-0.008544675644241403,142
VCP-R1-055,50,0.08,0.5,1.5,55,38,38,0.15789473684210525,0.8421052631578947,0.0,0.09874240286012491,0.05816775551275995,1.6975453494756956,-0.033392467348620246,0,0,16,1,35,36,0,True,-0.039994988629246886,37,-0.05132198491036541,35,-0.05630824391126035,33
VCP-R1-056,50,0.08,0.5,2.0,43,27,27,0.14814814814814814,0.8518518518518519,0.0,0.10685283501157102,0.06306247244145534,1.6943965384606334,-0.03788983430026624,0,0,15,1,26,25,0,True,-0.04745870562083669,26,-0.06030169745069774,24,-0.06534497456154305,22
VCP-R1-057,50,0.08,0.5,2.5,34,19,19,0.15789473684210525,0.8421052631578947,0.0,0.07277320447777588,0.07361155244369794,0.9886111902535507,-0.05049816977188628,0,0,15,0,18,18,0,True,-0.06502033587224472,18,-0.07361155244369794,16,-0.08045548295801659,14
VCP-R1-058,50,0.08,0.65,1.5,132,102,102,0.28431372549019607,0.7156862745098039,0.0,0.08846289930955985,0.04601992584445437,1.9222738343508232,-0.007784612810469938,0,0,28,2,87,90,0,False,-0.010794645412383317,101,-0.015414381857817336,99,-0.0198083312591903,97
VCP-R1-059,50,0.08,0.65,2.0,96,67,67,0.2835820895522388,0.7164179104477612,0.0,0.08789981248291795,0.050720330502065016,1.7330291741560955,-0.011410140700353427,0,0,27,2,60,59,0,True,-0.016071334953128198,66,-0.023135947711780982,64,-0.02870812837065202,62
VCP-R1-060,50,0.08,0.65,2.5,75,49,49,0.2857142857142857,0.7142857142857143,0.0,0.08056505892674996,0.05563998764872115,1.4479704674880838,-0.0167242600557294,0,0,25,1,46,44,0,True,-0.023244112973198377,48,-0.03244640524584293,46,-0.03836998187385721,44
VCP-R1-061,50,0.08,0.8,1.5,220,178,178,0.29213483146067415,0.7078651685393258,0.0,0.09248675653325913,0.043498133831877096,2.126223549974029,-0.0037722108038597806,0,1,37,4,144,146,0,False,-0.005476016623067791,177,-0.008891628394712775,175,-0.011861023884871594,173
VCP-R1-062,50,0.08,0.8,2.0,153,115,115,0.30434782608695654,0.6956521739130435,0.0,0.09131028583298123,0.04765384662142565,1.9161157452487205,-0.005360415004867032,0,0,35,3,102,101,0,False,-0.008019729339961985,114,-0.013402046174530382,112,-0.017463833801772046,110
VCP-R1-063,50,0.08,0.8,2.5,113,78,78,0.28205128205128205,0.717948717948718,0.0,0.09487926975788773,0.05172816592424511,1.8341897119808301,-0.01037735073184867,0,0,33,2,73,69,0,True,-0.01435924723463607,77,-0.02142818938547331,75,-0.026479899795746713,73
VCP-R1-064,50,0.12,0.5,1.5,108,66,65,0.16923076923076924,0.8307692307692308,0.0,0.13771502957476775,0.055128984518529066,2.4980512660900036,-0.022493843671971145,1,0,40,2,62,62,0,True,-0.03219686191338165,64,-0.04000954369522496,62,-0.04615243123724359,60
VCP-R1-065,50,0.12,0.5,2.0,79,46,45,0.15555555555555556,0.8444444444444444,0.0,0.10405512961263881,0.05911863331505616,1.7601071570465137,-0.03373604797074804,1,0,31,2,44,42,0,True,-0.03929597678905062,44,-0.04991195959883806,42,-0.05597723181433428,40
VCP-R1-066,50,0.12,0.5,2.5,60,32,31,0.16129032258064516,0.8387096774193549,0.0,0.07778552267297259,0.06523425089307344,1.192403095123636,-0.04216654547919506,1,0,27,1,31,31,0,True,-0.05060212432965373,30,-0.060309704636469556,28,-0.06523425089307343,26
VCP-R1-067,50,0.12,0.65,1.5,218,148,147,0.2653061224489796,0.7346938775510204,0.0,0.10064615021483048,0.047008906798108825,2.1410017179739964,-0.007835116162022896,1,0,67,3,127,129,0,False,-0.01198809177805252,146,-0.015773290811229752,144,-0.018953143827215548,142
VCP-R1-068,50,0.12,0.65,2.0,157,98,97,0.25773195876288657,0.7422680412371134,0.0,0.09351189681672059,0.050956316468274414,1.8351384734597413,-0.013722240879358187,1,0,56,3,87,86,0,True,-0.016950896305005476,96,-0.021779559488596258,94,-0.02623264182424586,92
VCP-R1-069,50,0.12,0.65,2.5,122,70,69,0.2463768115942029,0.7536231884057971,0.0,0.07950303430785287,0.0527252183576974,1.5078749180039415,-0.020147243063286458,1,0,50,2,64,64,0,True,-0.0247998301669051,68,-0.0312606919688606,66,-0.036791877728602644,64
VCP-R1-070,50,0.12,0.8,1.5,355,258,257,0.29571984435797666,0.7042801556420234,0.0,0.09757516618046769,0.044886876102348906,2.1738016688437276,-0.002758023131554896,1,5,87,5,200,200,0,False,-0.005106684642921525,256,-0.007485595936089172,254,-0.009773615398194517,252
VCP-R1-071,50,0.12,0.8,2.0,249,169,168,0.2916666666666667,0.7083333333333334,0.0,0.09356129602831888,0.04920663852986357,1.9013958039734093,-0.007565990950393692,1,0,76,4,144,141,0,False,-0.009394538316539513,167,-0.013064654094871729,165,-0.015801597989578878,163
VCP-R1-072,50,0.12,0.8,2.5,186,115,114,0.2631578947368421,0.7368421052631579,0.0,0.08443099475245022,0.051562863390211336,1.6374380552434284,-0.015775005984247772,1,0,68,3,106,99,0,False,-0.018536100550327676,113,-0.023387671432707646,111,-0.026806880827610645,109
VCP-R1-073,50,0.15,0.5,1.5,118,73,72,0.18055555555555555,0.8194444444444444,0.0,0.12851245268750072,0.05746331428929163,2.236426044632953,-0.023884356362926337,1,0,43,2,66,69,0,True,-0.032650323688859124,71,-0.0396835583848771,69,-0.0451749208013013,67
VCP-R1-074,50,0.15,0.5,2.0,86,50,49,0.1836734693877551,0.8163265306122449,0.0,0.09824249632261511,0.06297525495927486,1.560017444727251,-0.03336383125443793,1,0,34,2,47,46,0,True,-0.03845267815629217,48,-0.04810886686815207,46,-0.05601770281675929,44
VCP-R1-075,50,0.15,0.5,2.5,64,34,33,0.18181818181818182,0.8181818181818182,0.0,0.08505534900943736,0.06595440168349082,1.2896083784917078,-0.038498083375685686,1,0,29,1,33,33,0,True,-0.046291799107256046,32,-0.05869765499813231,30,-0.06348473993276875,28
VCP-R1-076,50,0.15,0.65,1.5,238,162,161,0.2670807453416149,0.7329192546583851,0.0,0.09546867551651189,0.049281524166047565,1.9372102858434905,-0.010621532946481998,1,0,73,3,137,141,0,False,-0.014428538301011895,160,-0.017909231679641265,158,-0.020831097128402833,156
VCP-R1-077,50,0.15,0.65,2.0,171,106,105,0.2761904761904762,0.7238095238095238,0.0,0.08681898652584956,0.053704325604234125,1.6166106835722862,-0.0148931251111634,1,0,62,3,94,93,0,False,-0.017884680929374404,104,-0.022352934934337848,102,-0.02646123819205031,100
VCP-R1-078,50,0.15,0.65,2.5,130,74,73,0.2602739726027397,0.7397260273972602,0.0,0.07780365310049343,0.05446228248224397,1.4285786337702486,-0.02003690198810683,1,0,54,2,68,67,0,True,-0.024429479515480274,72,-0.030510567767283326,70,-0.03569432718228827,68
VCP-R1-079,50,0.15,0.8,1.5,399,289,288,0.2881944444444444,0.7118055555555556,0.0,0.09593849734995705,0.0480857192343017,1.995155711043619,-0.006578740149254915,1,5,100,5,222,220,0,False,-0.008687026086284726,287,-0.010832303810324403,285,-0.012893343811027656,283
VCP-R1-080,50,0.15,0.8,2.0,280,188,187,0.29411764705882354,0.7058823529411765,0.0,0.08844681698867292,0.05232534401805977,1.6903246151262004,-0.010921767251373683,1,0,88,4,158,153,0,False,-0.012581569329047505,186,-0.015907347402144424,184,-0.018389804772758762,182
VCP-R1-081,50,0.15,0.8,2.5,207,126,125,0.272,0.728,0.0,0.08116958554138666,0.05426789853031987,1.495720080187675,-0.017428902862815704,1,0,78,3,115,105,0,False,-0.0199583994986673,124,-0.02439585003834644,122,-0.027518434882143974,120
VCP-R1-082,65,0.08,0.5,1.5,43,36,36,0.16666666666666666,0.8333333333333334,0.0,0.037595099730785835,0.05054013706847448,0.7438662004388706,-0.035850930935264425,0,0,6,1,36,34,0,True,-0.03953653610778315,35,-0.04489000467769614,33,-0.04865082219170131,31
VCP-R1-083,65,0.08,0.5,2.0,29,23,23,0.13043478260869565,0.8695652173913043,0.0,0.011611319230087217,0.0627927307138261,0.1849150227755673,-0.05308785463418523,0,0,5,1,23,22,0,True,-0.05612287066327327,22,-0.06279273071382609,20,-0.06913610749019944,18
VCP-R1-084,65,0.08,0.5,2.5,23,18,18,0.16666666666666666,0.8333333333333334,0.0,0.011611319230087217,0.07014447294396883,0.16553434280363472,-0.056518507581626146,0,0,5,0,18,17,0,True,-0.06064797849853075,17,-0.07014447294396882,15,-0.0800586472851231,13
VCP-R1-085,65,0.08,0.65,1.5,99,86,85,0.3411764705882353,0.6588235294117647,0.0,0.04229242697237678,0.04372088488659387,0.9673277904159003,-0.014375166722945067,1,2,9,2,76,76,0,True,-0.015851917782011653,84,-0.01851430956556205,82,-0.021186798855464352,80
VCP-R1-086,65,0.08,0.65,2.0,69,59,59,0.3220338983050847,0.6779661016949152,0.0,0.03712023478987604,0.05000820227748739,0.7422829275865965,-0.0219498920354551,0,0,8,2,54,55,0,True,-0.024219233660870674,58,-0.027928777372019358,56,-0.030834122870470413,54
VCP-R1-087,65,0.08,0.65,2.5,52,44,44,0.3409090909090909,0.6590909090909091,0.0,0.038582816215790676,0.05497913893097053,0.701771925970569,-0.023083017858211017,0,0,7,1,41,43,0,True,-0.026170342046510066,43,-0.03133221191469556,41,-0.035352229194141195,39
VCP-R1-088,65,0.08,0.8,1.5,172,148,147,0.3673469387755102,0.6326530612244898,0.0,0.061373133338505734,0.04109704476918647,1.4933709633672192,-0.003454938525544434,1,6,16,2,118,125,0,False,-0.005911817739292024,146,-0.008599528751813305,144,-0.010706489868880112,142
VCP-R1-089,65,0.08,0.8,2.0,125,108,108,0.37037037037037035,0.6296296296296297,0.0,0.05941214560015022,0.044886054341515734,1.3236214782460642,-0.006257091400157968,0,0,15,2,91,96,0,False,-0.00963565698970714,107,-0.012731528558745526,105,-0.01510524352977748,103
VCP-R1-090,65,0.08,0.8,2.5,93,78,78,0.3717948717948718,0.6282051282051282,0.0,0.06710885473640239,0.04893221827219267,1.3714656131692111,-0.005788742410022713,0,0,14,1,71,72,0,True,-0.010477549800823053,77,-0.014834220472439883,75,-0.018241042744271112,73
VCP-R1-091,65,0.12,0.5,1.5,100,78,78,0.2692307692307692,0.7307692307692307,0.0,0.06847275704413727,0.0540350738952264,1.267190957800954,-0.02105219633462849,0,0,21,1,76,74,0,True,-0.025446640888004815,77,-0.031061281046912637,75,-0.034350080663039975,73
VCP-R1-092,65,0.12,0.5,2.0,76,57,57,0.2982456140350877,0.7017543859649122,0.0,0.07152746958551584,0.059004153362796186,1.2122446558247875,-0.020073669325580308,0,0,18,1,56,55,0,True,-0.026098556889882607,56,-0.03392081325880562,54,-0.03842163164065178,52
VCP-R1-093,65,0.12,0.5,2.5,59,44,44,0.3181818181818182,0.6818181818181818,0.0,0.04438490289072284,0.06084873901203983,0.7294301182139636,-0.02736530749752443,0,0,15,0,43,43,0,True,-0.03213568631640535,43,-0.03754088507475728,41,-0.04232907880324122,39
VCP-R1-094,65,0.12,0.65,1.5,196,156,155,0.3419354838709677,0.6580645161290323,0.0,0.06428862734775712,0.04917236936131543,1.3074136589873957,-0.010376028551116445,1,3,35,2,137,137,0,False,-0.012503925062976613,154,-0.015318984867484642,152,-0.01797587822560273,150
VCP-R1-095,65,0.12,0.65,2.0,150,118,118,0.3474576271186441,0.652542372881356,0.0,0.06776945399917986,0.05284611810292772,1.2823922821953762,-0.010937317626771706,0,0,30,2,110,108,0,False,-0.01374293601909752,117,-0.017485258733858075,115,-0.021050449454658605,113
VCP-R1-096,65,0.12,0.65,2.5,107,81,81,0.35802469135802467,0.6419753086419753,0.0,0.05185595234707129,0.053865113432730136,0.9627001419356891,-0.016014361486875288,0,0,25,1,77,79,0,True,-0.018591229158816086,80,-0.022752964572542188,78,-0.02575782058262188,76
VCP-R1-097,65,0.12,0.8,1.5,318,247,245,0.35918367346938773,0.6408163265306123,0.0,0.06725083857066173,0.04583580031848602,1.4672120504796515,-0.005216925941975806,2,9,60,2,198,194,0,False,-0.006694247059285554,244,-0.00893038763831641,242,-0.010678699619433692,240
VCP-R1-098,65,0.12,0.8,2.0,244,186,185,0.3675675675675676,0.6324324324324324,0.0,0.06911424812742892,0.04888289983984879,1.4138737340432443,-0.005510975181606177,1,1,55,2,157,160,0,False,-0.007471629539558402,184,-0.01045350198508594,182,-0.01269508978878751,180
VCP-R1-099,65,0.12,0.8,2.5,177,128,127,0.3700787401574803,0.6299212598425197,0.0,0.06559613636485369,0.049571465456428786,1.3232640141032326,-0.006950384467450229,1,1,47,1,116,115,0,False,-0.00982498614323637,126,-0.012950357161536506,124,-0.015708546810139,122
VCP-R1-100,65,0.15,0.5,1.5,109,82,82,0.2682926829268293,0.7317073170731707,0.0,0.07372024958409155,0.05418494616875453,1.3605300880893365,-0.019868918039942146,0,0,26,1,79,78,0,True,-0.024031744611735864,81,-0.029404210821537446,79,-0.03368621930803512,77
VCP-R1-101,65,0.15,0.5,2.0,83,59,59,0.3050847457627119,0.6949152542372882,0.0,0.07777136532649448,0.058953316680466106,1.3192025437351456,-0.017240701830884896,0,0,23,1,57,57,0,True,-0.023008990384440646,58,-0.03055147827943591,56,-0.036545524539691586,54
VCP-R1-102,65,0.15,0.5,2.5,65,45,45,0.3111111111111111,0.6888888888888889,0.0,0.04438490289072284,0.06072200063704703,0.7309525777324803,-0.028022075095074175,0,0,20,0,44,44,0,True,-0.03269896274983393,44,-0.0380022889869598,42,-0.04269384806784175,40
VCP-R1-103,65,0.15,0.65,1.5,223,166,165,0.34545454545454546,0.6545454545454545,0.0,0.0725000334411099,0.048675614033299196,1.4894528786326624,-0.006814935814866966,1,3,50,4,145,145,0,False,-0.009591680004842769,164,-0.012967858313587096,162,-0.01552107404685762,160
VCP-R1-104,65,0.15,0.65,2.0,170,126,126,0.35714285714285715,0.6428571428571429,0.0,0.0778611615706336,0.05180688920935148,1.5029113455547751,-0.0054968710736425265,0,0,42,2,117,115,0,False,-0.009129414932960975,125,-0.013568572297780631,123,-0.016954654490273786,121
VCP-R1-105,65,0.15,0.65,2.5,124,87,87,0.367816091954023,0.632183908045977,0.0,0.06390967755793983,0.05259364587441777,1.21515967367127,-0.009741848749872438,0,0,36,1,83,84,0,True,-0.015071069216047278,86,-0.019809618887652498,84,-0.02279314378358482,82
VCP-R1-106,65,0.15,0.8,1.5,364,268,266,0.35714285714285715,0.6428571428571429,0.0,0.07429419268318037,0.04575078762816861,1.6238888232262405,-0.0028775803741154073,2,9,83,4,215,207,0,False,-0.004581160342852317,265,-0.00717329639472554,263,-0.009057952739026303,261
VCP-R1-107,65,0.15,0.8,2.0,281,203,202,0.36633663366336633,0.6336633663366337,0.0,0.07530448867577788,0.04860427612501034,1.549338755341084,-0.003211956346503759,1,1,75,2,172,172,0,False,-0.005459633300173745,201,-0.008894250021567214,199,-0.011029629413457585,197
VCP-R1-108,65,0.15,0.8,2.5,207,140,139,0.3669064748201439,0.6330935251798561,0.0,0.07144299463669938,0.04835385000579255,1.477503748473821,-0.004399612043439399,1,1,65,1,127,124,0,False,-0.007682008589704637,138,-0.011805159296538473,136,-0.014546112273166231,134
