config_id,reason,count,stage
VCP-R1-001,CONTRACTION_1_TO_2_FAIL,291397,SIGNAL_EVALUATION
VCP-R1-001,CONTRACTION_2_TO_3_FAIL,117289,SIGNAL_EVALUATION
VCP-R1-001,DRY_UP_FAIL,6919,SIGNAL_EVALUATION
VCP-R1-001,LAST_CONTRACTION_FAIL,2868,SIGNAL_EVALUATION
VCP-R1-001,BREAKOUT_VOLUME_FAIL,1721,SIGNAL_EVALUATION
VCP-R1-001,INSUFFICIENT_PRICE_BASE,796,SIGNAL_EVALUATION
VCP-R1-001,OK,172,SIGNAL_EVALUATION
VCP-R1-001,NO_PIVOT_BREAKOUT,121,SIGNAL_EVALUATION
VCP-R1-001,LIQUIDITY_FAIL,54,SIGNAL_EVALUATION
VCP-R1-001,INSUFFICIENT_VOLUME,25,SIGNAL_EVALUATION
VCP-R1-002,CONTRACTION_1_TO_2_FAIL,291397,SIGNAL_EVALUATION
VCP-R1-002,CONTRACTION_2_TO_3_FAIL,117289,SIGNAL_EVALUATION
VCP-R1-002,DRY_UP_FAIL,6919,SIGNAL_EVALUATION
VCP-R1-002,LAST_CONTRACTION_FAIL,2868,SIGNAL_EVALUATION
VCP-R1-002,BREAKOUT_VOLUME_FAIL,1845,SIGNAL_EVALUATION
VCP-R1-002,INSUFFICIENT_PRICE_BASE,796,SIGNAL_EVALUATION
VCP-R1-002,OK,120,SIGNAL_EVALUATION
VCP-R1-002,NO_PIVOT_BREAKOUT,56,SIGNAL_EVALUATION
VCP-R1-002,LIQUIDITY_FAIL,47,SIGNAL_EVALUATION
VCP-R1-002,INSUFFICIENT_VOLUME,25,SIGNAL_EVALUATION
VCP-R1-003,CONTRACTION_1_TO_2_FAIL,291397,SIGNAL_EVALUATION
VCP-R1-003,CONTRACTION_2_TO_3_FAIL,117289,SIGNAL_EVALUATION
VCP-R1-003,DRY_UP_FAIL,6919,SIGNAL_EVALUATION
VCP-R1-003,LAST_CONTRACTION_FAIL,2868,SIGNAL_EVALUATION
VCP-R1-003,BREAKOUT_VOLUME_FAIL,1903,SIGNAL_EVALUATION
VCP-R1-003,INSUFFICIENT_PRICE_BASE,796,SIGNAL_EVALUATION
VCP-R1-003,OK,88,SIGNAL_EVALUATION
VCP-R1-003,LIQUIDITY_FAIL,43,SIGNAL_EVALUATION
VCP-R1-003,NO_PIVOT_BREAKOUT,34,SIGNAL_EVALUATION
VCP-R1-003,INSUFFICIENT_VOLUME,25,SIGNAL_EVALUATION
VCP-R1-004,CONTRACTION_1_TO_2_FAIL,291397,SIGNAL_EVALUATION
VCP-R1-004,CONTRACTION_2_TO_3_FAIL,117289,SIGNAL_EVALUATION
VCP-R1-004,DRY_UP_FAIL,4479,SIGNAL_EVALUATION
VCP-R1-004,BREAKOUT_VOLUME_FAIL,3734,SIGNAL_EVALUATION
VCP-R1-004,LAST_CONTRACTION_FAIL,2868,SIGNAL_EVALUATION
VCP-R1-004,INSUFFICIENT_PRICE_BASE,796,SIGNAL_EVALUATION
VCP-R1-004,OK,364,SIGNAL_EVALUATION
VCP-R1-004,NO_PIVOT_BREAKOUT,299,SIGNAL_EVALUATION
VCP-R1-004,LIQUIDITY_FAIL,111,SIGNAL_EVALUATION
VCP-R1-004,INSUFFICIENT_VOLUME,25,SIGNAL_EVALUATION
VCP-R1-005,CONTRACTION_1_TO_2_FAIL,291397,SIGNAL_EVALUATION
VCP-R1-005,CONTRACTION_2_TO_3_FAIL,117289,SIGNAL_EVALUATION
VCP-R1-005,DRY_UP_FAIL,4479,SIGNAL_EVALUATION
VCP-R1-005,BREAKOUT_VOLUME_FAIL,4030,SIGNAL_EVALUATION
VCP-R1-005,LAST_CONTRACTION_FAIL,2868,SIGNAL_EVALUATION
VCP-R1-005,INSUFFICIENT_PRICE_BASE,796,SIGNAL_EVALUATION
VCP-R1-005,OK,252,SIGNAL_EVALUATION
VCP-R1-005,NO_PIVOT_BREAKOUT,128,SIGNAL_EVALUATION
VCP-R1-005,LIQUIDITY_FAIL,98,SIGNAL_EVALUATION
VCP-R1-005,INSUFFICIENT_VOLUME,25,SIGNAL_EVALUATION
VCP-R1-006,CONTRACTION_1_TO_2_FAIL,291397,SIGNAL_EVALUATION
VCP-R1-006,CONTRACTION_2_TO_3_FAIL,117289,SIGNAL_EVALUATION
VCP-R1-006,DRY_UP_FAIL,4479,SIGNAL_EVALUATION
VCP-R1-006,BREAKOUT_VOLUME_FAIL,4166,SIGNAL_EVALUATION
VCP-R1-006,LAST_CONTRACTION_FAIL,2868,SIGNAL_EVALUATION
VCP-R1-006,INSUFFICIENT_PRICE_BASE,796,SIGNAL_EVALUATION
VCP-R1-006,OK,169,SIGNAL_EVALUATION
VCP-R1-006,LIQUIDITY_FAIL,90,SIGNAL_EVALUATION
VCP-R1-006,NO_PIVOT_BREAKOUT,83,SIGNAL_EVALUATION
VCP-R1-006,INSUFFICIENT_VOLUME,25,SIGNAL_EVALUATION
VCP-R1-007,CONTRACTION_1_TO_2_FAIL,291397,SIGNAL_EVALUATION
VCP-R1-007,CONTRACTION_2_TO_3_FAIL,117289,SIGNAL_EVALUATION
VCP-R1-007,BREAKOUT_VOLUME_FAIL,5499,SIGNAL_EVALUATION
VCP-R1-007,LAST_CONTRACTION_FAIL,2868,SIGNAL_EVALUATION
VCP-R1-007,DRY_UP_FAIL,2303,SIGNAL_EVALUATION
VCP-R1-007,INSUFFICIENT_PRICE_BASE,796,SIGNAL_EVALUATION
VCP-R1-007,OK,529,SIGNAL_EVALUATION
VCP-R1-007,NO_PIVOT_BREAKOUT,492,SIGNAL_EVALUATION
VCP-R1-007,LIQUIDITY_FAIL,164,SIGNAL_EVALUATION
VCP-R1-007,INSUFFICIENT_VOLUME,25,SIGNAL_EVALUATION
VCP-R1-008,CONTRACTION_1_TO_2_FAIL,291397,SIGNAL_EVALUATION
VCP-R1-008,CONTRACTION_2_TO_3_FAIL,117289,SIGNAL_EVALUATION
VCP-R1-008,BREAKOUT_VOLUME_FAIL,5974,SIGNAL_EVALUATION
VCP-R1-008,LAST_CONTRACTION_FAIL,2868,SIGNAL_EVALUATION
VCP-R1-008,DRY_UP_FAIL,2303,SIGNAL_EVALUATION
VCP-R1-008,INSUFFICIENT_PRICE_BASE,796,SIGNAL_EVALUATION
VCP-R1-008,OK,355,SIGNAL_EVALUATION
VCP-R1-008,NO_PIVOT_BREAKOUT,206,SIGNAL_EVALUATION
VCP-R1-008,LIQUIDITY_FAIL,149,SIGNAL_EVALUATION
VCP-R1-008,INSUFFICIENT_VOLUME,25,SIGNAL_EVALUATION
VCP-R1-009,CONTRACTION_1_TO_2_FAIL,291397,SIGNAL_EVALUATION
VCP-R1-009,CONTRACTION_2_TO_3_FAIL,117289,SIGNAL_EVALUATION
VCP-R1-009,BREAKOUT_VOLUME_FAIL,6173,SIGNAL_EVALUATION
VCP-R1-009,LAST_CONTRACTION_FAIL,2868,SIGNAL_EVALUATION
VCP-R1-009,DRY_UP_FAIL,2303,SIGNAL_EVALUATION
VCP-R1-009,INSUFFICIENT_PRICE_BASE,796,SIGNAL_EVALUATION
VCP-R1-009,OK,244,SIGNAL_EVALUATION
VCP-R1-009,LIQUIDITY_FAIL,138,SIGNAL_EVALUATION
VCP-R1-009,NO_PIVOT_BREAKOUT,129,SIGNAL_EVALUATION
VCP-R1-009,INSUFFICIENT_VOLUME,25,SIGNAL_EVALUATION
VCP-R1-010,CONTRACTION_1_TO_2_FAIL,291397,SIGNAL_EVALUATION
VCP-R1-010,CONTRACTION_2_TO_3_FAIL,117289,SIGNAL_EVALUATION
VCP-R1-010,DRY_UP_FAIL,8531,SIGNAL_EVALUATION
VCP-R1-010,BREAKOUT_VOLUME_FAIL,2222,SIGNAL_EVALUATION
VCP-R1-010,INSUFFICIENT_PRICE_BASE,796,SIGNAL_EVALUATION
VCP-R1-010,LAST_CONTRACTION_FAIL,659,SIGNAL_EVALUATION
VCP-R1-010,OK,216,SIGNAL_EVALUATION
VCP-R1-010,NO_PIVOT_BREAKOUT,162,SIGNAL_EVALUATION
VCP-R1-010,LIQUIDITY_FAIL,58,SIGNAL_EVALUATION
VCP-R1-010,INSUFFICIENT_VOLUME,32,SIGNAL_EVALUATION
VCP-R1-011,CONTRACTION_1_TO_2_FAIL,291397,SIGNAL_EVALUATION
VCP-R1-011,CONTRACTION_2_TO_3_FAIL,117289,SIGNAL_EVALUATION
VCP-R1-011,DRY_UP_FAIL,8531,SIGNAL_EVALUATION
VCP-R1-011,BREAKOUT_VOLUME_FAIL,2380,SIGNAL_EVALUATION
VCP-R1-011,INSUFFICIENT_PRICE_BASE,796,SIGNAL_EVALUATION
VCP-R1-011,LAST_CONTRACTION_FAIL,659,SIGNAL_EVALUATION
VCP-R1-011,OK,156,SIGNAL_EVALUATION
VCP-R1-011,NO_PIVOT_BREAKOUT,72,SIGNAL_EVALUATION
VCP-R1-011,LIQUIDITY_FAIL,50,SIGNAL_EVALUATION
VCP-R1-011,INSUFFICIENT_VOLUME,32,SIGNAL_EVALUATION
VCP-R1-012,CONTRACTION_1_TO_2_FAIL,291397,SIGNAL_EVALUATION
VCP-R1-012,CONTRACTION_2_TO_3_FAIL,117289,SIGNAL_EVALUATION
VCP-R1-012,DRY_UP_FAIL,8531,SIGNAL_EVALUATION
VCP-R1-012,BREAKOUT_VOLUME_FAIL,2461,SIGNAL_EVALUATION
VCP-R1-012,INSUFFICIENT_PRICE_BASE,796,SIGNAL_EVALUATION
VCP-R1-012,LAST_CONTRACTION_FAIL,659,SIGNAL_EVALUATION
VCP-R1-012,OK,112,SIGNAL_EVALUATION
VCP-R1-012,LIQUIDITY_FAIL,46,SIGNAL_EVALUATION
VCP-R1-012,NO_PIVOT_BREAKOUT,39,SIGNAL_EVALUATION
VCP-R1-012,INSUFFICIENT_VOLUME,32,SIGNAL_EVALUATION
VCP-R1-013,CONTRACTION_1_TO_2_FAIL,291397,SIGNAL_EVALUATION
VCP-R1-013,CONTRACTION_2_TO_3_FAIL,117289,SIGNAL_EVALUATION
VCP-R1-013,DRY_UP_FAIL,5516,SIGNAL_EVALUATION
VCP-R1-013,BREAKOUT_VOLUME_FAIL,4722,SIGNAL_EVALUATION
VCP-R1-013,INSUFFICIENT_PRICE_BASE,796,SIGNAL_EVALUATION
VCP-R1-013,LAST_CONTRACTION_FAIL,659,SIGNAL_EVALUATION
VCP-R1-013,OK,448,SIGNAL_EVALUATION
VCP-R1-013,NO_PIVOT_BREAKOUT,386,SIGNAL_EVALUATION
VCP-R1-013,LIQUIDITY_FAIL,117,SIGNAL_EVALUATION
VCP-R1-013,INSUFFICIENT_VOLUME,32,SIGNAL_EVALUATION
VCP-R1-014,CONTRACTION_1_TO_2_FAIL,291397,SIGNAL_EVALUATION
VCP-R1-014,CONTRACTION_2_TO_3_FAIL,117289,SIGNAL_EVALUATION
VCP-R1-014,DRY_UP_FAIL,5516,SIGNAL_EVALUATION
VCP-R1-014,BREAKOUT_VOLUME_FAIL,5086,SIGNAL_EVALUATION
VCP-R1-014,INSUFFICIENT_PRICE_BASE,796,SIGNAL_EVALUATION
VCP-R1-014,LAST_CONTRACTION_FAIL,659,SIGNAL_EVALUATION
VCP-R1-014,OK,317,SIGNAL_EVALUATION
VCP-R1-014,NO_PIVOT_BREAKOUT,167,SIGNAL_EVALUATION
VCP-R1-014,LIQUIDITY_FAIL,103,SIGNAL_EVALUATION
VCP-R1-014,INSUFFICIENT_VOLUME,32,SIGNAL_EVALUATION
VCP-R1-015,CONTRACTION_1_TO_2_FAIL,291397,SIGNAL_EVALUATION
VCP-R1-015,CONTRACTION_2_TO_3_FAIL,117289,SIGNAL_EVALUATION
VCP-R1-015,DRY_UP_FAIL,5516,SIGNAL_EVALUATION
VCP-R1-015,BREAKOUT_VOLUME_FAIL,5261,SIGNAL_EVALUATION
VCP-R1-015,INSUFFICIENT_PRICE_BASE,796,SIGNAL_EVALUATION
VCP-R1-015,LAST_CONTRACTION_FAIL,659,SIGNAL_EVALUATION
VCP-R1-015,OK,212,SIGNAL_EVALUATION
VCP-R1-015,NO_PIVOT_BREAKOUT,105,SIGNAL_EVALUATION
VCP-R1-015,LIQUIDITY_FAIL,95,SIGNAL_EVALUATION
VCP-R1-015,INSUFFICIENT_VOLUME,32,SIGNAL_EVALUATION
VCP-R1-016,CONTRACTION_1_TO_2_FAIL,291397,SIGNAL_EVALUATION
VCP-R1-016,CONTRACTION_2_TO_3_FAIL,117289,SIGNAL_EVALUATION
VCP-R1-016,BREAKOUT_VOLUME_FAIL,6898,SIGNAL_EVALUATION
VCP-R1-016,DRY_UP_FAIL,2842,SIGNAL_EVALUATION
VCP-R1-016,INSUFFICIENT_PRICE_BASE,796,SIGNAL_EVALUATION
VCP-R1-016,LAST_CONTRACTION_FAIL,659,SIGNAL_EVALUATION
VCP-R1-016,OK,642,SIGNAL_EVALUATION
VCP-R1-016,NO_PIVOT_BREAKOUT,634,SIGNAL_EVALUATION
VCP-R1-016,LIQUIDITY_FAIL,173,SIGNAL_EVALUATION
VCP-R1-016,INSUFFICIENT_VOLUME,32,SIGNAL_EVALUATION
VCP-R1-017,CONTRACTION_1_TO_2_FAIL,291397,SIGNAL_EVALUATION
VCP-R1-017,CONTRACTION_2_TO_3_FAIL,117289,SIGNAL_EVALUATION
VCP-R1-017,BREAKOUT_VOLUME_FAIL,7480,SIGNAL_EVALUATION
VCP-R1-017,DRY_UP_FAIL,2842,SIGNAL_EVALUATION
VCP-R1-017,INSUFFICIENT_PRICE_BASE,796,SIGNAL_EVALUATION
VCP-R1-017,LAST_CONTRACTION_FAIL,659,SIGNAL_EVALUATION
VCP-R1-017,OK,437,SIGNAL_EVALUATION
VCP-R1-017,NO_PIVOT_BREAKOUT,273,SIGNAL_EVALUATION
VCP-R1-017,LIQUIDITY_FAIL,157,SIGNAL_EVALUATION
VCP-R1-017,INSUFFICIENT_VOLUME,32,SIGNAL_EVALUATION
VCP-R1-018,CONTRACTION_1_TO_2_FAIL,291397,SIGNAL_EVALUATION
VCP-R1-018,CONTRACTION_2_TO_3_FAIL,117289,SIGNAL_EVALUATION
VCP-R1-018,BREAKOUT_VOLUME_FAIL,7737,SIGNAL_EVALUATION
VCP-R1-018,DRY_UP_FAIL,2842,SIGNAL_EVALUATION
VCP-R1-018,INSUFFICIENT_PRICE_BASE,796,SIGNAL_EVALUATION
VCP-R1-018,LAST_CONTRACTION_FAIL,659,SIGNAL_EVALUATION
VCP-R1-018,OK,299,SIGNAL_EVALUATION
VCP-R1-018,NO_PIVOT_BREAKOUT,165,SIGNAL_EVALUATION
VCP-R1-018,LIQUIDITY_FAIL,146,SIGNAL_EVALUATION
VCP-R1-018,INSUFFICIENT_VOLUME,32,SIGNAL_EVALUATION
VCP-R1-019,CONTRACTION_1_TO_2_FAIL,291397,SIGNAL_EVALUATION
VCP-R1-019,CONTRACTION_2_TO_3_FAIL,117289,SIGNAL_EVALUATION
VCP-R1-019,DRY_UP_FAIL,8897,SIGNAL_EVALUATION
VCP-R1-019,BREAKOUT_VOLUME_FAIL,2311,SIGNAL_EVALUATION
VCP-R1-019,INSUFFICIENT_PRICE_BASE,796,SIGNAL_EVALUATION
VCP-R1-019,OK,222,SIGNAL_EVALUATION
VCP-R1-019,LAST_CONTRACTION_FAIL,188,SIGNAL_EVALUATION
VCP-R1-019,NO_PIVOT_BREAKOUT,168,SIGNAL_EVALUATION
VCP-R1-019,LIQUIDITY_FAIL,58,SIGNAL_EVALUATION
VCP-R1-019,INSUFFICIENT_VOLUME,36,SIGNAL_EVALUATION
VCP-R1-020,CONTRACTION_1_TO_2_FAIL,291397,SIGNAL_EVALUATION
VCP-R1-020,CONTRACTION_2_TO_3_FAIL,117289,SIGNAL_EVALUATION
VCP-R1-020,DRY_UP_FAIL,8897,SIGNAL_EVALUATION
VCP-R1-020,BREAKOUT_VOLUME_FAIL,2473,SIGNAL_EVALUATION
VCP-R1-020,INSUFFICIENT_PRICE_BASE,796,SIGNAL_EVALUATION
VCP-R1-020,LAST_CONTRACTION_FAIL,188,SIGNAL_EVALUATION
VCP-R1-020,OK,159,SIGNAL_EVALUATION
VCP-R1-020,NO_PIVOT_BREAKOUT,77,SIGNAL_EVALUATION
VCP-R1-020,LIQUIDITY_FAIL,50,SIGNAL_EVALUATION
VCP-R1-020,INSUFFICIENT_VOLUME,36,SIGNAL_EVALUATION
VCP-R1-021,CONTRACTION_1_TO_2_FAIL,291397,SIGNAL_EVALUATION
VCP-R1-021,CONTRACTION_2_TO_3_FAIL,117289,SIGNAL_EVALUATION
VCP-R1-021,DRY_UP_FAIL,8897,SIGNAL_EVALUATION
VCP-R1-021,BREAKOUT_VOLUME_FAIL,2559,SIGNAL_EVALUATION
VCP-R1-021,INSUFFICIENT_PRICE_BASE,796,SIGNAL_EVALUATION
VCP-R1-021,LAST_CONTRACTION_FAIL,188,SIGNAL_EVALUATION
VCP-R1-021,OK,115,SIGNAL_EVALUATION
VCP-R1-021,LIQUIDITY_FAIL,46,SIGNAL_EVALUATION
VCP-R1-021,NO_PIVOT_BREAKOUT,39,SIGNAL_EVALUATION
VCP-R1-021,INSUFFICIENT_VOLUME,36,SIGNAL_EVALUATION
VCP-R1-022,CONTRACTION_1_TO_2_FAIL,291397,SIGNAL_EVALUATION
VCP-R1-022,CONTRACTION_2_TO_3_FAIL,117289,SIGNAL_EVALUATION
VCP-R1-022,DRY_UP_FAIL,5788,SIGNAL_EVALUATION
VCP-R1-022,BREAKOUT_VOLUME_FAIL,4892,SIGNAL_EVALUATION
VCP-R1-022,INSUFFICIENT_PRICE_BASE,796,SIGNAL_EVALUATION
VCP-R1-022,OK,459,SIGNAL_EVALUATION
VCP-R1-022,NO_PIVOT_BREAKOUT,400,SIGNAL_EVALUATION
VCP-R1-022,LAST_CONTRACTION_FAIL,188,SIGNAL_EVALUATION
VCP-R1-022,LIQUIDITY_FAIL,117,SIGNAL_EVALUATION
VCP-R1-022,INSUFFICIENT_VOLUME,36,SIGNAL_EVALUATION
VCP-R1-023,CONTRACTION_1_TO_2_FAIL,291397,SIGNAL_EVALUATION
VCP-R1-023,CONTRACTION_2_TO_3_FAIL,117289,SIGNAL_EVALUATION
VCP-R1-023,DRY_UP_FAIL,5788,SIGNAL_EVALUATION
VCP-R1-023,BREAKOUT_VOLUME_FAIL,5266,SIGNAL_EVALUATION
VCP-R1-023,INSUFFICIENT_PRICE_BASE,796,SIGNAL_EVALUATION
VCP-R1-023,OK,322,SIGNAL_EVALUATION
VCP-R1-023,LAST_CONTRACTION_FAIL,188,SIGNAL_EVALUATION
VCP-R1-023,NO_PIVOT_BREAKOUT,177,SIGNAL_EVALUATION
VCP-R1-023,LIQUIDITY_FAIL,103,SIGNAL_EVALUATION
VCP-R1-023,INSUFFICIENT_VOLUME,36,SIGNAL_EVALUATION
VCP-R1-024,CONTRACTION_1_TO_2_FAIL,291397,SIGNAL_EVALUATION
VCP-R1-024,CONTRACTION_2_TO_3_FAIL,117289,SIGNAL_EVALUATION
VCP-R1-024,DRY_UP_FAIL,5788,SIGNAL_EVALUATION
VCP-R1-024,BREAKOUT_VOLUME_FAIL,5448,SIGNAL_EVALUATION
VCP-R1-024,INSUFFICIENT_PRICE_BASE,796,SIGNAL_EVALUATION
VCP-R1-024,OK,217,SIGNAL_EVALUATION
VCP-R1-024,LAST_CONTRACTION_FAIL,188,SIGNAL_EVALUATION
VCP-R1-024,NO_PIVOT_BREAKOUT,108,SIGNAL_EVALUATION
VCP-R1-024,LIQUIDITY_FAIL,95,SIGNAL_EVALUATION
VCP-R1-024,INSUFFICIENT_VOLUME,36,SIGNAL_EVALUATION
VCP-R1-025,CONTRACTION_1_TO_2_FAIL,291397,SIGNAL_EVALUATION
VCP-R1-025,CONTRACTION_2_TO_3_FAIL,117289,SIGNAL_EVALUATION
VCP-R1-025,BREAKOUT_VOLUME_FAIL,7140,SIGNAL_EVALUATION
VCP-R1-025,DRY_UP_FAIL,3023,SIGNAL_EVALUATION
VCP-R1-025,INSUFFICIENT_PRICE_BASE,796,SIGNAL_EVALUATION
VCP-R1-025,OK,662,SIGNAL_EVALUATION
VCP-R1-025,NO_PIVOT_BREAKOUT,658,SIGNAL_EVALUATION
VCP-R1-025,LAST_CONTRACTION_FAIL,188,SIGNAL_EVALUATION
VCP-R1-025,LIQUIDITY_FAIL,173,SIGNAL_EVALUATION
VCP-R1-025,INSUFFICIENT_VOLUME,36,SIGNAL_EVALUATION
VCP-R1-026,CONTRACTION_1_TO_2_FAIL,291397,SIGNAL_EVALUATION
VCP-R1-026,CONTRACTION_2_TO_3_FAIL,117289,SIGNAL_EVALUATION
VCP-R1-026,BREAKOUT_VOLUME_FAIL,7740,SIGNAL_EVALUATION
VCP-R1-026,DRY_UP_FAIL,3023,SIGNAL_EVALUATION
VCP-R1-026,INSUFFICIENT_PRICE_BASE,796,SIGNAL_EVALUATION
VCP-R1-026,OK,448,SIGNAL_EVALUATION
VCP-R1-026,NO_PIVOT_BREAKOUT,288,SIGNAL_EVALUATION
VCP-R1-026,LAST_CONTRACTION_FAIL,188,SIGNAL_EVALUATION
VCP-R1-026,LIQUIDITY_FAIL,157,SIGNAL_EVALUATION
VCP-R1-026,INSUFFICIENT_VOLUME,36,SIGNAL_EVALUATION
VCP-R1-027,CONTRACTION_1_TO_2_FAIL,291397,SIGNAL_EVALUATION
VCP-R1-027,CONTRACTION_2_TO_3_FAIL,117289,SIGNAL_EVALUATION
VCP-R1-027,BREAKOUT_VOLUME_FAIL,8011,SIGNAL_EVALUATION
VCP-R1-027,DRY_UP_FAIL,3023,SIGNAL_EVALUATION
VCP-R1-027,INSUFFICIENT_PRICE_BASE,796,SIGNAL_EVALUATION
VCP-R1-027,OK,305,SIGNAL_EVALUATION
VCP-R1-027,LAST_CONTRACTION_FAIL,188,SIGNAL_EVALUATION
VCP-R1-027,NO_PIVOT_BREAKOUT,171,SIGNAL_EVALUATION
VCP-R1-027,LIQUIDITY_FAIL,146,SIGNAL_EVALUATION
VCP-R1-027,INSUFFICIENT_VOLUME,36,SIGNAL_EVALUATION
VCP-R1-028,CONTRACTION_1_TO_2_FAIL,293175,SIGNAL_EVALUATION
VCP-R1-028,CONTRACTION_2_TO_3_FAIL,116884,SIGNAL_EVALUATION
VCP-R1-028,DRY_UP_FAIL,4673,SIGNAL_EVALUATION
VCP-R1-028,LAST_CONTRACTION_FAIL,4063,SIGNAL_EVALUATION
VCP-R1-028,BREAKOUT_VOLUME_FAIL,1240,SIGNAL_EVALUATION
VCP-R1-028,INSUFFICIENT_PRICE_BASE,1066,SIGNAL_EVALUATION
VCP-R1-028,OK,92,SIGNAL_EVALUATION
VCP-R1-028,LIQUIDITY_FAIL,89,SIGNAL_EVALUATION
VCP-R1-028,NO_PIVOT_BREAKOUT,75,SIGNAL_EVALUATION
VCP-R1-028,INSUFFICIENT_VOLUME,5,SIGNAL_EVALUATION
VCP-R1-029,CONTRACTION_1_TO_2_FAIL,293175,SIGNAL_EVALUATION
VCP-R1-029,CONTRACTION_2_TO_3_FAIL,116884,SIGNAL_EVALUATION
VCP-R1-029,DRY_UP_FAIL,4673,SIGNAL_EVALUATION
VCP-R1-029,LAST_CONTRACTION_FAIL,4063,SIGNAL_EVALUATION
VCP-R1-029,BREAKOUT_VOLUME_FAIL,1329,SIGNAL_EVALUATION
VCP-R1-029,INSUFFICIENT_PRICE_BASE,1066,SIGNAL_EVALUATION
VCP-R1-029,LIQUIDITY_FAIL,77,SIGNAL_EVALUATION
VCP-R1-029,OK,61,SIGNAL_EVALUATION
VCP-R1-029,NO_PIVOT_BREAKOUT,29,SIGNAL_EVALUATION
VCP-R1-029,INSUFFICIENT_VOLUME,5,SIGNAL_EVALUATION
VCP-R1-030,CONTRACTION_1_TO_2_FAIL,293175,SIGNAL_EVALUATION
VCP-R1-030,CONTRACTION_2_TO_3_FAIL,116884,SIGNAL_EVALUATION
VCP-R1-030,DRY_UP_FAIL,4673,SIGNAL_EVALUATION
VCP-R1-030,LAST_CONTRACTION_FAIL,4063,SIGNAL_EVALUATION
VCP-R1-030,BREAKOUT_VOLUME_FAIL,1375,SIGNAL_EVALUATION
VCP-R1-030,INSUFFICIENT_PRICE_BASE,1066,SIGNAL_EVALUATION
VCP-R1-030,LIQUIDITY_FAIL,69,SIGNAL_EVALUATION
VCP-R1-030,OK,40,SIGNAL_EVALUATION
VCP-R1-030,NO_PIVOT_BREAKOUT,12,SIGNAL_EVALUATION
VCP-R1-030,INSUFFICIENT_VOLUME,5,SIGNAL_EVALUATION
VCP-R1-031,CONTRACTION_1_TO_2_FAIL,293175,SIGNAL_EVALUATION
VCP-R1-031,CONTRACTION_2_TO_3_FAIL,116884,SIGNAL_EVALUATION
VCP-R1-031,LAST_CONTRACTION_FAIL,4063,SIGNAL_EVALUATION
VCP-R1-031,DRY_UP_FAIL,3103,SIGNAL_EVALUATION
VCP-R1-031,BREAKOUT_VOLUME_FAIL,2500,SIGNAL_EVALUATION
VCP-R1-031,INSUFFICIENT_PRICE_BASE,1066,SIGNAL_EVALUATION
VCP-R1-031,OK,225,SIGNAL_EVALUATION
VCP-R1-031,NO_PIVOT_BREAKOUT,189,SIGNAL_EVALUATION
VCP-R1-031,LIQUIDITY_FAIL,152,SIGNAL_EVALUATION
VCP-R1-031,INSUFFICIENT_VOLUME,5,SIGNAL_EVALUATION
VCP-R1-032,CONTRACTION_1_TO_2_FAIL,293175,SIGNAL_EVALUATION
VCP-R1-032,CONTRACTION_2_TO_3_FAIL,116884,SIGNAL_EVALUATION
VCP-R1-032,LAST_CONTRACTION_FAIL,4063,SIGNAL_EVALUATION
VCP-R1-032,DRY_UP_FAIL,3103,SIGNAL_EVALUATION
VCP-R1-032,BREAKOUT_VOLUME_FAIL,2715,SIGNAL_EVALUATION
VCP-R1-032,INSUFFICIENT_PRICE_BASE,1066,SIGNAL_EVALUATION
VCP-R1-032,OK,145,SIGNAL_EVALUATION
VCP-R1-032,LIQUIDITY_FAIL,131,SIGNAL_EVALUATION
VCP-R1-032,NO_PIVOT_BREAKOUT,75,SIGNAL_EVALUATION
VCP-R1-032,INSUFFICIENT_VOLUME,5,SIGNAL_EVALUATION
VCP-R1-033,CONTRACTION_1_TO_2_FAIL,293175,SIGNAL_EVALUATION
VCP-R1-033,CONTRACTION_2_TO_3_FAIL,116884,SIGNAL_EVALUATION
VCP-R1-033,LAST_CONTRACTION_FAIL,4063,SIGNAL_EVALUATION
VCP-R1-033,DRY_UP_FAIL,3103,SIGNAL_EVALUATION
VCP-R1-033,BREAKOUT_VOLUME_FAIL,2816,SIGNAL_EVALUATION
VCP-R1-033,INSUFFICIENT_PRICE_BASE,1066,SIGNAL_EVALUATION
VCP-R1-033,LIQUIDITY_FAIL,112,SIGNAL_EVALUATION
VCP-R1-033,OK,102,SIGNAL_EVALUATION
VCP-R1-033,NO_PIVOT_BREAKOUT,36,SIGNAL_EVALUATION
VCP-R1-033,INSUFFICIENT_VOLUME,5,SIGNAL_EVALUATION
VCP-R1-034,CONTRACTION_1_TO_2_FAIL,293175,SIGNAL_EVALUATION
VCP-R1-034,CONTRACTION_2_TO_3_FAIL,116884,SIGNAL_EVALUATION
VCP-R1-034,LAST_CONTRACTION_FAIL,4063,SIGNAL_EVALUATION
VCP-R1-034,BREAKOUT_VOLUME_FAIL,3678,SIGNAL_EVALUATION
VCP-R1-034,DRY_UP_FAIL,1678,SIGNAL_EVALUATION
VCP-R1-034,INSUFFICIENT_PRICE_BASE,1066,SIGNAL_EVALUATION
VCP-R1-034,OK,354,SIGNAL_EVALUATION
VCP-R1-034,NO_PIVOT_BREAKOUT,262,SIGNAL_EVALUATION
VCP-R1-034,LIQUIDITY_FAIL,197,SIGNAL_EVALUATION
VCP-R1-034,INSUFFICIENT_VOLUME,5,SIGNAL_EVALUATION
VCP-R1-035,CONTRACTION_1_TO_2_FAIL,293175,SIGNAL_EVALUATION
VCP-R1-035,CONTRACTION_2_TO_3_FAIL,116884,SIGNAL_EVALUATION
VCP-R1-035,LAST_CONTRACTION_FAIL,4063,SIGNAL_EVALUATION
VCP-R1-035,BREAKOUT_VOLUME_FAIL,3978,SIGNAL_EVALUATION
VCP-R1-035,DRY_UP_FAIL,1678,SIGNAL_EVALUATION
VCP-R1-035,INSUFFICIENT_PRICE_BASE,1066,SIGNAL_EVALUATION
VCP-R1-035,OK,234,SIGNAL_EVALUATION
VCP-R1-035,LIQUIDITY_FAIL,172,SIGNAL_EVALUATION
VCP-R1-035,NO_PIVOT_BREAKOUT,107,SIGNAL_EVALUATION
VCP-R1-035,INSUFFICIENT_VOLUME,5,SIGNAL_EVALUATION
VCP-R1-036,CONTRACTION_1_TO_2_FAIL,293175,SIGNAL_EVALUATION
VCP-R1-036,CONTRACTION_2_TO_3_FAIL,116884,SIGNAL_EVALUATION
VCP-R1-036,BREAKOUT_VOLUME_FAIL,4125,SIGNAL_EVALUATION
VCP-R1-036,LAST_CONTRACTION_FAIL,4063,SIGNAL_EVALUATION
VCP-R1-036,DRY_UP_FAIL,1678,SIGNAL_EVALUATION
VCP-R1-036,INSUFFICIENT_PRICE_BASE,1066,SIGNAL_EVALUATION
VCP-R1-036,OK,163,SIGNAL_EVALUATION
VCP-R1-036,LIQUIDITY_FAIL,149,SIGNAL_EVALUATION
VCP-R1-036,NO_PIVOT_BREAKOUT,54,SIGNAL_EVALUATION
VCP-R1-036,INSUFFICIENT_VOLUME,5,SIGNAL_EVALUATION
VCP-R1-037,CONTRACTION_1_TO_2_FAIL,293175,SIGNAL_EVALUATION
VCP-R1-037,CONTRACTION_2_TO_3_FAIL,116884,SIGNAL_EVALUATION
VCP-R1-037,DRY_UP_FAIL,6526,SIGNAL_EVALUATION
VCP-R1-037,BREAKOUT_VOLUME_FAIL,1962,SIGNAL_EVALUATION
VCP-R1-037,LAST_CONTRACTION_FAIL,1354,SIGNAL_EVALUATION
VCP-R1-037,INSUFFICIENT_PRICE_BASE,1066,SIGNAL_EVALUATION
VCP-R1-037,OK,153,SIGNAL_EVALUATION
VCP-R1-037,NO_PIVOT_BREAKOUT,124,SIGNAL_EVALUATION
VCP-R1-037,LIQUIDITY_FAIL,108,SIGNAL_EVALUATION
VCP-R1-037,INSUFFICIENT_VOLUME,10,SIGNAL_EVALUATION
VCP-R1-038,CONTRACTION_1_TO_2_FAIL,293175,SIGNAL_EVALUATION
VCP-R1-038,CONTRACTION_2_TO_3_FAIL,116884,SIGNAL_EVALUATION
VCP-R1-038,DRY_UP_FAIL,6526,SIGNAL_EVALUATION
VCP-R1-038,BREAKOUT_VOLUME_FAIL,2107,SIGNAL_EVALUATION
VCP-R1-038,LAST_CONTRACTION_FAIL,1354,SIGNAL_EVALUATION
VCP-R1-038,INSUFFICIENT_PRICE_BASE,1066,SIGNAL_EVALUATION
VCP-R1-038,OK,100,SIGNAL_EVALUATION
VCP-R1-038,LIQUIDITY_FAIL,92,SIGNAL_EVALUATION
VCP-R1-038,NO_PIVOT_BREAKOUT,48,SIGNAL_EVALUATION
VCP-R1-038,INSUFFICIENT_VOLUME,10,SIGNAL_EVALUATION
VCP-R1-039,CONTRACTION_1_TO_2_FAIL,293175,SIGNAL_EVALUATION
VCP-R1-039,CONTRACTION_2_TO_3_FAIL,116884,SIGNAL_EVALUATION
VCP-R1-039,DRY_UP_FAIL,6526,SIGNAL_EVALUATION
VCP-R1-039,BREAKOUT_VOLUME_FAIL,2179,SIGNAL_EVALUATION
VCP-R1-039,LAST_CONTRACTION_FAIL,1354,SIGNAL_EVALUATION
VCP-R1-039,INSUFFICIENT_PRICE_BASE,1066,SIGNAL_EVALUATION
VCP-R1-039,LIQUIDITY_FAIL,84,SIGNAL_EVALUATION
VCP-R1-039,OK,63,SIGNAL_EVALUATION
VCP-R1-039,NO_PIVOT_BREAKOUT,21,SIGNAL_EVALUATION
VCP-R1-039,INSUFFICIENT_VOLUME,10,SIGNAL_EVALUATION
VCP-R1-040,CONTRACTION_1_TO_2_FAIL,293175,SIGNAL_EVALUATION
VCP-R1-040,CONTRACTION_2_TO_3_FAIL,116884,SIGNAL_EVALUATION
VCP-R1-040,DRY_UP_FAIL,4295,SIGNAL_EVALUATION
VCP-R1-040,BREAKOUT_VOLUME_FAIL,3780,SIGNAL_EVALUATION
VCP-R1-040,LAST_CONTRACTION_FAIL,1354,SIGNAL_EVALUATION
VCP-R1-040,INSUFFICIENT_PRICE_BASE,1066,SIGNAL_EVALUATION
VCP-R1-040,OK,343,SIGNAL_EVALUATION
VCP-R1-040,NO_PIVOT_BREAKOUT,281,SIGNAL_EVALUATION
VCP-R1-040,LIQUIDITY_FAIL,174,SIGNAL_EVALUATION
VCP-R1-040,INSUFFICIENT_VOLUME,10,SIGNAL_EVALUATION
VCP-R1-041,CONTRACTION_1_TO_2_FAIL,293175,SIGNAL_EVALUATION
VCP-R1-041,CONTRACTION_2_TO_3_FAIL,116884,SIGNAL_EVALUATION
VCP-R1-041,DRY_UP_FAIL,4295,SIGNAL_EVALUATION
VCP-R1-041,BREAKOUT_VOLUME_FAIL,4092,SIGNAL_EVALUATION
VCP-R1-041,LAST_CONTRACTION_FAIL,1354,SIGNAL_EVALUATION
VCP-R1-041,INSUFFICIENT_PRICE_BASE,1066,SIGNAL_EVALUATION
VCP-R1-041,OK,223,SIGNAL_EVALUATION
VCP-R1-041,LIQUIDITY_FAIL,149,SIGNAL_EVALUATION
VCP-R1-041,NO_PIVOT_BREAKOUT,114,SIGNAL_EVALUATION
VCP-R1-041,INSUFFICIENT_VOLUME,10,SIGNAL_EVALUATION
VCP-R1-042,CONTRACTION_1_TO_2_FAIL,293175,SIGNAL_EVALUATION
VCP-R1-042,CONTRACTION_2_TO_3_FAIL,116884,SIGNAL_EVALUATION
VCP-R1-042,DRY_UP_FAIL,4295,SIGNAL_EVALUATION
VCP-R1-042,BREAKOUT_VOLUME_FAIL,4240,SIGNAL_EVALUATION
VCP-R1-042,LAST_CONTRACTION_FAIL,1354,SIGNAL_EVALUATION
VCP-R1-042,INSUFFICIENT_PRICE_BASE,1066,SIGNAL_EVALUATION
VCP-R1-042,OK,153,SIGNAL_EVALUATION
VCP-R1-042,LIQUIDITY_FAIL,129,SIGNAL_EVALUATION
VCP-R1-042,NO_PIVOT_BREAKOUT,56,SIGNAL_EVALUATION
VCP-R1-042,INSUFFICIENT_VOLUME,10,SIGNAL_EVALUATION
VCP-R1-043,CONTRACTION_1_TO_2_FAIL,293175,SIGNAL_EVALUATION
VCP-R1-043,CONTRACTION_2_TO_3_FAIL,116884,SIGNAL_EVALUATION
VCP-R1-043,BREAKOUT_VOLUME_FAIL,5387,SIGNAL_EVALUATION
VCP-R1-043,DRY_UP_FAIL,2341,SIGNAL_EVALUATION
VCP-R1-043,LAST_CONTRACTION_FAIL,1354,SIGNAL_EVALUATION
VCP-R1-043,INSUFFICIENT_PRICE_BASE,1066,SIGNAL_EVALUATION
VCP-R1-043,OK,520,SIGNAL_EVALUATION
VCP-R1-043,NO_PIVOT_BREAKOUT,401,SIGNAL_EVALUATION
VCP-R1-043,LIQUIDITY_FAIL,224,SIGNAL_EVALUATION
VCP-R1-043,INSUFFICIENT_VOLUME,10,SIGNAL_EVALUATION
VCP-R1-044,CONTRACTION_1_TO_2_FAIL,293175,SIGNAL_EVALUATION
VCP-R1-044,CONTRACTION_2_TO_3_FAIL,116884,SIGNAL_EVALUATION
VCP-R1-044,BREAKOUT_VOLUME_FAIL,5822,SIGNAL_EVALUATION
VCP-R1-044,DRY_UP_FAIL,2341,SIGNAL_EVALUATION
VCP-R1-044,LAST_CONTRACTION_FAIL,1354,SIGNAL_EVALUATION
VCP-R1-044,INSUFFICIENT_PRICE_BASE,1066,SIGNAL_EVALUATION
VCP-R1-044,OK,346,SIGNAL_EVALUATION
VCP-R1-044,LIQUIDITY_FAIL,194,SIGNAL_EVALUATION
VCP-R1-044,NO_PIVOT_BREAKOUT,170,SIGNAL_EVALUATION
VCP-R1-044,INSUFFICIENT_VOLUME,10,SIGNAL_EVALUATION
VCP-R1-045,CONTRACTION_1_TO_2_FAIL,293175,SIGNAL_EVALUATION
VCP-R1-045,CONTRACTION_2_TO_3_FAIL,116884,SIGNAL_EVALUATION
VCP-R1-045,BREAKOUT_VOLUME_FAIL,6036,SIGNAL_EVALUATION
VCP-R1-045,DRY_UP_FAIL,2341,SIGNAL_EVALUATION
VCP-R1-045,LAST_CONTRACTION_FAIL,1354,SIGNAL_EVALUATION
VCP-R1-045,INSUFFICIENT_PRICE_BASE,1066,SIGNAL_EVALUATION
VCP-R1-045,OK,241,SIGNAL_EVALUATION
VCP-R1-045,LIQUIDITY_FAIL,170,SIGNAL_EVALUATION
VCP-R1-045,NO_PIVOT_BREAKOUT,85,SIGNAL_EVALUATION
VCP-R1-045,INSUFFICIENT_VOLUME,10,SIGNAL_EVALUATION
VCP-R1-046,CONTRACTION_1_TO_2_FAIL,293175,SIGNAL_EVALUATION
VCP-R1-046,CONTRACTION_2_TO_3_FAIL,116884,SIGNAL_EVALUATION
VCP-R1-046,DRY_UP_FAIL,7194,SIGNAL_EVALUATION
VCP-R1-046,BREAKOUT_VOLUME_FAIL,2147,SIGNAL_EVALUATION
VCP-R1-046,INSUFFICIENT_PRICE_BASE,1066,SIGNAL_EVALUATION
VCP-R1-046,LAST_CONTRACTION_FAIL,475,SIGNAL_EVALUATION
VCP-R1-046,OK,162,SIGNAL_EVALUATION
VCP-R1-046,NO_PIVOT_BREAKOUT,135,SIGNAL_EVALUATION
VCP-R1-046,LIQUIDITY_FAIL,113,SIGNAL_EVALUATION
VCP-R1-046,INSUFFICIENT_VOLUME,11,SIGNAL_EVALUATION
VCP-R1-047,CONTRACTION_1_TO_2_FAIL,293175,SIGNAL_EVALUATION
VCP-R1-047,CONTRACTION_2_TO_3_FAIL,116884,SIGNAL_EVALUATION
VCP-R1-047,DRY_UP_FAIL,7194,SIGNAL_EVALUATION
VCP-R1-047,BREAKOUT_VOLUME_FAIL,2302,SIGNAL_EVALUATION
VCP-R1-047,INSUFFICIENT_PRICE_BASE,1066,SIGNAL_EVALUATION
VCP-R1-047,LAST_CONTRACTION_FAIL,475,SIGNAL_EVALUATION
VCP-R1-047,OK,105,SIGNAL_EVALUATION
VCP-R1-047,LIQUIDITY_FAIL,96,SIGNAL_EVALUATION
VCP-R1-047,NO_PIVOT_BREAKOUT,54,SIGNAL_EVALUATION
VCP-R1-047,INSUFFICIENT_VOLUME,11,SIGNAL_EVALUATION
VCP-R1-048,CONTRACTION_1_TO_2_FAIL,293175,SIGNAL_EVALUATION
VCP-R1-048,CONTRACTION_2_TO_3_FAIL,116884,SIGNAL_EVALUATION
VCP-R1-048,DRY_UP_FAIL,7194,SIGNAL_EVALUATION
VCP-R1-048,BREAKOUT_VOLUME_FAIL,2381,SIGNAL_EVALUATION
VCP-R1-048,INSUFFICIENT_PRICE_BASE,1066,SIGNAL_EVALUATION
VCP-R1-048,LAST_CONTRACTION_FAIL,475,SIGNAL_EVALUATION
VCP-R1-048,LIQUIDITY_FAIL,87,SIGNAL_EVALUATION
VCP-R1-048,OK,64,SIGNAL_EVALUATION
VCP-R1-048,NO_PIVOT_BREAKOUT,25,SIGNAL_EVALUATION
VCP-R1-048,INSUFFICIENT_VOLUME,11,SIGNAL_EVALUATION
VCP-R1-049,CONTRACTION_1_TO_2_FAIL,293175,SIGNAL_EVALUATION
VCP-R1-049,CONTRACTION_2_TO_3_FAIL,116884,SIGNAL_EVALUATION
VCP-R1-049,DRY_UP_FAIL,4772,SIGNAL_EVALUATION
VCP-R1-049,BREAKOUT_VOLUME_FAIL,4131,SIGNAL_EVALUATION
VCP-R1-049,INSUFFICIENT_PRICE_BASE,1066,SIGNAL_EVALUATION
VCP-R1-049,LAST_CONTRACTION_FAIL,475,SIGNAL_EVALUATION
VCP-R1-049,OK,363,SIGNAL_EVALUATION
VCP-R1-049,NO_PIVOT_BREAKOUT,306,SIGNAL_EVALUATION
VCP-R1-049,LIQUIDITY_FAIL,179,SIGNAL_EVALUATION
VCP-R1-049,INSUFFICIENT_VOLUME,11,SIGNAL_EVALUATION
VCP-R1-050,CONTRACTION_1_TO_2_FAIL,293175,SIGNAL_EVALUATION
VCP-R1-050,CONTRACTION_2_TO_3_FAIL,116884,SIGNAL_EVALUATION
VCP-R1-050,DRY_UP_FAIL,4772,SIGNAL_EVALUATION
VCP-R1-050,BREAKOUT_VOLUME_FAIL,4470,SIGNAL_EVALUATION
VCP-R1-050,INSUFFICIENT_PRICE_BASE,1066,SIGNAL_EVALUATION
VCP-R1-050,LAST_CONTRACTION_FAIL,475,SIGNAL_EVALUATION
VCP-R1-050,OK,230,SIGNAL_EVALUATION
VCP-R1-050,LIQUIDITY_FAIL,153,SIGNAL_EVALUATION
VCP-R1-050,NO_PIVOT_BREAKOUT,126,SIGNAL_EVALUATION
VCP-R1-050,INSUFFICIENT_VOLUME,11,SIGNAL_EVALUATION
VCP-R1-051,CONTRACTION_1_TO_2_FAIL,293175,SIGNAL_EVALUATION
VCP-R1-051,CONTRACTION_2_TO_3_FAIL,116884,SIGNAL_EVALUATION
VCP-R1-051,DRY_UP_FAIL,4772,SIGNAL_EVALUATION
VCP-R1-051,BREAKOUT_VOLUME_FAIL,4627,SIGNAL_EVALUATION
VCP-R1-051,INSUFFICIENT_PRICE_BASE,1066,SIGNAL_EVALUATION
VCP-R1-051,LAST_CONTRACTION_FAIL,475,SIGNAL_EVALUATION
VCP-R1-051,OK,155,SIGNAL_EVALUATION
VCP-R1-051,LIQUIDITY_FAIL,132,SIGNAL_EVALUATION
VCP-R1-051,NO_PIVOT_BREAKOUT,65,SIGNAL_EVALUATION
VCP-R1-051,INSUFFICIENT_VOLUME,11,SIGNAL_EVALUATION
VCP-R1-052,CONTRACTION_1_TO_2_FAIL,293175,SIGNAL_EVALUATION
VCP-R1-052,CONTRACTION_2_TO_3_FAIL,116884,SIGNAL_EVALUATION
VCP-R1-052,BREAKOUT_VOLUME_FAIL,5888,SIGNAL_EVALUATION
VCP-R1-052,DRY_UP_FAIL,2639,SIGNAL_EVALUATION
VCP-R1-052,INSUFFICIENT_PRICE_BASE,1066,SIGNAL_EVALUATION
VCP-R1-052,OK,557,SIGNAL_EVALUATION
VCP-R1-052,LAST_CONTRACTION_FAIL,475,SIGNAL_EVALUATION
VCP-R1-052,NO_PIVOT_BREAKOUT,436,SIGNAL_EVALUATION
VCP-R1-052,LIQUIDITY_FAIL,231,SIGNAL_EVALUATION
VCP-R1-052,INSUFFICIENT_VOLUME,11,SIGNAL_EVALUATION
VCP-R1-053,CONTRACTION_1_TO_2_FAIL,293175,SIGNAL_EVALUATION
VCP-R1-053,CONTRACTION_2_TO_3_FAIL,116884,SIGNAL_EVALUATION
VCP-R1-053,BREAKOUT_VOLUME_FAIL,6362,SIGNAL_EVALUATION
VCP-R1-053,DRY_UP_FAIL,2639,SIGNAL_EVALUATION
VCP-R1-053,INSUFFICIENT_PRICE_BASE,1066,SIGNAL_EVALUATION
VCP-R1-053,LAST_CONTRACTION_FAIL,475,SIGNAL_EVALUATION
VCP-R1-053,OK,365,SIGNAL_EVALUATION
VCP-R1-053,LIQUIDITY_FAIL,200,SIGNAL_EVALUATION
VCP-R1-053,NO_PIVOT_BREAKOUT,185,SIGNAL_EVALUATION
VCP-R1-053,INSUFFICIENT_VOLUME,11,SIGNAL_EVALUATION
VCP-R1-054,CONTRACTION_1_TO_2_FAIL,293175,SIGNAL_EVALUATION
VCP-R1-054,CONTRACTION_2_TO_3_FAIL,116884,SIGNAL_EVALUATION
VCP-R1-054,BREAKOUT_VOLUME_FAIL,6592,SIGNAL_EVALUATION
VCP-R1-054,DRY_UP_FAIL,2639,SIGNAL_EVALUATION
VCP-R1-054,INSUFFICIENT_PRICE_BASE,1066,SIGNAL_EVALUATION
VCP-R1-054,LAST_CONTRACTION_FAIL,475,SIGNAL_EVALUATION
VCP-R1-054,OK,250,SIGNAL_EVALUATION
VCP-R1-054,LIQUIDITY_FAIL,175,SIGNAL_EVALUATION
VCP-R1-054,NO_PIVOT_BREAKOUT,95,SIGNAL_EVALUATION
VCP-R1-054,INSUFFICIENT_VOLUME,11,SIGNAL_EVALUATION
VCP-R1-055,CONTRACTION_1_TO_2_FAIL,295262,SIGNAL_EVALUATION
VCP-R1-055,CONTRACTION_2_TO_3_FAIL,114038,SIGNAL_EVALUATION
VCP-R1-055,LAST_CONTRACTION_FAIL,5474,SIGNAL_EVALUATION
VCP-R1-055,DRY_UP_FAIL,3972,SIGNAL_EVALUATION
VCP-R1-055,INSUFFICIENT_PRICE_BASE,1450,SIGNAL_EVALUATION
VCP-R1-055,BREAKOUT_VOLUME_FAIL,973,SIGNAL_EVALUATION
VCP-R1-055,LIQUIDITY_FAIL,83,SIGNAL_EVALUATION
VCP-R1-055,NO_PIVOT_BREAKOUT,55,SIGNAL_EVALUATION
VCP-R1-055,OK,55,SIGNAL_EVALUATION
VCP-R1-056,CONTRACTION_1_TO_2_FAIL,295262,SIGNAL_EVALUATION
VCP-R1-056,CONTRACTION_2_TO_3_FAIL,114038,SIGNAL_EVALUATION
VCP-R1-056,LAST_CONTRACTION_FAIL,5474,SIGNAL_EVALUATION
VCP-R1-056,DRY_UP_FAIL,3972,SIGNAL_EVALUATION
VCP-R1-056,INSUFFICIENT_PRICE_BASE,1450,SIGNAL_EVALUATION
VCP-R1-056,BREAKOUT_VOLUME_FAIL,1027,SIGNAL_EVALUATION
VCP-R1-056,LIQUIDITY_FAIL,72,SIGNAL_EVALUATION
VCP-R1-056,OK,43,SIGNAL_EVALUATION
VCP-R1-056,NO_PIVOT_BREAKOUT,24,SIGNAL_EVALUATION
VCP-R1-057,CONTRACTION_1_TO_2_FAIL,295262,SIGNAL_EVALUATION
VCP-R1-057,CONTRACTION_2_TO_3_FAIL,114038,SIGNAL_EVALUATION
VCP-R1-057,LAST_CONTRACTION_FAIL,5474,SIGNAL_EVALUATION
VCP-R1-057,DRY_UP_FAIL,3972,SIGNAL_EVALUATION
VCP-R1-057,INSUFFICIENT_PRICE_BASE,1450,SIGNAL_EVALUATION
VCP-R1-057,BREAKOUT_VOLUME_FAIL,1060,SIGNAL_EVALUATION
VCP-R1-057,LIQUIDITY_FAIL,60,SIGNAL_EVALUATION
VCP-R1-057,OK,34,SIGNAL_EVALUATION
VCP-R1-057,NO_PIVOT_BREAKOUT,12,SIGNAL_EVALUATION
VCP-R1-058,CONTRACTION_1_TO_2_FAIL,295262,SIGNAL_EVALUATION
VCP-R1-058,CONTRACTION_2_TO_3_FAIL,114038,SIGNAL_EVALUATION
VCP-R1-058,LAST_CONTRACTION_FAIL,5474,SIGNAL_EVALUATION
VCP-R1-058,DRY_UP_FAIL,2691,SIGNAL_EVALUATION
VCP-R1-058,BREAKOUT_VOLUME_FAIL,2026,SIGNAL_EVALUATION
VCP-R1-058,INSUFFICIENT_PRICE_BASE,1450,SIGNAL_EVALUATION
VCP-R1-058,NO_PIVOT_BREAKOUT,151,SIGNAL_EVALUATION
VCP-R1-058,LIQUIDITY_FAIL,138,SIGNAL_EVALUATION
VCP-R1-058,OK,132,SIGNAL_EVALUATION
VCP-R1-059,CONTRACTION_1_TO_2_FAIL,295262,SIGNAL_EVALUATION
VCP-R1-059,CONTRACTION_2_TO_3_FAIL,114038,SIGNAL_EVALUATION
VCP-R1-059,LAST_CONTRACTION_FAIL,5474,SIGNAL_EVALUATION
VCP-R1-059,DRY_UP_FAIL,2691,SIGNAL_EVALUATION
VCP-R1-059,BREAKOUT_VOLUME_FAIL,2160,SIGNAL_EVALUATION
VCP-R1-059,INSUFFICIENT_PRICE_BASE,1450,SIGNAL_EVALUATION
VCP-R1-059,LIQUIDITY_FAIL,124,SIGNAL_EVALUATION
VCP-R1-059,OK,96,SIGNAL_EVALUATION
VCP-R1-059,NO_PIVOT_BREAKOUT,67,SIGNAL_EVALUATION
VCP-R1-060,CONTRACTION_1_TO_2_FAIL,295262,SIGNAL_EVALUATION
VCP-R1-060,CONTRACTION_2_TO_3_FAIL,114038,SIGNAL_EVALUATION
VCP-R1-060,LAST_CONTRACTION_FAIL,5474,SIGNAL_EVALUATION
VCP-R1-060,DRY_UP_FAIL,2691,SIGNAL_EVALUATION
VCP-R1-060,BREAKOUT_VOLUME_FAIL,2237,SIGNAL_EVALUATION
VCP-R1-060,INSUFFICIENT_PRICE_BASE,1450,SIGNAL_EVALUATION
VCP-R1-060,LIQUIDITY_FAIL,103,SIGNAL_EVALUATION
VCP-R1-060,OK,75,SIGNAL_EVALUATION
VCP-R1-060,NO_PIVOT_BREAKOUT,32,SIGNAL_EVALUATION
VCP-R1-061,CONTRACTION_1_TO_2_FAIL,295262,SIGNAL_EVALUATION
VCP-R1-061,CONTRACTION_2_TO_3_FAIL,114038,SIGNAL_EVALUATION
VCP-R1-061,LAST_CONTRACTION_FAIL,5474,SIGNAL_EVALUATION
VCP-R1-061,BREAKOUT_VOLUME_FAIL,2887,SIGNAL_EVALUATION
VCP-R1-061,DRY_UP_FAIL,1588,SIGNAL_EVALUATION
VCP-R1-061,INSUFFICIENT_PRICE_BASE,1450,SIGNAL_EVALUATION
VCP-R1-061,NO_PIVOT_BREAKOUT,258,SIGNAL_EVALUATION
VCP-R1-061,OK,220,SIGNAL_EVALUATION
VCP-R1-061,LIQUIDITY_FAIL,185,SIGNAL_EVALUATION
VCP-R1-062,CONTRACTION_1_TO_2_FAIL,295262,SIGNAL_EVALUATION
VCP-R1-062,CONTRACTION_2_TO_3_FAIL,114038,SIGNAL_EVALUATION
VCP-R1-062,LAST_CONTRACTION_FAIL,5474,SIGNAL_EVALUATION
VCP-R1-062,BREAKOUT_VOLUME_FAIL,3118,SIGNAL_EVALUATION
VCP-R1-062,DRY_UP_FAIL,1588,SIGNAL_EVALUATION
VCP-R1-062,INSUFFICIENT_PRICE_BASE,1450,SIGNAL_EVALUATION
VCP-R1-062,LIQUIDITY_FAIL,168,SIGNAL_EVALUATION
VCP-R1-062,OK,153,SIGNAL_EVALUATION
VCP-R1-062,NO_PIVOT_BREAKOUT,111,SIGNAL_EVALUATION
VCP-R1-063,CONTRACTION_1_TO_2_FAIL,295262,SIGNAL_EVALUATION
VCP-R1-063,CONTRACTION_2_TO_3_FAIL,114038,SIGNAL_EVALUATION
VCP-R1-063,LAST_CONTRACTION_FAIL,5474,SIGNAL_EVALUATION
VCP-R1-063,BREAKOUT_VOLUME_FAIL,3238,SIGNAL_EVALUATION
VCP-R1-063,DRY_UP_FAIL,1588,SIGNAL_EVALUATION
VCP-R1-063,INSUFFICIENT_PRICE_BASE,1450,SIGNAL_EVALUATION
VCP-R1-063,LIQUIDITY_FAIL,143,SIGNAL_EVALUATION
VCP-R1-063,OK,113,SIGNAL_EVALUATION
VCP-R1-063,NO_PIVOT_BREAKOUT,56,SIGNAL_EVALUATION
VCP-R1-064,CONTRACTION_1_TO_2_FAIL,295262,SIGNAL_EVALUATION
VCP-R1-064,CONTRACTION_2_TO_3_FAIL,114038,SIGNAL_EVALUATION
VCP-R1-064,DRY_UP_FAIL,6163,SIGNAL_EVALUATION
VCP-R1-064,LAST_CONTRACTION_FAIL,2340,SIGNAL_EVALUATION
VCP-R1-064,BREAKOUT_VOLUME_FAIL,1778,SIGNAL_EVALUATION
VCP-R1-064,INSUFFICIENT_PRICE_BASE,1450,SIGNAL_EVALUATION
VCP-R1-064,LIQUIDITY_FAIL,117,SIGNAL_EVALUATION
VCP-R1-064,OK,108,SIGNAL_EVALUATION
VCP-R1-064,NO_PIVOT_BREAKOUT,106,SIGNAL_EVALUATION
VCP-R1-065,CONTRACTION_1_TO_2_FAIL,295262,SIGNAL_EVALUATION
VCP-R1-065,CONTRACTION_2_TO_3_FAIL,114038,SIGNAL_EVALUATION
VCP-R1-065,DRY_UP_FAIL,6163,SIGNAL_EVALUATION
VCP-R1-065,LAST_CONTRACTION_FAIL,2340,SIGNAL_EVALUATION
VCP-R1-065,BREAKOUT_VOLUME_FAIL,1889,SIGNAL_EVALUATION
VCP-R1-065,INSUFFICIENT_PRICE_BASE,1450,SIGNAL_EVALUATION
VCP-R1-065,LIQUIDITY_FAIL,100,SIGNAL_EVALUATION
VCP-R1-065,OK,79,SIGNAL_EVALUATION
VCP-R1-065,NO_PIVOT_BREAKOUT,41,SIGNAL_EVALUATION
VCP-R1-066,CONTRACTION_1_TO_2_FAIL,295262,SIGNAL_EVALUATION
VCP-R1-066,CONTRACTION_2_TO_3_FAIL,114038,SIGNAL_EVALUATION
VCP-R1-066,DRY_UP_FAIL,6163,SIGNAL_EVALUATION
VCP-R1-066,LAST_CONTRACTION_FAIL,2340,SIGNAL_EVALUATION
VCP-R1-066,BREAKOUT_VOLUME_FAIL,1947,SIGNAL_EVALUATION
VCP-R1-066,INSUFFICIENT_PRICE_BASE,1450,SIGNAL_EVALUATION
VCP-R1-066,LIQUIDITY_FAIL,85,SIGNAL_EVALUATION
VCP-R1-066,OK,60,SIGNAL_EVALUATION
VCP-R1-066,NO_PIVOT_BREAKOUT,17,SIGNAL_EVALUATION
VCP-R1-067,CONTRACTION_1_TO_2_FAIL,295262,SIGNAL_EVALUATION
VCP-R1-067,CONTRACTION_2_TO_3_FAIL,114038,SIGNAL_EVALUATION
VCP-R1-067,DRY_UP_FAIL,4113,SIGNAL_EVALUATION
VCP-R1-067,BREAKOUT_VOLUME_FAIL,3496,SIGNAL_EVALUATION
VCP-R1-067,LAST_CONTRACTION_FAIL,2340,SIGNAL_EVALUATION
VCP-R1-067,INSUFFICIENT_PRICE_BASE,1450,SIGNAL_EVALUATION
VCP-R1-067,NO_PIVOT_BREAKOUT,260,SIGNAL_EVALUATION
VCP-R1-067,OK,218,SIGNAL_EVALUATION
VCP-R1-067,LIQUIDITY_FAIL,185,SIGNAL_EVALUATION
VCP-R1-068,CONTRACTION_1_TO_2_FAIL,295262,SIGNAL_EVALUATION
VCP-R1-068,CONTRACTION_2_TO_3_FAIL,114038,SIGNAL_EVALUATION
VCP-R1-068,DRY_UP_FAIL,4113,SIGNAL_EVALUATION
VCP-R1-068,BREAKOUT_VOLUME_FAIL,3730,SIGNAL_EVALUATION
VCP-R1-068,LAST_CONTRACTION_FAIL,2340,SIGNAL_EVALUATION
VCP-R1-068,INSUFFICIENT_PRICE_BASE,1450,SIGNAL_EVALUATION
VCP-R1-068,LIQUIDITY_FAIL,163,SIGNAL_EVALUATION
VCP-R1-068,OK,157,SIGNAL_EVALUATION
VCP-R1-068,NO_PIVOT_BREAKOUT,109,SIGNAL_EVALUATION
VCP-R1-069,CONTRACTION_1_TO_2_FAIL,295262,SIGNAL_EVALUATION
VCP-R1-069,CONTRACTION_2_TO_3_FAIL,114038,SIGNAL_EVALUATION
VCP-R1-069,DRY_UP_FAIL,4113,SIGNAL_EVALUATION
VCP-R1-069,BREAKOUT_VOLUME_FAIL,3852,SIGNAL_EVALUATION
VCP-R1-069,LAST_CONTRACTION_FAIL,2340,SIGNAL_EVALUATION
VCP-R1-069,INSUFFICIENT_PRICE_BASE,1450,SIGNAL_EVALUATION
VCP-R1-069,LIQUIDITY_FAIL,139,SIGNAL_EVALUATION
VCP-R1-069,OK,122,SIGNAL_EVALUATION
VCP-R1-069,NO_PIVOT_BREAKOUT,46,SIGNAL_EVALUATION
VCP-R1-070,CONTRACTION_1_TO_2_FAIL,295262,SIGNAL_EVALUATION
VCP-R1-070,CONTRACTION_2_TO_3_FAIL,114038,SIGNAL_EVALUATION
VCP-R1-070,BREAKOUT_VOLUME_FAIL,4839,SIGNAL_EVALUATION
VCP-R1-070,DRY_UP_FAIL,2402,SIGNAL_EVALUATION
VCP-R1-070,LAST_CONTRACTION_FAIL,2340,SIGNAL_EVALUATION
VCP-R1-070,INSUFFICIENT_PRICE_BASE,1450,SIGNAL_EVALUATION
VCP-R1-070,NO_PIVOT_BREAKOUT,434,SIGNAL_EVALUATION
VCP-R1-070,OK,355,SIGNAL_EVALUATION
VCP-R1-070,LIQUIDITY_FAIL,242,SIGNAL_EVALUATION
VCP-R1-071,CONTRACTION_1_TO_2_FAIL,295262,SIGNAL_EVALUATION
VCP-R1-071,CONTRACTION_2_TO_3_FAIL,114038,SIGNAL_EVALUATION
VCP-R1-071,BREAKOUT_VOLUME_FAIL,5217,SIGNAL_EVALUATION
VCP-R1-071,DRY_UP_FAIL,2402,SIGNAL_EVALUATION
VCP-R1-071,LAST_CONTRACTION_FAIL,2340,SIGNAL_EVALUATION
VCP-R1-071,INSUFFICIENT_PRICE_BASE,1450,SIGNAL_EVALUATION
VCP-R1-071,OK,249,SIGNAL_EVALUATION
VCP-R1-071,LIQUIDITY_FAIL,217,SIGNAL_EVALUATION
VCP-R1-071,NO_PIVOT_BREAKOUT,187,SIGNAL_EVALUATION
VCP-R1-072,CONTRACTION_1_TO_2_FAIL,295262,SIGNAL_EVALUATION
VCP-R1-072,CONTRACTION_2_TO_3_FAIL,114038,SIGNAL_EVALUATION
VCP-R1-072,BREAKOUT_VOLUME_FAIL,5412,SIGNAL_EVALUATION
VCP-R1-072,DRY_UP_FAIL,2402,SIGNAL_EVALUATION
VCP-R1-072,LAST_CONTRACTION_FAIL,2340,SIGNAL_EVALUATION
VCP-R1-072,INSUFFICIENT_PRICE_BASE,1450,SIGNAL_EVALUATION
VCP-R1-072,LIQUIDITY_FAIL,188,SIGNAL_EVALUATION
VCP-R1-072,OK,186,SIGNAL_EVALUATION
VCP-R1-072,NO_PIVOT_BREAKOUT,84,SIGNAL_EVALUATION
VCP-R1-073,CONTRACTION_1_TO_2_FAIL,295262,SIGNAL_EVALUATION
VCP-R1-073,CONTRACTION_2_TO_3_FAIL,114038,SIGNAL_EVALUATION
VCP-R1-073,DRY_UP_FAIL,7019,SIGNAL_EVALUATION
VCP-R1-073,BREAKOUT_VOLUME_FAIL,2154,SIGNAL_EVALUATION
VCP-R1-073,INSUFFICIENT_PRICE_BASE,1450,SIGNAL_EVALUATION
VCP-R1-073,LAST_CONTRACTION_FAIL,1066,SIGNAL_EVALUATION
VCP-R1-073,NO_PIVOT_BREAKOUT,128,SIGNAL_EVALUATION
VCP-R1-073,LIQUIDITY_FAIL,127,SIGNAL_EVALUATION
VCP-R1-073,OK,118,SIGNAL_EVALUATION
VCP-R1-074,CONTRACTION_1_TO_2_FAIL,295262,SIGNAL_EVALUATION
VCP-R1-074,CONTRACTION_2_TO_3_FAIL,114038,SIGNAL_EVALUATION
VCP-R1-074,DRY_UP_FAIL,7019,SIGNAL_EVALUATION
VCP-R1-074,BREAKOUT_VOLUME_FAIL,2284,SIGNAL_EVALUATION
VCP-R1-074,INSUFFICIENT_PRICE_BASE,1450,SIGNAL_EVALUATION
VCP-R1-074,LAST_CONTRACTION_FAIL,1066,SIGNAL_EVALUATION
VCP-R1-074,LIQUIDITY_FAIL,109,SIGNAL_EVALUATION
VCP-R1-074,OK,86,SIGNAL_EVALUATION
VCP-R1-074,NO_PIVOT_BREAKOUT,48,SIGNAL_EVALUATION
VCP-R1-075,CONTRACTION_1_TO_2_FAIL,295262,SIGNAL_EVALUATION
VCP-R1-075,CONTRACTION_2_TO_3_FAIL,114038,SIGNAL_EVALUATION
VCP-R1-075,DRY_UP_FAIL,7019,SIGNAL_EVALUATION
VCP-R1-075,BREAKOUT_VOLUME_FAIL,2351,SIGNAL_EVALUATION
VCP-R1-075,INSUFFICIENT_PRICE_BASE,1450,SIGNAL_EVALUATION
VCP-R1-075,LAST_CONTRACTION_FAIL,1066,SIGNAL_EVALUATION
VCP-R1-075,LIQUIDITY_FAIL,93,SIGNAL_EVALUATION
VCP-R1-075,OK,64,SIGNAL_EVALUATION
VCP-R1-075,NO_PIVOT_BREAKOUT,19,SIGNAL_EVALUATION
VCP-R1-076,CONTRACTION_1_TO_2_FAIL,295262,SIGNAL_EVALUATION
VCP-R1-076,CONTRACTION_2_TO_3_FAIL,114038,SIGNAL_EVALUATION
VCP-R1-076,DRY_UP_FAIL,4717,SIGNAL_EVALUATION
VCP-R1-076,BREAKOUT_VOLUME_FAIL,4092,SIGNAL_EVALUATION
VCP-R1-076,INSUFFICIENT_PRICE_BASE,1450,SIGNAL_EVALUATION
VCP-R1-076,LAST_CONTRACTION_FAIL,1066,SIGNAL_EVALUATION
VCP-R1-076,NO_PIVOT_BREAKOUT,302,SIGNAL_EVALUATION
VCP-R1-076,OK,238,SIGNAL_EVALUATION
VCP-R1-076,LIQUIDITY_FAIL,197,SIGNAL_EVALUATION
VCP-R1-077,CONTRACTION_1_TO_2_FAIL,295262,SIGNAL_EVALUATION
VCP-R1-077,CONTRACTION_2_TO_3_FAIL,114038,SIGNAL_EVALUATION
VCP-R1-077,DRY_UP_FAIL,4717,SIGNAL_EVALUATION
VCP-R1-077,BREAKOUT_VOLUME_FAIL,4358,SIGNAL_EVALUATION
VCP-R1-077,INSUFFICIENT_PRICE_BASE,1450,SIGNAL_EVALUATION
VCP-R1-077,LAST_CONTRACTION_FAIL,1066,SIGNAL_EVALUATION
VCP-R1-077,LIQUIDITY_FAIL,173,SIGNAL_EVALUATION
VCP-R1-077,OK,171,SIGNAL_EVALUATION
VCP-R1-077,NO_PIVOT_BREAKOUT,127,SIGNAL_EVALUATION
VCP-R1-078,CONTRACTION_1_TO_2_FAIL,295262,SIGNAL_EVALUATION
VCP-R1-078,CONTRACTION_2_TO_3_FAIL,114038,SIGNAL_EVALUATION
VCP-R1-078,DRY_UP_FAIL,4717,SIGNAL_EVALUATION
VCP-R1-078,BREAKOUT_VOLUME_FAIL,4496,SIGNAL_EVALUATION
VCP-R1-078,INSUFFICIENT_PRICE_BASE,1450,SIGNAL_EVALUATION
VCP-R1-078,LAST_CONTRACTION_FAIL,1066,SIGNAL_EVALUATION
VCP-R1-078,LIQUIDITY_FAIL,148,SIGNAL_EVALUATION
VCP-R1-078,OK,130,SIGNAL_EVALUATION
VCP-R1-078,NO_PIVOT_BREAKOUT,55,SIGNAL_EVALUATION
VCP-R1-079,CONTRACTION_1_TO_2_FAIL,295262,SIGNAL_EVALUATION
VCP-R1-079,CONTRACTION_2_TO_3_FAIL,114038,SIGNAL_EVALUATION
VCP-R1-079,BREAKOUT_VOLUME_FAIL,5613,SIGNAL_EVALUATION
VCP-R1-079,DRY_UP_FAIL,2777,SIGNAL_EVALUATION
VCP-R1-079,INSUFFICIENT_PRICE_BASE,1450,SIGNAL_EVALUATION
VCP-R1-079,LAST_CONTRACTION_FAIL,1066,SIGNAL_EVALUATION
VCP-R1-079,NO_PIVOT_BREAKOUT,499,SIGNAL_EVALUATION
VCP-R1-079,OK,399,SIGNAL_EVALUATION
VCP-R1-079,LIQUIDITY_FAIL,258,SIGNAL_EVALUATION
VCP-R1-080,CONTRACTION_1_TO_2_FAIL,295262,SIGNAL_EVALUATION
VCP-R1-080,CONTRACTION_2_TO_3_FAIL,114038,SIGNAL_EVALUATION
VCP-R1-080,BREAKOUT_VOLUME_FAIL,6045,SIGNAL_EVALUATION
VCP-R1-080,DRY_UP_FAIL,2777,SIGNAL_EVALUATION
VCP-R1-080,INSUFFICIENT_PRICE_BASE,1450,SIGNAL_EVALUATION
VCP-R1-080,LAST_CONTRACTION_FAIL,1066,SIGNAL_EVALUATION
VCP-R1-080,OK,280,SIGNAL_EVALUATION
VCP-R1-080,LIQUIDITY_FAIL,231,SIGNAL_EVALUATION
VCP-R1-080,NO_PIVOT_BREAKOUT,213,SIGNAL_EVALUATION
VCP-R1-081,CONTRACTION_1_TO_2_FAIL,295262,SIGNAL_EVALUATION
VCP-R1-081,CONTRACTION_2_TO_3_FAIL,114038,SIGNAL_EVALUATION
VCP-R1-081,BREAKOUT_VOLUME_FAIL,6263,SIGNAL_EVALUATION
VCP-R1-081,DRY_UP_FAIL,2777,SIGNAL_EVALUATION
VCP-R1-081,INSUFFICIENT_PRICE_BASE,1450,SIGNAL_EVALUATION
VCP-R1-081,LAST_CONTRACTION_FAIL,1066,SIGNAL_EVALUATION
VCP-R1-081,OK,207,SIGNAL_EVALUATION
VCP-R1-081,LIQUIDITY_FAIL,201,SIGNAL_EVALUATION
VCP-R1-081,NO_PIVOT_BREAKOUT,98,SIGNAL_EVALUATION
VCP-R1-082,CONTRACTION_1_TO_2_FAIL,296993,SIGNAL_EVALUATION
VCP-R1-082,CONTRACTION_2_TO_3_FAIL,111571,SIGNAL_EVALUATION
VCP-R1-082,LAST_CONTRACTION_FAIL,6700,SIGNAL_EVALUATION
VCP-R1-082,DRY_UP_FAIL,3460,SIGNAL_EVALUATION
VCP-R1-082,INSUFFICIENT_PRICE_BASE,1817,SIGNAL_EVALUATION
VCP-R1-082,BREAKOUT_VOLUME_FAIL,612,SIGNAL_EVALUATION
VCP-R1-082,NO_PIVOT_BREAKOUT,83,SIGNAL_EVALUATION
VCP-R1-082,LIQUIDITY_FAIL,83,SIGNAL_EVALUATION
VCP-R1-082,OK,43,SIGNAL_EVALUATION
VCP-R1-083,CONTRACTION_1_TO_2_FAIL,296993,SIGNAL_EVALUATION
VCP-R1-083,CONTRACTION_2_TO_3_FAIL,111571,SIGNAL_EVALUATION
VCP-R1-083,LAST_CONTRACTION_FAIL,6700,SIGNAL_EVALUATION
VCP-R1-083,DRY_UP_FAIL,3460,SIGNAL_EVALUATION
VCP-R1-083,INSUFFICIENT_PRICE_BASE,1817,SIGNAL_EVALUATION
VCP-R1-083,BREAKOUT_VOLUME_FAIL,682,SIGNAL_EVALUATION
VCP-R1-083,LIQUIDITY_FAIL,73,SIGNAL_EVALUATION
VCP-R1-083,NO_PIVOT_BREAKOUT,37,SIGNAL_EVALUATION
VCP-R1-083,OK,29,SIGNAL_EVALUATION
VCP-R1-084,CONTRACTION_1_TO_2_FAIL,296993,SIGNAL_EVALUATION
VCP-R1-084,CONTRACTION_2_TO_3_FAIL,111571,SIGNAL_EVALUATION
VCP-R1-084,LAST_CONTRACTION_FAIL,6700,SIGNAL_EVALUATION
VCP-R1-084,DRY_UP_FAIL,3460,SIGNAL_EVALUATION
VCP-R1-084,INSUFFICIENT_PRICE_BASE,1817,SIGNAL_EVALUATION
VCP-R1-084,BREAKOUT_VOLUME_FAIL,714,SIGNAL_EVALUATION
VCP-R1-084,LIQUIDITY_FAIL,65,SIGNAL_EVALUATION
VCP-R1-084,OK,23,SIGNAL_EVALUATION
VCP-R1-084,NO_PIVOT_BREAKOUT,19,SIGNAL_EVALUATION
VCP-R1-085,CONTRACTION_1_TO_2_FAIL,296993,SIGNAL_EVALUATION
VCP-R1-085,CONTRACTION_2_TO_3_FAIL,111571,SIGNAL_EVALUATION
VCP-R1-085,LAST_CONTRACTION_FAIL,6700,SIGNAL_EVALUATION
VCP-R1-085,DRY_UP_FAIL,2528,SIGNAL_EVALUATION
VCP-R1-085,INSUFFICIENT_PRICE_BASE,1817,SIGNAL_EVALUATION
VCP-R1-085,BREAKOUT_VOLUME_FAIL,1360,SIGNAL_EVALUATION
VCP-R1-085,NO_PIVOT_BREAKOUT,161,SIGNAL_EVALUATION
VCP-R1-085,LIQUIDITY_FAIL,133,SIGNAL_EVALUATION
VCP-R1-085,OK,99,SIGNAL_EVALUATION
VCP-R1-086,CONTRACTION_1_TO_2_FAIL,296993,SIGNAL_EVALUATION
VCP-R1-086,CONTRACTION_2_TO_3_FAIL,111571,SIGNAL_EVALUATION
VCP-R1-086,LAST_CONTRACTION_FAIL,6700,SIGNAL_EVALUATION
VCP-R1-086,DRY_UP_FAIL,2528,SIGNAL_EVALUATION
VCP-R1-086,INSUFFICIENT_PRICE_BASE,1817,SIGNAL_EVALUATION
VCP-R1-086,BREAKOUT_VOLUME_FAIL,1498,SIGNAL_EVALUATION
VCP-R1-086,LIQUIDITY_FAIL,119,SIGNAL_EVALUATION
VCP-R1-086,OK,69,SIGNAL_EVALUATION
VCP-R1-086,NO_PIVOT_BREAKOUT,67,SIGNAL_EVALUATION
VCP-R1-087,CONTRACTION_1_TO_2_FAIL,296993,SIGNAL_EVALUATION
VCP-R1-087,CONTRACTION_2_TO_3_FAIL,111571,SIGNAL_EVALUATION
VCP-R1-087,LAST_CONTRACTION_FAIL,6700,SIGNAL_EVALUATION
VCP-R1-087,DRY_UP_FAIL,2528,SIGNAL_EVALUATION
VCP-R1-087,INSUFFICIENT_PRICE_BASE,1817,SIGNAL_EVALUATION
VCP-R1-087,BREAKOUT_VOLUME_FAIL,1560,SIGNAL_EVALUATION
VCP-R1-087,LIQUIDITY_FAIL,108,SIGNAL_EVALUATION
VCP-R1-087,OK,52,SIGNAL_EVALUATION
VCP-R1-087,NO_PIVOT_BREAKOUT,33,SIGNAL_EVALUATION
VCP-R1-088,CONTRACTION_1_TO_2_FAIL,296993,SIGNAL_EVALUATION
VCP-R1-088,CONTRACTION_2_TO_3_FAIL,111571,SIGNAL_EVALUATION
VCP-R1-088,LAST_CONTRACTION_FAIL,6700,SIGNAL_EVALUATION
VCP-R1-088,BREAKOUT_VOLUME_FAIL,2124,SIGNAL_EVALUATION
VCP-R1-088,INSUFFICIENT_PRICE_BASE,1817,SIGNAL_EVALUATION
VCP-R1-088,DRY_UP_FAIL,1542,SIGNAL_EVALUATION
VCP-R1-088,NO_PIVOT_BREAKOUT,273,SIGNAL_EVALUATION
VCP-R1-088,OK,172,SIGNAL_EVALUATION
VCP-R1-088,LIQUIDITY_FAIL,170,SIGNAL_EVALUATION
VCP-R1-089,CONTRACTION_1_TO_2_FAIL,296993,SIGNAL_EVALUATION
VCP-R1-089,CONTRACTION_2_TO_3_FAIL,111571,SIGNAL_EVALUATION
VCP-R1-089,LAST_CONTRACTION_FAIL,6700,SIGNAL_EVALUATION
VCP-R1-089,BREAKOUT_VOLUME_FAIL,2343,SIGNAL_EVALUATION
VCP-R1-089,INSUFFICIENT_PRICE_BASE,1817,SIGNAL_EVALUATION
VCP-R1-089,DRY_UP_FAIL,1542,SIGNAL_EVALUATION
VCP-R1-089,LIQUIDITY_FAIL,155,SIGNAL_EVALUATION
VCP-R1-089,OK,125,SIGNAL_EVALUATION
VCP-R1-089,NO_PIVOT_BREAKOUT,116,SIGNAL_EVALUATION
VCP-R1-090,CONTRACTION_1_TO_2_FAIL,296993,SIGNAL_EVALUATION
VCP-R1-090,CONTRACTION_2_TO_3_FAIL,111571,SIGNAL_EVALUATION
VCP-R1-090,LAST_CONTRACTION_FAIL,6700,SIGNAL_EVALUATION
VCP-R1-090,BREAKOUT_VOLUME_FAIL,2444,SIGNAL_EVALUATION
VCP-R1-090,INSUFFICIENT_PRICE_BASE,1817,SIGNAL_EVALUATION
VCP-R1-090,DRY_UP_FAIL,1542,SIGNAL_EVALUATION
VCP-R1-090,LIQUIDITY_FAIL,141,SIGNAL_EVALUATION
VCP-R1-090,OK,93,SIGNAL_EVALUATION
VCP-R1-090,NO_PIVOT_BREAKOUT,61,SIGNAL_EVALUATION
VCP-R1-091,CONTRACTION_1_TO_2_FAIL,296993,SIGNAL_EVALUATION
VCP-R1-091,CONTRACTION_2_TO_3_FAIL,111571,SIGNAL_EVALUATION
VCP-R1-091,DRY_UP_FAIL,5811,SIGNAL_EVALUATION
VCP-R1-091,LAST_CONTRACTION_FAIL,3369,SIGNAL_EVALUATION
VCP-R1-091,INSUFFICIENT_PRICE_BASE,1817,SIGNAL_EVALUATION
VCP-R1-091,BREAKOUT_VOLUME_FAIL,1372,SIGNAL_EVALUATION
VCP-R1-091,NO_PIVOT_BREAKOUT,188,SIGNAL_EVALUATION
VCP-R1-091,LIQUIDITY_FAIL,141,SIGNAL_EVALUATION
VCP-R1-091,OK,100,SIGNAL_EVALUATION
VCP-R1-092,CONTRACTION_1_TO_2_FAIL,296993,SIGNAL_EVALUATION
VCP-R1-092,CONTRACTION_2_TO_3_FAIL,111571,SIGNAL_EVALUATION
VCP-R1-092,DRY_UP_FAIL,5811,SIGNAL_EVALUATION
VCP-R1-092,LAST_CONTRACTION_FAIL,3369,SIGNAL_EVALUATION
VCP-R1-092,INSUFFICIENT_PRICE_BASE,1817,SIGNAL_EVALUATION
VCP-R1-092,BREAKOUT_VOLUME_FAIL,1507,SIGNAL_EVALUATION
VCP-R1-092,LIQUIDITY_FAIL,119,SIGNAL_EVALUATION
VCP-R1-092,NO_PIVOT_BREAKOUT,99,SIGNAL_EVALUATION
VCP-R1-092,OK,76,SIGNAL_EVALUATION
VCP-R1-093,CONTRACTION_1_TO_2_FAIL,296993,SIGNAL_EVALUATION
VCP-R1-093,CONTRACTION_2_TO_3_FAIL,111571,SIGNAL_EVALUATION
VCP-R1-093,DRY_UP_FAIL,5811,SIGNAL_EVALUATION
VCP-R1-093,LAST_CONTRACTION_FAIL,3369,SIGNAL_EVALUATION
VCP-R1-093,INSUFFICIENT_PRICE_BASE,1817,SIGNAL_EVALUATION
VCP-R1-093,BREAKOUT_VOLUME_FAIL,1577,SIGNAL_EVALUATION
VCP-R1-093,LIQUIDITY_FAIL,109,SIGNAL_EVALUATION
VCP-R1-093,OK,59,SIGNAL_EVALUATION
VCP-R1-093,NO_PIVOT_BREAKOUT,56,SIGNAL_EVALUATION
VCP-R1-094,CONTRACTION_1_TO_2_FAIL,296993,SIGNAL_EVALUATION
VCP-R1-094,CONTRACTION_2_TO_3_FAIL,111571,SIGNAL_EVALUATION
VCP-R1-094,DRY_UP_FAIL,4163,SIGNAL_EVALUATION
VCP-R1-094,LAST_CONTRACTION_FAIL,3369,SIGNAL_EVALUATION
VCP-R1-094,BREAKOUT_VOLUME_FAIL,2706,SIGNAL_EVALUATION
VCP-R1-094,INSUFFICIENT_PRICE_BASE,1817,SIGNAL_EVALUATION
VCP-R1-094,NO_PIVOT_BREAKOUT,339,SIGNAL_EVALUATION
VCP-R1-094,LIQUIDITY_FAIL,208,SIGNAL_EVALUATION
VCP-R1-094,OK,196,SIGNAL_EVALUATION
VCP-R1-095,CONTRACTION_1_TO_2_FAIL,296993,SIGNAL_EVALUATION
VCP-R1-095,CONTRACTION_2_TO_3_FAIL,111571,SIGNAL_EVALUATION
VCP-R1-095,DRY_UP_FAIL,4163,SIGNAL_EVALUATION
VCP-R1-095,LAST_CONTRACTION_FAIL,3369,SIGNAL_EVALUATION
VCP-R1-095,BREAKOUT_VOLUME_FAIL,2951,SIGNAL_EVALUATION
VCP-R1-095,INSUFFICIENT_PRICE_BASE,1817,SIGNAL_EVALUATION
VCP-R1-095,LIQUIDITY_FAIL,180,SIGNAL_EVALUATION
VCP-R1-095,NO_PIVOT_BREAKOUT,168,SIGNAL_EVALUATION
VCP-R1-095,OK,150,SIGNAL_EVALUATION
VCP-R1-096,CONTRACTION_1_TO_2_FAIL,296993,SIGNAL_EVALUATION
VCP-R1-096,CONTRACTION_2_TO_3_FAIL,111571,SIGNAL_EVALUATION
VCP-R1-096,DRY_UP_FAIL,4163,SIGNAL_EVALUATION
VCP-R1-096,LAST_CONTRACTION_FAIL,3369,SIGNAL_EVALUATION
VCP-R1-096,BREAKOUT_VOLUME_FAIL,3084,SIGNAL_EVALUATION
VCP-R1-096,INSUFFICIENT_PRICE_BASE,1817,SIGNAL_EVALUATION
VCP-R1-096,LIQUIDITY_FAIL,166,SIGNAL_EVALUATION
VCP-R1-096,OK,107,SIGNAL_EVALUATION
VCP-R1-096,NO_PIVOT_BREAKOUT,92,SIGNAL_EVALUATION
VCP-R1-097,CONTRACTION_1_TO_2_FAIL,296993,SIGNAL_EVALUATION
VCP-R1-097,CONTRACTION_2_TO_3_FAIL,111571,SIGNAL_EVALUATION
VCP-R1-097,BREAKOUT_VOLUME_FAIL,3968,SIGNAL_EVALUATION
VCP-R1-097,LAST_CONTRACTION_FAIL,3369,SIGNAL_EVALUATION
VCP-R1-097,DRY_UP_FAIL,2548,SIGNAL_EVALUATION
VCP-R1-097,INSUFFICIENT_PRICE_BASE,1817,SIGNAL_EVALUATION
VCP-R1-097,NO_PIVOT_BREAKOUT,522,SIGNAL_EVALUATION
VCP-R1-097,OK,318,SIGNAL_EVALUATION
VCP-R1-097,LIQUIDITY_FAIL,256,SIGNAL_EVALUATION
VCP-R1-098,CONTRACTION_1_TO_2_FAIL,296993,SIGNAL_EVALUATION
VCP-R1-098,CONTRACTION_2_TO_3_FAIL,111571,SIGNAL_EVALUATION
VCP-R1-098,BREAKOUT_VOLUME_FAIL,4343,SIGNAL_EVALUATION
VCP-R1-098,LAST_CONTRACTION_FAIL,3369,SIGNAL_EVALUATION
VCP-R1-098,DRY_UP_FAIL,2548,SIGNAL_EVALUATION
VCP-R1-098,INSUFFICIENT_PRICE_BASE,1817,SIGNAL_EVALUATION
VCP-R1-098,NO_PIVOT_BREAKOUT,250,SIGNAL_EVALUATION
VCP-R1-098,OK,244,SIGNAL_EVALUATION
VCP-R1-098,LIQUIDITY_FAIL,227,SIGNAL_EVALUATION
VCP-R1-099,CONTRACTION_1_TO_2_FAIL,296993,SIGNAL_EVALUATION
VCP-R1-099,CONTRACTION_2_TO_3_FAIL,111571,SIGNAL_EVALUATION
VCP-R1-099,BREAKOUT_VOLUME_FAIL,4541,SIGNAL_EVALUATION
VCP-R1-099,LAST_CONTRACTION_FAIL,3369,SIGNAL_EVALUATION
VCP-R1-099,DRY_UP_FAIL,2548,SIGNAL_EVALUATION
VCP-R1-099,INSUFFICIENT_PRICE_BASE,1817,SIGNAL_EVALUATION
VCP-R1-099,LIQUIDITY_FAIL,209,SIGNAL_EVALUATION
VCP-R1-099,OK,177,SIGNAL_EVALUATION
VCP-R1-099,NO_PIVOT_BREAKOUT,137,SIGNAL_EVALUATION
VCP-R1-100,CONTRACTION_1_TO_2_FAIL,296993,SIGNAL_EVALUATION
VCP-R1-100,CONTRACTION_2_TO_3_FAIL,111571,SIGNAL_EVALUATION
VCP-R1-100,DRY_UP_FAIL,6883,SIGNAL_EVALUATION
VCP-R1-100,LAST_CONTRACTION_FAIL,1855,SIGNAL_EVALUATION
VCP-R1-100,INSUFFICIENT_PRICE_BASE,1817,SIGNAL_EVALUATION
VCP-R1-100,BREAKOUT_VOLUME_FAIL,1746,SIGNAL_EVALUATION
VCP-R1-100,NO_PIVOT_BREAKOUT,230,SIGNAL_EVALUATION
VCP-R1-100,LIQUIDITY_FAIL,158,SIGNAL_EVALUATION
VCP-R1-100,OK,109,SIGNAL_EVALUATION
VCP-R1-101,CONTRACTION_1_TO_2_FAIL,296993,SIGNAL_EVALUATION
VCP-R1-101,CONTRACTION_2_TO_3_FAIL,111571,SIGNAL_EVALUATION
VCP-R1-101,DRY_UP_FAIL,6883,SIGNAL_EVALUATION
VCP-R1-101,BREAKOUT_VOLUME_FAIL,1904,SIGNAL_EVALUATION
VCP-R1-101,LAST_CONTRACTION_FAIL,1855,SIGNAL_EVALUATION
VCP-R1-101,INSUFFICIENT_PRICE_BASE,1817,SIGNAL_EVALUATION
VCP-R1-101,LIQUIDITY_FAIL,135,SIGNAL_EVALUATION
VCP-R1-101,NO_PIVOT_BREAKOUT,121,SIGNAL_EVALUATION
VCP-R1-101,OK,83,SIGNAL_EVALUATION
VCP-R1-102,CONTRACTION_1_TO_2_FAIL,296993,SIGNAL_EVALUATION
VCP-R1-102,CONTRACTION_2_TO_3_FAIL,111571,SIGNAL_EVALUATION
VCP-R1-102,DRY_UP_FAIL,6883,SIGNAL_EVALUATION
VCP-R1-102,BREAKOUT_VOLUME_FAIL,1985,SIGNAL_EVALUATION
VCP-R1-102,LAST_CONTRACTION_FAIL,1855,SIGNAL_EVALUATION
VCP-R1-102,INSUFFICIENT_PRICE_BASE,1817,SIGNAL_EVALUATION
VCP-R1-102,LIQUIDITY_FAIL,122,SIGNAL_EVALUATION
VCP-R1-102,NO_PIVOT_BREAKOUT,71,SIGNAL_EVALUATION
VCP-R1-102,OK,65,SIGNAL_EVALUATION
VCP-R1-103,CONTRACTION_1_TO_2_FAIL,296993,SIGNAL_EVALUATION
VCP-R1-103,CONTRACTION_2_TO_3_FAIL,111571,SIGNAL_EVALUATION
VCP-R1-103,DRY_UP_FAIL,4913,SIGNAL_EVALUATION
VCP-R1-103,BREAKOUT_VOLUME_FAIL,3349,SIGNAL_EVALUATION
VCP-R1-103,LAST_CONTRACTION_FAIL,1855,SIGNAL_EVALUATION
VCP-R1-103,INSUFFICIENT_PRICE_BASE,1817,SIGNAL_EVALUATION
VCP-R1-103,NO_PIVOT_BREAKOUT,406,SIGNAL_EVALUATION
VCP-R1-103,LIQUIDITY_FAIL,235,SIGNAL_EVALUATION
VCP-R1-103,OK,223,SIGNAL_EVALUATION
VCP-R1-104,CONTRACTION_1_TO_2_FAIL,296993,SIGNAL_EVALUATION
VCP-R1-104,CONTRACTION_2_TO_3_FAIL,111571,SIGNAL_EVALUATION
VCP-R1-104,DRY_UP_FAIL,4913,SIGNAL_EVALUATION
VCP-R1-104,BREAKOUT_VOLUME_FAIL,3633,SIGNAL_EVALUATION
VCP-R1-104,LAST_CONTRACTION_FAIL,1855,SIGNAL_EVALUATION
VCP-R1-104,INSUFFICIENT_PRICE_BASE,1817,SIGNAL_EVALUATION
VCP-R1-104,LIQUIDITY_FAIL,205,SIGNAL_EVALUATION
VCP-R1-104,NO_PIVOT_BREAKOUT,205,SIGNAL_EVALUATION
VCP-R1-104,OK,170,SIGNAL_EVALUATION
VCP-R1-105,CONTRACTION_1_TO_2_FAIL,296993,SIGNAL_EVALUATION
VCP-R1-105,CONTRACTION_2_TO_3_FAIL,111571,SIGNAL_EVALUATION
VCP-R1-105,DRY_UP_FAIL,4913,SIGNAL_EVALUATION
VCP-R1-105,BREAKOUT_VOLUME_FAIL,3791,SIGNAL_EVALUATION
VCP-R1-105,LAST_CONTRACTION_FAIL,1855,SIGNAL_EVALUATION
VCP-R1-105,INSUFFICIENT_PRICE_BASE,1817,SIGNAL_EVALUATION
VCP-R1-105,LIQUIDITY_FAIL,187,SIGNAL_EVALUATION
VCP-R1-105,OK,124,SIGNAL_EVALUATION
VCP-R1-105,NO_PIVOT_BREAKOUT,111,SIGNAL_EVALUATION
VCP-R1-106,CONTRACTION_1_TO_2_FAIL,296993,SIGNAL_EVALUATION
VCP-R1-106,CONTRACTION_2_TO_3_FAIL,111571,SIGNAL_EVALUATION
VCP-R1-106,BREAKOUT_VOLUME_FAIL,4830,SIGNAL_EVALUATION
VCP-R1-106,DRY_UP_FAIL,3041,SIGNAL_EVALUATION
VCP-R1-106,LAST_CONTRACTION_FAIL,1855,SIGNAL_EVALUATION
VCP-R1-106,INSUFFICIENT_PRICE_BASE,1817,SIGNAL_EVALUATION
VCP-R1-106,NO_PIVOT_BREAKOUT,605,SIGNAL_EVALUATION
VCP-R1-106,OK,364,SIGNAL_EVALUATION
VCP-R1-106,LIQUIDITY_FAIL,286,SIGNAL_EVALUATION
VCP-R1-107,CONTRACTION_1_TO_2_FAIL,296993,SIGNAL_EVALUATION
VCP-R1-107,CONTRACTION_2_TO_3_FAIL,111571,SIGNAL_EVALUATION
VCP-R1-107,BREAKOUT_VOLUME_FAIL,5253,SIGNAL_EVALUATION
VCP-R1-107,DRY_UP_FAIL,3041,SIGNAL_EVALUATION
VCP-R1-107,LAST_CONTRACTION_FAIL,1855,SIGNAL_EVALUATION
VCP-R1-107,INSUFFICIENT_PRICE_BASE,1817,SIGNAL_EVALUATION
VCP-R1-107,NO_PIVOT_BREAKOUT,296,SIGNAL_EVALUATION
VCP-R1-107,OK,281,SIGNAL_EVALUATION
VCP-R1-107,LIQUIDITY_FAIL,255,SIGNAL_EVALUATION
VCP-R1-108,CONTRACTION_1_TO_2_FAIL,296993,SIGNAL_EVALUATION
VCP-R1-108,CONTRACTION_2_TO_3_FAIL,111571,SIGNAL_EVALUATION
VCP-R1-108,BREAKOUT_VOLUME_FAIL,5484,SIGNAL_EVALUATION
VCP-R1-108,DRY_UP_FAIL,3041,SIGNAL_EVALUATION
VCP-R1-108,LAST_CONTRACTION_FAIL,1855,SIGNAL_EVALUATION
VCP-R1-108,INSUFFICIENT_PRICE_BASE,1817,SIGNAL_EVALUATION
VCP-R1-108,LIQUIDITY_FAIL,232,SIGNAL_EVALUATION
VCP-R1-108,OK,207,SIGNAL_EVALUATION
VCP-R1-108,NO_PIVOT_BREAKOUT,162,SIGNAL_EVALUATION
VCP-R1-001,NO_NEXT_E1_SESSION,1,ENTRY_UNFILLED
VCP-R1-002,NO_NEXT_E1_SESSION,1,ENTRY_UNFILLED
VCP-R1-003,NO_NEXT_E1_SESSION,1,ENTRY_UNFILLED
VCP-R1-004,NO_NEXT_E1_SESSION,1,ENTRY_UNFILLED
VCP-R1-005,NO_NEXT_E1_SESSION,1,ENTRY_UNFILLED
VCP-R1-006,NO_NEXT_E1_SESSION,1,ENTRY_UNFILLED
VCP-R1-007,ENTRY_RAW_INVALID_OHLC,1,ENTRY_UNFILLED
VCP-R1-007,NO_NEXT_E1_SESSION,1,ENTRY_UNFILLED
VCP-R1-008,ENTRY_RAW_INVALID_OHLC,1,ENTRY_UNFILLED
VCP-R1-008,NO_NEXT_E1_SESSION,1,ENTRY_UNFILLED
VCP-R1-009,NO_NEXT_E1_SESSION,1,ENTRY_UNFILLED
VCP-R1-010,ENTRY_LOCKED_LIMIT_UP,1,ENTRY_UNFILLED
VCP-R1-010,NO_NEXT_E1_SESSION,1,ENTRY_UNFILLED
VCP-R1-011,ENTRY_LOCKED_LIMIT_UP,1,ENTRY_UNFILLED
VCP-R1-011,NO_NEXT_E1_SESSION,1,ENTRY_UNFILLED
VCP-R1-012,ENTRY_LOCKED_LIMIT_UP,1,ENTRY_UNFILLED
VCP-R1-012,NO_NEXT_E1_SESSION,1,ENTRY_UNFILLED
VCP-R1-013,ENTRY_LOCKED_LIMIT_UP,1,ENTRY_UNFILLED
VCP-R1-013,NO_NEXT_E1_SESSION,1,ENTRY_UNFILLED
VCP-R1-014,ENTRY_LOCKED_LIMIT_UP,1,ENTRY_UNFILLED
VCP-R1-014,NO_NEXT_E1_SESSION,1,ENTRY_UNFILLED
VCP-R1-015,ENTRY_LOCKED_LIMIT_UP,1,ENTRY_UNFILLED
VCP-R1-015,NO_NEXT_E1_SESSION,1,ENTRY_UNFILLED
VCP-R1-016,ENTRY_LOCKED_LIMIT_UP,1,ENTRY_UNFILLED
VCP-R1-016,ENTRY_RAW_INVALID_OHLC,1,ENTRY_UNFILLED
VCP-R1-016,NO_NEXT_E1_SESSION,1,ENTRY_UNFILLED
VCP-R1-017,ENTRY_LOCKED_LIMIT_UP,1,ENTRY_UNFILLED
VCP-R1-017,ENTRY_RAW_INVALID_OHLC,1,ENTRY_UNFILLED
VCP-R1-017,NO_NEXT_E1_SESSION,1,ENTRY_UNFILLED
VCP-R1-018,ENTRY_LOCKED_LIMIT_UP,1,ENTRY_UNFILLED
VCP-R1-018,NO_NEXT_E1_SESSION,1,ENTRY_UNFILLED
VCP-R1-019,ENTRY_LOCKED_LIMIT_UP,1,ENTRY_UNFILLED
VCP-R1-019,NO_NEXT_E1_SESSION,1,ENTRY_UNFILLED
VCP-R1-020,ENTRY_LOCKED_LIMIT_UP,1,ENTRY_UNFILLED
VCP-R1-020,NO_NEXT_E1_SESSION,1,ENTRY_UNFILLED
VCP-R1-021,ENTRY_LOCKED_LIMIT_UP,1,ENTRY_UNFILLED
VCP-R1-021,NO_NEXT_E1_SESSION,1,ENTRY_UNFILLED
VCP-R1-022,ENTRY_LOCKED_LIMIT_UP,1,ENTRY_UNFILLED
VCP-R1-022,NO_NEXT_E1_SESSION,1,ENTRY_UNFILLED
VCP-R1-023,ENTRY_LOCKED_LIMIT_UP,1,ENTRY_UNFILLED
VCP-R1-023,NO_NEXT_E1_SESSION,1,ENTRY_UNFILLED
VCP-R1-024,ENTRY_LOCKED_LIMIT_UP,1,ENTRY_UNFILLED
VCP-R1-024,NO_NEXT_E1_SESSION,1,ENTRY_UNFILLED
VCP-R1-025,ENTRY_LOCKED_LIMIT_UP,1,ENTRY_UNFILLED
VCP-R1-025,ENTRY_RAW_INVALID_OHLC,2,ENTRY_UNFILLED
VCP-R1-025,NO_NEXT_E1_SESSION,1,ENTRY_UNFILLED
VCP-R1-026,ENTRY_LOCKED_LIMIT_UP,1,ENTRY_UNFILLED
VCP-R1-026,ENTRY_RAW_INVALID_OHLC,1,ENTRY_UNFILLED
VCP-R1-026,NO_NEXT_E1_SESSION,1,ENTRY_UNFILLED
VCP-R1-027,ENTRY_LOCKED_LIMIT_UP,1,ENTRY_UNFILLED
VCP-R1-027,NO_NEXT_E1_SESSION,1,ENTRY_UNFILLED
VCP-R1-028,NO_NEXT_E1_SESSION,1,ENTRY_UNFILLED
VCP-R1-029,NO_NEXT_E1_SESSION,1,ENTRY_UNFILLED
VCP-R1-030,NO_NEXT_E1_SESSION,1,ENTRY_UNFILLED
VCP-R1-031,ENTRY_RAW_INVALID_OHLC,1,ENTRY_UNFILLED
VCP-R1-031,NO_NEXT_E1_SESSION,1,ENTRY_UNFILLED
VCP-R1-032,NO_NEXT_E1_SESSION,1,ENTRY_UNFILLED
VCP-R1-033,NO_NEXT_E1_SESSION,1,ENTRY_UNFILLED
VCP-R1-034,ENTRY_RAW_INVALID_OHLC,1,ENTRY_UNFILLED
VCP-R1-034,NO_NEXT_E1_SESSION,1,ENTRY_UNFILLED
VCP-R1-035,NO_NEXT_E1_SESSION,1,ENTRY_UNFILLED
VCP-R1-036,NO_NEXT_E1_SESSION,1,ENTRY_UNFILLED
VCP-R1-037,NO_NEXT_E1_SESSION,1,ENTRY_UNFILLED
VCP-R1-038,NO_NEXT_E1_SESSION,1,ENTRY_UNFILLED
VCP-R1-039,NO_NEXT_E1_SESSION,1,ENTRY_UNFILLED
VCP-R1-040,ENTRY_RAW_INVALID_OHLC,1,ENTRY_UNFILLED
VCP-R1-040,NO_NEXT_E1_SESSION,1,ENTRY_UNFILLED
VCP-R1-041,NO_NEXT_E1_SESSION,1,ENTRY_UNFILLED
VCP-R1-042,NO_NEXT_E1_SESSION,1,ENTRY_UNFILLED
VCP-R1-043,ENTRY_RAW_INVALID_OHLC,1,ENTRY_UNFILLED
VCP-R1-043,NO_NEXT_E1_SESSION,1,ENTRY_UNFILLED
VCP-R1-044,NO_NEXT_E1_SESSION,1,ENTRY_UNFILLED
VCP-R1-045,NO_NEXT_E1_SESSION,1,ENTRY_UNFILLED
VCP-R1-046,NO_NEXT_E1_SESSION,1,ENTRY_UNFILLED
VCP-R1-047,NO_NEXT_E1_SESSION,1,ENTRY_UNFILLED
VCP-R1-048,NO_NEXT_E1_SESSION,1,ENTRY_UNFILLED
VCP-R1-049,ENTRY_LOCKED_LIMIT_UP,1,ENTRY_UNFILLED
VCP-R1-049,ENTRY_RAW_INVALID_OHLC,1,ENTRY_UNFILLED
VCP-R1-049,NO_NEXT_E1_SESSION,1,ENTRY_UNFILLED
VCP-R1-050,NO_NEXT_E1_SESSION,1,ENTRY_UNFILLED
VCP-R1-051,NO_NEXT_E1_SESSION,1,ENTRY_UNFILLED
VCP-R1-052,ENTRY_LOCKED_LIMIT_UP,1,ENTRY_UNFILLED
VCP-R1-052,ENTRY_RAW_INVALID_OHLC,1,ENTRY_UNFILLED
VCP-R1-052,NO_NEXT_E1_SESSION,1,ENTRY_UNFILLED
VCP-R1-053,NO_NEXT_E1_SESSION,1,ENTRY_UNFILLED
VCP-R1-054,NO_NEXT_E1_SESSION,1,ENTRY_UNFILLED
VCP-R1-055,NO_NEXT_E1_SESSION,1,ENTRY_UNFILLED
VCP-R1-056,NO_NEXT_E1_SESSION,1,ENTRY_UNFILLED
VCP-R1-058,NO_NEXT_E1_SESSION,2,ENTRY_UNFILLED
VCP-R1-059,NO_NEXT_E1_SESSION,2,ENTRY_UNFILLED
VCP-R1-060,NO_NEXT_E1_SESSION,1,ENTRY_UNFILLED
VCP-R1-061,NO_NEXT_E1_SESSION,4,ENTRY_UNFILLED
VCP-R1-062,NO_NEXT_E1_SESSION,3,ENTRY_UNFILLED
VCP-R1-063,NO_NEXT_E1_SESSION,2,ENTRY_UNFILLED
VCP-R1-064,NO_NEXT_E1_SESSION,2,ENTRY_UNFILLED
VCP-R1-065,NO_NEXT_E1_SESSION,2,ENTRY_UNFILLED
VCP-R1-066,NO_NEXT_E1_SESSION,1,ENTRY_UNFILLED
VCP-R1-067,NO_NEXT_E1_SESSION,3,ENTRY_UNFILLED
VCP-R1-068,NO_NEXT_E1_SESSION,3,ENTRY_UNFILLED
VCP-R1-069,NO_NEXT_E1_SESSION,2,ENTRY_UNFILLED
VCP-R1-070,NO_NEXT_E1_SESSION,5,ENTRY_UNFILLED
VCP-R1-071,NO_NEXT_E1_SESSION,4,ENTRY_UNFILLED
VCP-R1-072,NO_NEXT_E1_SESSION,3,ENTRY_UNFILLED
VCP-R1-073,NO_NEXT_E1_SESSION,2,ENTRY_UNFILLED
VCP-R1-074,NO_NEXT_E1_SESSION,2,ENTRY_UNFILLED
VCP-R1-075,NO_NEXT_E1_SESSION,1,ENTRY_UNFILLED
VCP-R1-076,NO_NEXT_E1_SESSION,3,ENTRY_UNFILLED
VCP-R1-077,NO_NEXT_E1_SESSION,3,ENTRY_UNFILLED
VCP-R1-078,NO_NEXT_E1_SESSION,2,ENTRY_UNFILLED
VCP-R1-079,NO_NEXT_E1_SESSION,5,ENTRY_UNFILLED
VCP-R1-080,NO_NEXT_E1_SESSION,4,ENTRY_UNFILLED
VCP-R1-081,NO_NEXT_E1_SESSION,3,ENTRY_UNFILLED
VCP-R1-082,NO_NEXT_E1_SESSION,1,ENTRY_UNFILLED
VCP-R1-083,NO_NEXT_E1_SESSION,1,ENTRY_UNFILLED
VCP-R1-085,ENTRY_LOCKED_LIMIT_UP,1,ENTRY_UNFILLED
VCP-R1-085,NO_NEXT_E1_SESSION,1,ENTRY_UNFILLED
VCP-R1-086,ENTRY_LOCKED_LIMIT_UP,1,ENTRY_UNFILLED
VCP-R1-086,NO_NEXT_E1_SESSION,1,ENTRY_UNFILLED
VCP-R1-087,ENTRY_LOCKED_LIMIT_UP,1,ENTRY_UNFILLED
VCP-R1-088,ENTRY_LOCKED_LIMIT_UP,1,ENTRY_UNFILLED
VCP-R1-088,NO_NEXT_E1_SESSION,1,ENTRY_UNFILLED
VCP-R1-089,ENTRY_LOCKED_LIMIT_UP,1,ENTRY_UNFILLED
VCP-R1-089,NO_NEXT_E1_SESSION,1,ENTRY_UNFILLED
VCP-R1-090,ENTRY_LOCKED_LIMIT_UP,1,ENTRY_UNFILLED
VCP-R1-091,NO_NEXT_E1_SESSION,1,ENTRY_UNFILLED
VCP-R1-092,NO_NEXT_E1_SESSION,1,ENTRY_UNFILLED
VCP-R1-094,ENTRY_LOCKED_LIMIT_UP,1,ENTRY_UNFILLED
VCP-R1-094,NO_NEXT_E1_SESSION,1,ENTRY_UNFILLED
VCP-R1-095,ENTRY_LOCKED_LIMIT_UP,1,ENTRY_UNFILLED
VCP-R1-095,NO_NEXT_E1_SESSION,1,ENTRY_UNFILLED
VCP-R1-096,ENTRY_LOCKED_LIMIT_UP,1,ENTRY_UNFILLED
VCP-R1-097,ENTRY_LOCKED_LIMIT_UP,1,ENTRY_UNFILLED
VCP-R1-097,NO_NEXT_E1_SESSION,1,ENTRY_UNFILLED
VCP-R1-098,ENTRY_LOCKED_LIMIT_UP,1,ENTRY_UNFILLED
VCP-R1-098,NO_NEXT_E1_SESSION,1,ENTRY_UNFILLED
VCP-R1-099,ENTRY_LOCKED_LIMIT_UP,1,ENTRY_UNFILLED
VCP-R1-100,NO_NEXT_E1_SESSION,1,ENTRY_UNFILLED
VCP-R1-101,NO_NEXT_E1_SESSION,1,ENTRY_UNFILLED
VCP-R1-103,ENTRY_LOCKED_LIMIT_UP,1,ENTRY_UNFILLED
VCP-R1-103,ENTRY_RAW_INVALID_OHLC,2,ENTRY_UNFILLED
VCP-R1-103,NO_NEXT_E1_SESSION,1,ENTRY_UNFILLED
VCP-R1-104,ENTRY_LOCKED_LIMIT_UP,1,ENTRY_UNFILLED
VCP-R1-104,NO_NEXT_E1_SESSION,1,ENTRY_UNFILLED
VCP-R1-105,ENTRY_LOCKED_LIMIT_UP,1,ENTRY_UNFILLED
VCP-R1-106,ENTRY_LOCKED_LIMIT_UP,1,ENTRY_UNFILLED
VCP-R1-106,ENTRY_RAW_INVALID_OHLC,2,ENTRY_UNFILLED
VCP-R1-106,NO_NEXT_E1_SESSION,1,ENTRY_UNFILLED
VCP-R1-107,ENTRY_LOCKED_LIMIT_UP,1,ENTRY_UNFILLED
VCP-R1-107,NO_NEXT_E1_SESSION,1,ENTRY_UNFILLED
VCP-R1-108,ENTRY_LOCKED_LIMIT_UP,1,ENTRY_UNFILLED
