stock_id,event_date,ratio,observation_date,status,exact_day_observation,raw_key_at_processing
1442,2019-08-09,0.939577039274924,2019-08-12,E1_PROCESSED,False,True
2337,2019-08-09,0.957243816254417,2019-08-12,E1_PROCESSED,False,True
2458,2019-08-09,0.937106918238994,2019-08-12,E1_PROCESSED,False,True
2886,2019-08-09,0.945337620578778,2019-08-12,E1_PROCESSED,False,True
2892,2019-08-09,0.946491228070175,2019-08-12,E1_PROCESSED,False,True
3491,2019-08-09,0.914821428571429,2019-08-12,E1_PROCESSED,False,True
4207,2019-08-09,0.93728813559322,2019-08-12,E1_PROCESSED,False,True
4967,2019-09-30,0.921414538310413,2019-10-01,E1_PROCESSED,False,True
6143,2019-08-09,0.916142557651992,2019-08-12,E1_PROCESSED,False,True
6596,2019-09-30,0.909090909090909,2019-10-01,E1_PROCESSED,False,True
8027,2019-09-30,0.97125748502994,2019-10-01,E1_PROCESSED,False,True
8390,2019-08-09,0.975138121546961,2019-08-12,E1_PROCESSED,False,True
