event_year,status,rows
2015,E1_PROCESSED,0
2015,WARMUP_PROCESSED,0
2015,NO_STOCK_IN_ADJUSTED_KEYS,0
2015,NO_SUBSEQUENT_OBSERVATION,0
2015,AFTER_E1_NOT_EXPECTED,0
2016,E1_PROCESSED,0
2016,WARMUP_PROCESSED,0
2016,NO_STOCK_IN_ADJUSTED_KEYS,0
2016,NO_SUBSEQUENT_OBSERVATION,0
2016,AFTER_E1_NOT_EXPECTED,0
2017,E1_PROCESSED,1252
2017,WARMUP_PROCESSED,0
2017,NO_STOCK_IN_ADJUSTED_KEYS,0
2017,NO_SUBSEQUENT_OBSERVATION,0
2017,AFTER_E1_NOT_EXPECTED,0
2018,E1_PROCESSED,1296
2018,WARMUP_PROCESSED,0
2018,NO_STOCK_IN_ADJUSTED_KEYS,0
2018,NO_SUBSEQUENT_OBSERVATION,0
2018,AFTER_E1_NOT_EXPECTED,0
2019,E1_PROCESSED,1367
2019,WARMUP_PROCESSED,0
2019,NO_STOCK_IN_ADJUSTED_KEYS,0
2019,NO_SUBSEQUENT_OBSERVATION,0
2019,AFTER_E1_NOT_EXPECTED,0
2020,E1_PROCESSED,1371
2020,WARMUP_PROCESSED,0
2020,NO_STOCK_IN_ADJUSTED_KEYS,0
2020,NO_SUBSEQUENT_OBSERVATION,0
2020,AFTER_E1_NOT_EXPECTED,0
2021,E1_PROCESSED,1477
2021,WARMUP_PROCESSED,0
2021,NO_STOCK_IN_ADJUSTED_KEYS,0
2021,NO_SUBSEQUENT_OBSERVATION,0
2021,AFTER_E1_NOT_EXPECTED,0
2022,E1_PROCESSED,0
2022,WARMUP_PROCESSED,0
2022,NO_STOCK_IN_ADJUSTED_KEYS,1
2022,NO_SUBSEQUENT_OBSERVATION,0
2022,AFTER_E1_NOT_EXPECTED,1546
2023,E1_PROCESSED,0
2023,WARMUP_PROCESSED,0
2023,NO_STOCK_IN_ADJUSTED_KEYS,9
2023,NO_SUBSEQUENT_OBSERVATION,0
2023,AFTER_E1_NOT_EXPECTED,1572
2024,E1_PROCESSED,0
2024,WARMUP_PROCESSED,0
2024,NO_STOCK_IN_ADJUSTED_KEYS,42
2024,NO_SUBSEQUENT_OBSERVATION,0
2024,AFTER_E1_NOT_EXPECTED,1542
2025,E1_PROCESSED,0
2025,WARMUP_PROCESSED,0
2025,NO_STOCK_IN_ADJUSTED_KEYS,104
2025,NO_SUBSEQUENT_OBSERVATION,0
2025,AFTER_E1_NOT_EXPECTED,1545
2026,E1_PROCESSED,0
2026,WARMUP_PROCESSED,0
2026,NO_STOCK_IN_ADJUSTED_KEYS,147
2026,NO_SUBSEQUENT_OBSERVATION,0
2026,AFTER_E1_NOT_EXPECTED,1315
