year,raw_rows,first,last,invalid_price,ratio_excluded,valid_pre_group,normalized_rows,collapsed_rows
2015,0,,,0,0,0,0,0
2016,0,,,0,0,0,0,0
2017,1252,2017-01-10,2017-12-27,0,0,1252,1252,0
2018,1297,2018-01-09,2018-12-28,0,1,1296,1296,0
2019,1367,2019-01-02,2019-12-27,0,0,1367,1367,0
2020,1371,2020-01-02,2020-12-30,0,0,1371,1371,0
2021,1477,2021-01-05,2021-12-23,0,0,1477,1477,0
2022,1548,2022-01-03,2022-12-28,0,1,1547,1547,0
2023,1581,2023-01-04,2023-12-27,0,0,1581,1581,0
2024,1586,2024-01-03,2024-12-30,0,2,1584,1584,0
2025,1649,2025-01-02,2025-12-31,0,0,1649,1649,0
2026,1463,2026-01-05,2026-08-28,0,1,1462,1462,0
