date,stock_id,adjusted_close,Trading_money,raw_close,raw_Trading_money,source,future_factor,rebuild_round_once,rebuild_sequential_round4,diff_round_once,diff_sequential,match_round_once,match_sequential,fixed_other_qualifiers,adjusted_counts,raw_counts,adjusted_turnover_pct,p2_060_excluded
2016-01-04,1101,12.190094,275489048,26.15,275489048,TWSE_MI_INDEX,0.484534331911344,12.6706,12.6705,-0.480506,-0.480406,False,False,True,True,True,0.0682326621923937,False
2016-01-04,1216,34.690681,401162364,53.9,401162364,TWSE_MI_INDEX,0.663724765595017,35.7748,35.7747,-1.084119,-1.084019,False,False,True,True,True,0.0447427293064877,False
2016-01-04,2317,56.457689,2804319760,79,2804319760,TWSE_MI_INDEX,0.679017783003739,53.6424,53.6424,2.815289,2.815289,False,False,False,False,False,,True
2016-01-04,2330,104.959,6137797502,139.5,6137797502,TWSE_MI_INDEX,0.784161400184783,109.3905,109.3907,-4.4315,-4.43169999999999,False,False,True,True,True,0.00111856823266219,False
2016-06-24,2330,119.6307,13854488100,159,13854488100,TWSE_MI_INDEX,0.784161400184783,124.6817,124.6815,-5.051,-5.0508,False,False,True,True,True,0.00107874865156419,False
2016-06-27,2330,121.5854,6739714431,155.5,6739714431,TWSE_MI_INDEX,0.784161400184783,121.9371,121.937,-0.351699999999994,-0.351599999999991,False,False,True,True,True,0.00109051254089422,False
2016-08-03,1216,42.478385,543035515,66,543035515,TWSE_MI_INDEX,0.663724765595017,43.8058,43.8059,-1.32741499999999,-1.327515,False,False,True,True,True,0.0165118679050568,False
2016-08-04,1216,42.146523,763869550,63.5,763869550,TWSE_MI_INDEX,0.663724765595017,42.1465,42.1465,2.2999999998774e-05,2.2999999998774e-05,True,True,True,True,True,0.013265306122449,False
2017-01-03,1101,17.035679,101450502,35.15,101450502,TWSE_MI_INDEX,0.484534331911344,17.0314,17.0313,0.00427899999999681,0.00437899999999658,False,False,True,True,True,0.107892107892108,False
2017-01-03,1216,35.37653,146961901,53.3,146961901,TWSE_MI_INDEX,0.663724765595017,35.3765,35.3766,3.0000000002417e-05,-7.00000000009027e-05,True,True,True,True,True,0.0769230769230769,False
2017-01-03,2317,69.448305,1294730044,84.3,1294730044,TWSE_MI_INDEX,0.679017783003739,57.2412,57.2411,12.207105,12.207205,False,False,False,False,False,,True
2017-01-03,2330,143.0877,4300648272,183,4300648272,TWSE_MI_INDEX,0.784161400184783,143.5015,143.5016,-0.413799999999981,-0.413899999999984,False,False,True,True,True,0.000999000999000999,False
2018-01-02,1101,18.457631,499370945,36.55,499370945,TWSE_MI_INDEX,0.504869347288232,18.453,18.453,0.00463099999999983,0.00463099999999983,False,False,True,True,True,0.0406360424028269,False
2018-01-02,1216,46.254241,415959326,67.2,415959326,TWSE_MI_INDEX,0.688307164320758,46.2542,46.2542,4.10000000030664e-05,4.10000000030664e-05,True,True,True,True,True,0.0485865724381625,False
2018-01-02,2317,81.352552,2717808150,95,2717808150,TWSE_MI_INDEX,0.70582111654336,67.053,67.053,14.299552,14.299552,False,False,False,False,False,,True
2018-01-02,2330,187.8515,4188555408,232.5,4188555408,TWSE_MI_INDEX,0.810300113524276,188.3948,188.395,-0.543300000000016,-0.543500000000023,False,False,True,True,True,0.00088339222614841,False
2019-01-02,1101,20.396696,234262829,35.5,234262829,TWSE_MI_INDEX,0.574554821163241,20.3967,20.3967,-4.00000000055911e-06,-4.00000000055911e-06,True,True,True,True,True,0.0609090909090909,False
2019-01-02,1216,50.538836,340664448,68.3,340664448,TWSE_MI_INDEX,0.739953677332548,50.5388,50.5389,3.60000000014793e-05,-6.39999999947349e-05,True,True,True,True,True,0.04,False
2019-01-02,2317,50.669169,1182131473,70.1,1182131473,TWSE_MI_INDEX,0.722787970306422,50.6674,50.6675,0.00176899999999591,0.0016689999999997,False,False,False,False,False,,True
2019-01-02,2330,183.8117,7276419230,219.5,7276419230,TWSE_MI_INDEX,0.839832691693726,184.3433,184.3433,-0.531599999999997,-0.531599999999997,False,False,True,True,True,0.000909090909090909,False
2020-01-02,1101,29.320676,813465904,44.1,813465904,TWSE_MI_INDEX,0.664867940761571,29.3207,29.3207,-2.3999999999802e-05,-2.3999999999802e-05,True,True,True,True,True,0.0294840294840295,False
2020-01-02,1216,56.657582,345260154,74.2,345260154,TWSE_MI_INDEX,0.76357927367139,56.6576,56.6575,-1.80000000042924e-05,8.19999999990273e-05,True,True,True,True,True,0.0655200655200655,False
2020-01-02,2317,69.027583,1886677519,90.8,1886677519,TWSE_MI_INDEX,0.760189676402485,69.0252,69.0252,0.00238300000000891,0.00238300000000891,False,False,False,False,False,,True
2020-01-02,2330,297.6995,11224165450,339,11224165450,TWSE_MI_INDEX,0.880709327920545,298.5605,298.5604,-0.86099999999999,-0.860900000000015,False,False,True,True,True,0.000819000819000819,False
2021-01-04,1101,31.875578,594543948,43.2,594543948,TWSE_MI_INDEX,0.737860602515824,31.8756,31.8756,-2.1999999997746e-05,-2.1999999997746e-05,True,True,True,True,True,0.072234762979684,False
2021-01-04,1216,53.510113,589739680,67.6,589739680,TWSE_MI_INDEX,0.791569716254652,53.5101,53.5102,1.29999999955999e-05,-8.70000000006144e-05,True,True,True,True,True,0.0744920993227991,False
2021-01-04,2317,79.849723,22587972258,99.9,22587972258,TWSE_MI_INDEX,0.799269194650838,79.847,79.847,0.00272300000000314,0.00272300000000314,False,False,False,False,False,,True
2021-01-04,2330,484.0638,21127581248,536,21127581248,TWSE_MI_INDEX,0.905716150777415,485.4639,485.4639,-1.40010000000001,-1.40010000000001,False,False,True,True,True,0.000752445447705041,False
