date,stock_id,step,event_date,ratio,value_before,value_after_round4,cumulative_factor,rounding_error_bound
2016-01-04,1101,1,2017-07-25,0.959722222222222,26.15,25.0967,0.959722222222222,5e-05
2016-01-04,1101,2,2018-07-26,0.878713968957871,25.0967,22.0528,0.843321322985957,9.39356984478936e-05
2016-01-04,1101,3,2019-08-13,0.864163822525597,22.0528,19.0572,0.728767778088888,0.000131175832242344
2016-01-04,1101,4,2020-08-12,0.901075268817204,19.0572,17.172,0.656674621546762,0.00016819929830009
2016-01-04,1101,5,2021-08-12,0.934050880626223,17.172,16.0395,0.613367508540644,0.000207106702697912
2016-01-04,1101,6,2022-07-21,0.887259615384615,16.0395,14.2312,0.544216219717192,0.000233757413379325
2016-01-04,1101,7,2023-07-11,0.986431478968792,14.2312,14.0381,0.536832010494435,0.000280585670999687
2016-01-04,1101,8,2024-07-01,0.970760233918129,14.0381,13.6276,0.521135168082317,0.000322381411613731
2016-01-04,1101,9,2025-07-02,0.961759082217973,13.6276,13.1065,0.501206480966358,0.000360053250557757
2016-01-04,1101,10,2026-07-01,0.966735966735967,13.1065,12.6705,0.484534331911344,0.000398076427254381
2016-01-04,1216,1,2017-08-03,0.964285714285714,53.9,51.975,0.964285714285714,5e-05
2016-01-04,1216,2,2018-08-02,0.930203045685279,51.975,48.3473,0.896981508339377,9.6510152284264e-05
2016-01-04,1216,3,2019-08-01,0.969059405940594,48.3473,46.8514,0.869228367611054,0.000143524070839825
2016-01-04,1216,4,2020-08-06,0.964639321074965,46.8514,45.1947,0.838491862391427,0.000188448962252844
2016-01-04,1216,5,2021-09-09,0.961918194640338,45.1947,43.4736,0.806560578492177,0.000231272485552101
2016-01-04,1216,6,2022-08-04,0.960583941605839,43.4736,41.76,0.774769139631901,0.000272156635756617
2016-01-04,1216,7,2023-08-03,0.958661417322835,41.76,40.0337,0.742741281497511,0.000310906066168253
2016-01-04,1216,8,2024-08-01,0.964243146603099,40.0337,38.6022,0.716183190383178,0.000349789043540067
2016-01-04,1216,9,2025-07-31,0.96372430471584,38.6022,37.2019,0.690203147201201,0.00038710020278287
2016-01-04,1216,10,2026-07-30,0.961636828644501,37.2019,35.7747,0.663724765595017,0.000422249811371763
2016-01-04,2317,1,2017-07-13,0.962025316455696,79,76,0.962025316455696,5e-05
2016-01-04,2317,2,2018-07-25,0.976525821596244,76,74.216,0.939442562548286,9.88262910798122e-05
2016-01-04,2317,3,2019-07-25,0.95079950799508,74.216,70.5645,0.893221526260547,0.000143963988935664
2016-01-04,2317,4,2020-07-23,0.951105937136205,70.5645,67.1143,0.849548296804269,0.000186925004610521
2016-01-04,2317,5,2021-07-22,0.964444444444444,67.1143,64.728,0.819342135140117,0.000230278782224369
2016-01-04,2317,6,2022-07-04,0.950943396226415,64.728,61.5527,0.779147992661545,0.000268982087247325
2016-01-04,2317,7,2023-07-04,0.953913043478261,61.5527,58.7159,0.743239432999752,0.000306585521487231
2016-01-04,2317,8,2024-07-02,0.975,58.7159,57.248,0.724658447174758,0.00034892088345005
2016-01-04,2317,9,2025-07-02,0.964954682779456,57.248,55.2417,0.699262562016972,0.00038669284040467
2016-01-04,2317,10,2026-07-02,0.971048387096774,55.2417,53.6424,0.679017783003739,0.000425497458976826
2016-01-04,2330,1,2017-06-26,0.967741935483871,139.5,135,0.967741935483871,5e-05
2016-01-04,2330,2,2018-06-25,0.964835164835165,135,130.2527,0.933711449840482,9.82417582417583e-05
2016-01-04,2330,3,2019-06-24,0.967806841046278,130.2527,126.0595,0.903652328718857,0.000145079045702788
2016-01-04,2330,4,2019-09-19,0.99250936329588,126.0595,125.1152,0.896883397417592,0.000193992311278048
2016-01-04,2330,5,2019-12-19,0.992743105950653,125.1152,124.2073,0.890374809627914,0.000242584529628715
2016-01-04,2330,6,2020-03-19,0.990384615384615,124.2073,123.013,0.881813513381492,0.000290251986074593
2016-01-04,2330,7,2020-06-18,0.992063492063492,123.013,122.0367,0.87481499343402,0.000337948398883525
2016-01-04,2330,8,2020-09-17,0.994541484716157,122.0367,121.3706,0.870039802421826,0.000386103702383069
2016-01-04,2330,9,2020-12-17,0.9951171875,121.3706,120.778,0.865791561199063,0.000434218430398777
2016-01-04,2330,10,2021-03-17,0.995921696574225,120.778,120.2854,0.862260600509018,0.000482447555886547
2016-01-04,2330,11,2021-06-17,0.995867768595041,120.2854,119.7884,0.858697540176336,0.000530453970944867
2016-01-04,2330,12,2021-09-16,0.995469522240527,119.7884,119.2457,0.854807230068453,0.000578050761027077
2016-01-04,2330,13,2021-12-16,0.995416666666667,119.2457,118.6992,0.850889363597306,0.000625401361705703
2016-01-04,2330,14,2022-03-16,0.995071684587814,118.6992,118.1142,0.846695912432624,0.000672319186536007
2016-01-04,2330,15,2022-06-16,0.994597249508841,118.1142,117.4761,0.842121425675866,0.000718686813720734
2016-01-04,2330,16,2022-09-15,0.994270833333333,117.4761,116.8031,0.837296771674598,0.000764569337183792
2016-01-04,2330,17,2022-12-15,0.994276795005203,116.8031,116.1346,0.832504750608823,0.000810193550134353
2016-01-04,2330,18,2023-03-16,0.994618395303327,116.1346,115.5096,0.828024539132943,0.000855833408719736
2016-01-04,2330,19,2023-06-15,0.995338983050847,115.5096,114.9712,0.824165102721731,0.000901844354696042
2016-01-04,2330,20,2023-09-14,0.994454713493531,114.9712,114.3337,0.819594871098505,0.00094684336936501
2016-01-04,2330,21,2023-12-14,0.994800693240901,114.3337,113.7392,0.81533354594548,0.000991920440234863
2016-01-04,2330,22,2024-03-18,0.99535192563081,113.7392,113.2105,0.81154381498823,0.00103730992026033
2016-01-04,2330,23,2024-06-13,0.996149614961496,113.2105,112.7746,0.808419058824909,0.00108331587766307
2016-01-04,2330,24,2024-09-12,0.995549389567148,112.7746,112.2727,0.804821100527586,0.00112849446071587
2016-01-04,2330,25,2024-12-12,0.996172248803828,112.2727,111.8429,0.801740445597337,0.00117417486469399
2016-01-04,2330,26,2025-03-18,0.995350515463918,111.8429,111.3229,0.79801276579358,0.00121871555681794
2016-01-04,2330,27,2025-06-12,0.995765258215962,111.3229,110.8515,0.794633387790079,0.00126355461112662
2016-01-04,2330,28,2025-09-16,0.99600796812749,110.8515,110.409,0.79146118597906,0.00130851046084635
2016-01-04,2330,29,2025-12-11,0.996671096345515,110.409,110.0415,0.788826487944671,0.00135415455559131
2016-01-04,2330,30,2026-03-17,0.996742547425474,110.0415,109.683,0.786256923070662,0.00139974346134789
2016-01-04,2330,31,2026-06-11,0.997334811529933,109.683,109.3907,0.784161400184784,0.00144601288121365
2016-06-24,2330,1,2017-06-26,0.967741935483871,159,153.871,0.967741935483871,5e-05
2016-06-24,2330,2,2018-06-25,0.964835164835165,153.871,148.4602,0.933711449840482,9.82417582417583e-05
2016-06-24,2330,3,2019-06-24,0.967806841046278,148.4602,143.6808,0.903652328718857,0.000145079045702788
2016-06-24,2330,4,2019-09-19,0.99250936329588,143.6808,142.6045,0.896883397417592,0.000193992311278048
2016-06-24,2330,5,2019-12-19,0.992743105950653,142.6045,141.5696,0.890374809627914,0.000242584529628715
2016-06-24,2330,6,2020-03-19,0.990384615384615,141.5696,140.2084,0.881813513381492,0.000290251986074593
2016-06-24,2330,7,2020-06-18,0.992063492063492,140.2084,139.0956,0.87481499343402,0.000337948398883525
2016-06-24,2330,8,2020-09-17,0.994541484716157,139.0956,138.3363,0.870039802421826,0.000386103702383069
2016-06-24,2330,9,2020-12-17,0.9951171875,138.3363,137.6608,0.865791561199063,0.000434218430398777
2016-06-24,2330,10,2021-03-17,0.995921696574225,137.6608,137.0994,0.862260600509018,0.000482447555886547
2016-06-24,2330,11,2021-06-17,0.995867768595041,137.0994,136.5329,0.858697540176336,0.000530453970944867
2016-06-24,2330,12,2021-09-16,0.995469522240527,136.5329,135.9143,0.854807230068453,0.000578050761027077
2016-06-24,2330,13,2021-12-16,0.995416666666667,135.9143,135.2914,0.850889363597306,0.000625401361705703
2016-06-24,2330,14,2022-03-16,0.995071684587814,135.2914,134.6246,0.846695912432624,0.000672319186536007
2016-06-24,2330,15,2022-06-16,0.994597249508841,134.6246,133.8973,0.842121425675866,0.000718686813720734
2016-06-24,2330,16,2022-09-15,0.994270833333333,133.8973,133.1302,0.837296771674598,0.000764569337183792
2016-06-24,2330,17,2022-12-15,0.994276795005203,133.1302,132.3683,0.832504750608823,0.000810193550134353
2016-06-24,2330,18,2023-03-16,0.994618395303327,132.3683,131.6559,0.828024539132943,0.000855833408719736
2016-06-24,2330,19,2023-06-15,0.995338983050847,131.6559,131.0422,0.824165102721731,0.000901844354696042
2016-06-24,2330,20,2023-09-14,0.994454713493531,131.0422,130.3155,0.819594871098505,0.00094684336936501
2016-06-24,2330,21,2023-12-14,0.994800693240901,130.3155,129.6379,0.81533354594548,0.000991920440234863
2016-06-24,2330,22,2024-03-18,0.99535192563081,129.6379,129.0353,0.81154381498823,0.00103730992026033
2016-06-24,2330,23,2024-06-13,0.996149614961496,129.0353,128.5385,0.808419058824909,0.00108331587766307
2016-06-24,2330,24,2024-09-12,0.995549389567148,128.5385,127.9664,0.804821100527586,0.00112849446071587
2016-06-24,2330,25,2024-12-12,0.996172248803828,127.9664,127.4766,0.801740445597337,0.00117417486469399
2016-06-24,2330,26,2025-03-18,0.995350515463918,127.4766,126.8839,0.79801276579358,0.00121871555681794
2016-06-24,2330,27,2025-06-12,0.995765258215962,126.8839,126.3466,0.794633387790079,0.00126355461112662
2016-06-24,2330,28,2025-09-16,0.99600796812749,126.3466,125.8422,0.79146118597906,0.00130851046084635
2016-06-24,2330,29,2025-12-11,0.996671096345515,125.8422,125.4233,0.788826487944671,0.00135415455559131
2016-06-24,2330,30,2026-03-17,0.996742547425474,125.4233,125.0147,0.786256923070662,0.00139974346134789
2016-06-24,2330,31,2026-06-11,0.997334811529933,125.0147,124.6815,0.784161400184784,0.00144601288121365
2016-06-27,2330,1,2017-06-26,0.967741935483871,155.5,150.4839,0.967741935483871,5e-05
2016-06-27,2330,2,2018-06-25,0.964835164835165,150.4839,145.1922,0.933711449840482,9.82417582417583e-05
2016-06-27,2330,3,2019-06-24,0.967806841046278,145.1922,140.518,0.903652328718857,0.000145079045702788
2016-06-27,2330,4,2019-09-19,0.99250936329588,140.518,139.4654,0.896883397417592,0.000193992311278048
2016-06-27,2330,5,2019-12-19,0.992743105950653,139.4654,138.4533,0.890374809627914,0.000242584529628715
2016-06-27,2330,6,2020-03-19,0.990384615384615,138.4533,137.122,0.881813513381492,0.000290251986074593
2016-06-27,2330,7,2020-06-18,0.992063492063492,137.122,136.0337,0.87481499343402,0.000337948398883525
2016-06-27,2330,8,2020-09-17,0.994541484716157,136.0337,135.2912,0.870039802421826,0.000386103702383069
2016-06-27,2330,9,2020-12-17,0.9951171875,135.2912,134.6306,0.865791561199063,0.000434218430398777
2016-06-27,2330,10,2021-03-17,0.995921696574225,134.6306,134.0815,0.862260600509018,0.000482447555886547
2016-06-27,2330,11,2021-06-17,0.995867768595041,134.0815,133.5274,0.858697540176336,0.000530453970944867
2016-06-27,2330,12,2021-09-16,0.995469522240527,133.5274,132.9225,0.854807230068453,0.000578050761027077
2016-06-27,2330,13,2021-12-16,0.995416666666667,132.9225,132.3133,0.850889363597306,0.000625401361705703
2016-06-27,2330,14,2022-03-16,0.995071684587814,132.3133,131.6612,0.846695912432624,0.000672319186536007
2016-06-27,2330,15,2022-06-16,0.994597249508841,131.6612,130.9499,0.842121425675866,0.000718686813720734
2016-06-27,2330,16,2022-09-15,0.994270833333333,130.9499,130.1997,0.837296771674598,0.000764569337183792
2016-06-27,2330,17,2022-12-15,0.994276795005203,130.1997,129.4545,0.832504750608823,0.000810193550134353
2016-06-27,2330,18,2023-03-16,0.994618395303327,129.4545,128.7578,0.828024539132943,0.000855833408719736
2016-06-27,2330,19,2023-06-15,0.995338983050847,128.7578,128.1577,0.824165102721731,0.000901844354696042
2016-06-27,2330,20,2023-09-14,0.994454713493531,128.1577,127.447,0.819594871098505,0.00094684336936501
2016-06-27,2330,21,2023-12-14,0.994800693240901,127.447,126.7844,0.81533354594548,0.000991920440234863
2016-06-27,2330,22,2024-03-18,0.99535192563081,126.7844,126.1951,0.81154381498823,0.00103730992026033
2016-06-27,2330,23,2024-06-13,0.996149614961496,126.1951,125.7092,0.808419058824909,0.00108331587766307
2016-06-27,2330,24,2024-09-12,0.995549389567148,125.7092,125.1497,0.804821100527586,0.00112849446071587
2016-06-27,2330,25,2024-12-12,0.996172248803828,125.1497,124.6707,0.801740445597337,0.00117417486469399
2016-06-27,2330,26,2025-03-18,0.995350515463918,124.6707,124.091,0.79801276579358,0.00121871555681794
2016-06-27,2330,27,2025-06-12,0.995765258215962,124.091,123.5655,0.794633387790079,0.00126355461112662
2016-06-27,2330,28,2025-09-16,0.99600796812749,123.5655,123.0722,0.79146118597906,0.00130851046084635
2016-06-27,2330,29,2025-12-11,0.996671096345515,123.0722,122.6625,0.788826487944671,0.00135415455559131
2016-06-27,2330,30,2026-03-17,0.996742547425474,122.6625,122.2629,0.786256923070662,0.00139974346134789
2016-06-27,2330,31,2026-06-11,0.997334811529933,122.2629,121.937,0.784161400184784,0.00144601288121365
2016-08-03,1216,1,2017-08-03,0.964285714285714,66,63.6429,0.964285714285714,5e-05
2016-08-03,1216,2,2018-08-02,0.930203045685279,63.6429,59.2008,0.896981508339377,9.6510152284264e-05
2016-08-03,1216,3,2019-08-01,0.969059405940594,59.2008,57.3691,0.869228367611054,0.000143524070839825
2016-08-03,1216,4,2020-08-06,0.964639321074965,57.3691,55.3405,0.838491862391427,0.000188448962252844
2016-08-03,1216,5,2021-09-09,0.961918194640338,55.3405,53.233,0.806560578492177,0.000231272485552101
2016-08-03,1216,6,2022-08-04,0.960583941605839,53.233,51.1348,0.774769139631901,0.000272156635756617
2016-08-03,1216,7,2023-08-03,0.958661417322835,51.1348,49.021,0.742741281497511,0.000310906066168253
2016-08-03,1216,8,2024-08-01,0.964243146603099,49.021,47.2682,0.716183190383178,0.000349789043540067
2016-08-03,1216,9,2025-07-31,0.96372430471584,47.2682,45.5535,0.690203147201201,0.00038710020278287
2016-08-03,1216,10,2026-07-30,0.961636828644501,45.5535,43.8059,0.663724765595017,0.000422249811371763
2016-08-04,1216,1,2017-08-03,0.964285714285714,63.5,61.2321,0.964285714285714,5e-05
2016-08-04,1216,2,2018-08-02,0.930203045685279,61.2321,56.9583,0.896981508339377,9.6510152284264e-05
2016-08-04,1216,3,2019-08-01,0.969059405940594,56.9583,55.196,0.869228367611054,0.000143524070839825
2016-08-04,1216,4,2020-08-06,0.964639321074965,55.196,53.2442,0.838491862391427,0.000188448962252844
2016-08-04,1216,5,2021-09-09,0.961918194640338,53.2442,51.2166,0.806560578492177,0.000231272485552101
2016-08-04,1216,6,2022-08-04,0.960583941605839,51.2166,49.1978,0.774769139631901,0.000272156635756617
2016-08-04,1216,7,2023-08-03,0.958661417322835,49.1978,47.164,0.742741281497511,0.000310906066168253
2016-08-04,1216,8,2024-08-01,0.964243146603099,47.164,45.4776,0.716183190383178,0.000349789043540067
2016-08-04,1216,9,2025-07-31,0.96372430471584,45.4776,43.8279,0.690203147201201,0.00038710020278287
2016-08-04,1216,10,2026-07-30,0.961636828644501,43.8279,42.1465,0.663724765595017,0.000422249811371763
2017-01-03,1101,1,2017-07-25,0.959722222222222,35.15,33.7342,0.959722222222222,5e-05
2017-01-03,1101,2,2018-07-26,0.878713968957871,33.7342,29.6427,0.843321322985957,9.39356984478936e-05
2017-01-03,1101,3,2019-08-13,0.864163822525597,29.6427,25.6161,0.728767778088888,0.000131175832242344
2017-01-03,1101,4,2020-08-12,0.901075268817204,25.6161,23.082,0.656674621546762,0.00016819929830009
2017-01-03,1101,5,2021-08-12,0.934050880626223,23.082,21.5598,0.613367508540644,0.000207106702697912
2017-01-03,1101,6,2022-07-21,0.887259615384615,21.5598,19.1291,0.544216219717192,0.000233757413379325
2017-01-03,1101,7,2023-07-11,0.986431478968792,19.1291,18.8695,0.536832010494435,0.000280585670999687
2017-01-03,1101,8,2024-07-01,0.970760233918129,18.8695,18.3178,0.521135168082317,0.000322381411613731
2017-01-03,1101,9,2025-07-02,0.961759082217973,18.3178,17.6173,0.501206480966358,0.000360053250557757
2017-01-03,1101,10,2026-07-01,0.966735966735967,17.6173,17.0313,0.484534331911344,0.000398076427254381
2017-01-03,1216,1,2017-08-03,0.964285714285714,53.3,51.3964,0.964285714285714,5e-05
2017-01-03,1216,2,2018-08-02,0.930203045685279,51.3964,47.8091,0.896981508339377,9.6510152284264e-05
2017-01-03,1216,3,2019-08-01,0.969059405940594,47.8091,46.3299,0.869228367611054,0.000143524070839825
2017-01-03,1216,4,2020-08-06,0.964639321074965,46.3299,44.6916,0.838491862391427,0.000188448962252844
2017-01-03,1216,5,2021-09-09,0.961918194640338,44.6916,42.9897,0.806560578492177,0.000231272485552101
2017-01-03,1216,6,2022-08-04,0.960583941605839,42.9897,41.2952,0.774769139631901,0.000272156635756617
2017-01-03,1216,7,2023-08-03,0.958661417322835,41.2952,39.5881,0.742741281497511,0.000310906066168253
2017-01-03,1216,8,2024-08-01,0.964243146603099,39.5881,38.1726,0.716183190383178,0.000349789043540067
2017-01-03,1216,9,2025-07-31,0.96372430471584,38.1726,36.7879,0.690203147201201,0.00038710020278287
2017-01-03,1216,10,2026-07-30,0.961636828644501,36.7879,35.3766,0.663724765595017,0.000422249811371763
2017-01-03,2317,1,2017-07-13,0.962025316455696,84.3,81.0987,0.962025316455696,5e-05
2017-01-03,2317,2,2018-07-25,0.976525821596244,81.0987,79.195,0.939442562548286,9.88262910798122e-05
2017-01-03,2317,3,2019-07-25,0.95079950799508,79.195,75.2986,0.893221526260547,0.000143963988935664
2017-01-03,2317,4,2020-07-23,0.951105937136205,75.2986,71.6169,0.849548296804269,0.000186925004610521
2017-01-03,2317,5,2021-07-22,0.964444444444444,71.6169,69.0705,0.819342135140117,0.000230278782224369
2017-01-03,2317,6,2022-07-04,0.950943396226415,69.0705,65.6821,0.779147992661545,0.000268982087247325
2017-01-03,2317,7,2023-07-04,0.953913043478261,65.6821,62.655,0.743239432999752,0.000306585521487231
2017-01-03,2317,8,2024-07-02,0.975,62.655,61.0886,0.724658447174758,0.00034892088345005
2017-01-03,2317,9,2025-07-02,0.964954682779456,61.0886,58.9477,0.699262562016972,0.00038669284040467
2017-01-03,2317,10,2026-07-02,0.971048387096774,58.9477,57.2411,0.679017783003739,0.000425497458976826
2017-01-03,2330,1,2017-06-26,0.967741935483871,183,177.0968,0.967741935483871,5e-05
2017-01-03,2330,2,2018-06-25,0.964835164835165,177.0968,170.8692,0.933711449840482,9.82417582417583e-05
2017-01-03,2330,3,2019-06-24,0.967806841046278,170.8692,165.3684,0.903652328718857,0.000145079045702788
2017-01-03,2330,4,2019-09-19,0.99250936329588,165.3684,164.1297,0.896883397417592,0.000193992311278048
2017-01-03,2330,5,2019-12-19,0.992743105950653,164.1297,162.9386,0.890374809627914,0.000242584529628715
2017-01-03,2330,6,2020-03-19,0.990384615384615,162.9386,161.3719,0.881813513381492,0.000290251986074593
2017-01-03,2330,7,2020-06-18,0.992063492063492,161.3719,160.0912,0.87481499343402,0.000337948398883525
2017-01-03,2330,8,2020-09-17,0.994541484716157,160.0912,159.2173,0.870039802421826,0.000386103702383069
2017-01-03,2330,9,2020-12-17,0.9951171875,159.2173,158.4399,0.865791561199063,0.000434218430398777
2017-01-03,2330,10,2021-03-17,0.995921696574225,158.4399,157.7937,0.862260600509018,0.000482447555886547
2017-01-03,2330,11,2021-06-17,0.995867768595041,157.7937,157.1417,0.858697540176336,0.000530453970944867
2017-01-03,2330,12,2021-09-16,0.995469522240527,157.1417,156.4298,0.854807230068453,0.000578050761027077
2017-01-03,2330,13,2021-12-16,0.995416666666667,156.4298,155.7128,0.850889363597306,0.000625401361705703
2017-01-03,2330,14,2022-03-16,0.995071684587814,155.7128,154.9454,0.846695912432624,0.000672319186536007
2017-01-03,2330,15,2022-06-16,0.994597249508841,154.9454,154.1083,0.842121425675866,0.000718686813720734
2017-01-03,2330,16,2022-09-15,0.994270833333333,154.1083,153.2254,0.837296771674598,0.000764569337183792
2017-01-03,2330,17,2022-12-15,0.994276795005203,153.2254,152.3485,0.832504750608823,0.000810193550134353
2017-01-03,2330,18,2023-03-16,0.994618395303327,152.3485,151.5286,0.828024539132943,0.000855833408719736
2017-01-03,2330,19,2023-06-15,0.995338983050847,151.5286,150.8223,0.824165102721731,0.000901844354696042
2017-01-03,2330,20,2023-09-14,0.994454713493531,150.8223,149.9859,0.819594871098505,0.00094684336936501
2017-01-03,2330,21,2023-12-14,0.994800693240901,149.9859,149.2061,0.81533354594548,0.000991920440234863
2017-01-03,2330,22,2024-03-18,0.99535192563081,149.2061,148.5126,0.81154381498823,0.00103730992026033
2017-01-03,2330,23,2024-06-13,0.996149614961496,148.5126,147.9408,0.808419058824909,0.00108331587766307
2017-01-03,2330,24,2024-09-12,0.995549389567148,147.9408,147.2824,0.804821100527586,0.00112849446071587
2017-01-03,2330,25,2024-12-12,0.996172248803828,147.2824,146.7186,0.801740445597337,0.00117417486469399
2017-01-03,2330,26,2025-03-18,0.995350515463918,146.7186,146.0364,0.79801276579358,0.00121871555681794
2017-01-03,2330,27,2025-06-12,0.995765258215962,146.0364,145.418,0.794633387790079,0.00126355461112662
2017-01-03,2330,28,2025-09-16,0.99600796812749,145.418,144.8375,0.79146118597906,0.00130851046084635
2017-01-03,2330,29,2025-12-11,0.996671096345515,144.8375,144.3553,0.788826487944671,0.00135415455559131
2017-01-03,2330,30,2026-03-17,0.996742547425474,144.3553,143.8851,0.786256923070662,0.00139974346134789
2017-01-03,2330,31,2026-06-11,0.997334811529933,143.8851,143.5016,0.784161400184784,0.00144601288121365
2018-01-02,1101,1,2018-07-26,0.878713968957871,36.55,32.117,0.878713968957871,5e-05
2018-01-02,1101,2,2019-08-13,0.864163822525597,32.117,27.7543,0.759352822321273,9.32081911262799e-05
2018-01-02,1101,3,2020-08-12,0.901075268817204,27.7543,25.0087,0.684234048500244,0.000133987595875078
2018-01-02,1101,4,2021-08-12,0.934050880626223,25.0087,23.3594,0.639109415556099,0.000175151231920107
2018-01-02,1101,5,2022-07-21,0.887259615384615,23.3594,20.7259,0.56705597423499,0.000205404614667576
2018-01-02,1101,6,2023-07-11,0.986431478968792,20.7259,20.4447,0.559361863322711,0.000252617577833552
2018-01-02,1101,7,2024-07-01,0.970760233918129,20.4447,19.8469,0.543006253284035,0.00029523109894953
2018-01-02,1101,8,2025-07-02,0.961759082217973,19.8469,19.0879,0.522241195797074,0.000333941190767903
2018-01-02,1101,9,2026-07-01,0.966735966735967,19.0879,18.453,0.504869347288232,0.000372832959889969
2018-01-02,1216,1,2018-08-02,0.930203045685279,67.2,62.5096,0.930203045685279,5e-05
2018-01-02,1216,2,2019-08-01,0.969059405940594,62.5096,60.5755,0.901422010855908,9.84529702970297e-05
2018-01-02,1216,3,2020-08-06,0.964639321074965,60.5755,58.4335,0.869547116554072,0.00014497160642514
2018-01-02,1216,4,2021-09-09,0.961918194640338,58.4335,56.2082,0.836433192510405,0.000189450825926581
2018-01-02,1216,5,2022-08-04,0.960583941605839,56.2082,53.9927,0.803464292951601,0.000231983421109037
2018-01-02,1216,6,2023-08-03,0.958661417322835,53.9927,51.7607,0.770250217849271,0.000272393555275789
2018-01-02,1216,7,2024-08-01,0.964243146603099,51.7607,49.9099,0.742708493730703,0.000312653618853532
2018-01-02,1216,8,2025-07-31,0.96372430471584,49.9099,48.0994,0.715766226727171,0.000351311891446512
2018-01-02,1216,9,2026-07-30,0.961636828644501,48.0994,46.2542,0.688307164320758,0.000387834453155725
2018-01-02,2317,1,2018-07-25,0.976525821596244,95,92.77,0.976525821596244,5e-05
2018-01-02,2317,2,2019-07-25,0.95079950799508,92.77,88.2057,0.9284802707182,9.7539975399754e-05
2018-01-02,2317,3,2020-07-23,0.951105937136205,88.2057,83.893,0.883083097993911,0.000142770849710825
2018-01-02,2317,4,2021-07-22,0.964444444444444,83.893,80.9101,0.851684587843016,0.000187694552832218
2018-01-02,2317,5,2022-07-04,0.950943396226415,80.9101,76.9409,0.809903834477133,0.000228486895523468
2018-01-02,2317,6,2023-07-04,0.953913043478261,76.9409,73.3949,0.772577831670795,0.000267956629903691
2018-01-02,2317,7,2024-07-02,0.975,73.3949,71.56,0.753263385879025,0.000311257714156099
2018-01-02,2317,8,2025-07-02,0.964954682779456,71.56,69.0522,0.726865031570274,0.000350349588826157
2018-01-02,2317,9,2026-07-02,0.971048387096774,69.0522,67.053,0.70582111654336,0.000390206403149658
2018-01-02,2330,1,2018-06-25,0.964835164835165,232.5,224.3242,0.964835164835165,5e-05
2018-01-02,2330,2,2019-06-24,0.967806841046278,224.3242,217.1025,0.933774073009486,9.83903420523139e-05
2018-01-02,2330,3,2019-09-19,0.99250936329588,217.1025,215.4763,0.926779510664845,0.000147653335744806
2018-01-02,2330,4,2019-12-19,0.992743105950653,215.4763,213.9126,0.920053969948845,0.000196581831131273
2018-01-02,2330,5,2020-03-19,0.990384615384615,213.9126,211.8557,0.911207297160875,0.000244691621216549
2018-01-02,2330,6,2020-06-18,0.992063492063492,211.8557,210.1743,0.903975493215154,0.000292749624222767
2018-01-02,2330,7,2020-09-17,0.994541484716157,210.1743,209.0271,0.89904112916922,0.000341151645924608
2018-01-02,2330,8,2020-12-17,0.9951171875,209.0271,208.0065,0.894651279905698,0.000389485866403492
2018-01-02,2330,9,2021-03-17,0.995921696574225,208.0065,207.1582,0.891002620525985,0.000437897424860248
2018-01-02,2330,10,2021-06-17,0.995867768595041,207.1582,206.3022,0.887320791515547,0.00048608793136909
2018-01-02,2330,11,2021-09-16,0.995469522240527,206.3022,205.3676,0.883300804404068,0.000533885720806874
2018-01-02,2330,12,2021-12-16,0.995416666666667,205.3676,204.4263,0.879252342383883,0.000581438744586509
2018-01-02,2330,13,2022-03-16,0.995071684587814,204.4263,203.4188,0.874919109513711,0.000628573231060321
2018-01-02,2330,14,2022-06-16,0.994597249508841,203.4188,202.3198,0.870192139865061,0.00067517720672748
2018-01-02,2330,15,2022-09-15,0.994270833333333,202.3198,201.1607,0.865206664063751,0.000721309003980604
2018-01-02,2330,16,2022-12-15,0.994276795005203,201.1607,200.0094,0.86025490896245,0.00076718080468623
2018-01-02,2330,17,2023-03-16,0.994618395303327,200.0094,198.933,0.855625357104041,0.000813052140864533
2018-01-02,2330,18,2023-06-15,0.995338983050847,198.933,198.0058,0.851637272812455,0.000859262491055419
2018-01-02,2330,19,2023-09-14,0.994454713493531,198.0058,196.9078,0.846914700135121,0.000904497634358254
2018-01-02,2330,20,2023-12-14,0.994800693240901,196.9078,195.884,0.842511330810329,0.000949794873694346
2018-01-02,2330,21,2024-03-18,0.99535192563081,195.884,194.9735,0.838595275487837,0.00099538015648594
2018-01-02,2330,22,2024-06-13,0.996149614961496,194.9735,194.2228,0.835366360785739,0.00104154755962378
2018-01-02,2330,23,2024-09-12,0.995549389567148,194.2228,193.3584,0.831648470545172,0.00108691203718861
2018-01-02,2330,24,2024-12-12,0.996172248803828,193.3584,192.6183,0.828465127117248,0.00113275160833813
2018-01-02,2330,25,2025-03-18,0.995350515463918,192.6183,191.7227,0.824613191320033,0.00117748489725194
2018-01-02,2330,26,2025-06-12,0.995765258215962,191.7227,190.9108,0.821121167383081,0.00122249855275747
2018-01-02,2330,27,2025-09-16,0.99600796812749,190.9108,190.1487,0.817843225511695,0.00126761829957076
2018-01-02,2330,28,2025-12-11,0.996671096345515,190.1487,189.5157,0.815120704209493,0.00131339852038083
2018-01-02,2330,29,2026-03-17,0.996742547425474,189.5157,188.8984,0.812465487173017,0.00135912018698924
2018-01-02,2330,30,2026-06-11,0.997334811529933,188.8984,188.395,0.810300113524276,0.00140549787553744
2019-01-02,1101,1,2019-08-13,0.864163822525597,35.5,30.6778,0.864163822525597,5e-05
2019-01-02,1101,2,2020-08-12,0.901075268817204,30.6778,27.643,0.778676648684355,9.50537634408602e-05
2019-01-02,1101,3,2021-08-12,0.934050880626223,27.643,25.82,0.727323609426698,0.000138785051448772
2019-01-02,1101,4,2022-07-21,0.887259615384615,25.82,22.909,0.645324865960082,0.000173138371369572
2019-01-02,1101,5,2023-07-11,0.986431478968792,22.909,22.5982,0.636568761944342,0.000220789139736335
2019-01-02,1101,6,2024-07-01,0.970760233918129,22.5982,21.9374,0.617955640250063,0.000264333316937027
2019-01-02,1101,7,2025-07-02,0.961759082217973,21.9374,21.0985,0.59432444941832,0.000304224968296987
2019-01-02,1101,8,2026-07-01,0.966735966735967,21.0985,20.3967,0.574554821163241,0.000344105218831807
2019-01-02,1216,1,2019-08-01,0.969059405940594,68.3,66.1868,0.969059405940594,5e-05
2019-01-02,1216,2,2020-08-06,0.964639321074965,66.1868,63.8464,0.934792807427843,9.82319660537482e-05
2019-01-02,1216,3,2021-09-09,0.961918194640338,63.8464,61.415,0.899194209683765,0.000144491115442392
2019-01-02,1216,4,2022-08-04,0.960583941605839,61.415,58.9943,0.863751518207178,0.000188795845198678
2019-01-02,1216,5,2023-08-03,0.958661417322835,58.9943,56.5556,0.828045254659244,0.000230991292542827
2019-01-02,1216,6,2024-08-01,0.964243146603099,56.5556,54.5333,0.798436961882393,0.000272731770759412
2019-01-02,1216,7,2025-07-31,0.96372430471584,54.5333,52.5551,0.769473105949537,0.000312838236149035
2019-01-02,1216,8,2026-07-30,0.961636828644501,52.5551,50.5389,0.739953677332547,0.000350836769289097
2019-01-02,2317,1,2019-07-25,0.95079950799508,70.1,66.651,0.95079950799508,5e-05
2019-01-02,2317,2,2020-07-23,0.951105937136205,66.651,63.3922,0.904311057080303,9.75552968568102e-05
2019-01-02,2317,3,2021-07-22,0.964444444444444,63.3922,61.1383,0.872157775050781,0.000144086664079679
2019-01-02,2317,4,2022-07-04,0.950943396226415,61.1383,58.1391,0.829372676652063,0.000187018261690865
2019-01-02,2317,5,2023-07-04,0.953913043478261,58.1391,55.4596,0.791149414162881,0.000228399159195547
2019-01-02,2317,6,2024-07-02,0.975,55.4596,54.0731,0.771370678808809,0.000272689180215658
2019-01-02,2317,7,2025-07-02,0.964954682779456,54.0731,52.1781,0.744337748675328,0.00031313270139239
2019-01-02,2317,8,2026-07-02,0.971048387096774,52.1781,50.6675,0.722787970306422,0.000354067004634336
2019-01-02,2330,1,2019-06-24,0.967806841046278,219.5,212.4336,0.967806841046278,5e-05
2019-01-02,2330,2,2019-09-19,0.99250936329588,212.4336,210.8423,0.960557351600238,9.9625468164794e-05
2019-01-02,2330,3,2019-12-19,0.992743105950653,210.8423,209.3122,0.953586688671354,0.000148902496697706
2019-01-02,2330,4,2020-03-19,0.990384615384615,209.3122,207.2996,0.944417585895668,0.000197470741921766
2019-01-02,2330,5,2020-06-18,0.992063492063492,207.2996,205.6544,0.936922208229829,0.000245903513811276
2019-01-02,2330,6,2020-09-17,0.994541484716157,205.6544,204.5318,0.931808004036435,0.000294561245722786
2019-01-02,2330,7,2020-12-17,0.9951171875,204.5318,203.5331,0.927258160266726,0.000343122958390156
2019-01-02,2330,8,2021-03-17,0.995921696574225,203.5331,202.703,0.923476520135132,0.000391723598853491
2019-01-02,2330,9,2021-06-17,0.995867768595041,202.703,201.8654,0.919660501456888,0.000440104906296245
2019-01-02,2330,10,2021-09-16,0.995469522240527,201.8654,200.9509,0.915494000008772,0.000488111020806435
2019-01-02,2330,11,2021-12-16,0.995416666666667,200.9509,200.0299,0.911297985842065,0.000535873845294406
2019-01-02,2330,12,2022-03-16,0.995071684587814,200.0299,199.0441,0.906806821933345,0.000583232889963654
2019-01-02,2330,13,2022-06-16,0.994597249508841,199.0441,197.9687,0.901907570930758,0.000630081828180942
2019-01-02,2330,14,2022-09-15,0.994270833333333,197.9687,196.8345,0.896740392138968,0.000676471984373656
2019-01-02,2330,15,2022-12-15,0.994276795005203,196.8345,195.708,0.891608163047642,0.000722600396533848
2019-01-02,2330,16,2023-03-16,0.994618395303327,195.708,194.6548,0.886809880369792,0.000768711646846044
2019-01-02,2330,17,2023-06-15,0.995338983050847,194.6548,193.7475,0.882676444486713,0.000815128668831084
2019-01-02,2330,18,2023-09-14,0.994454713493531,193.7475,192.6731,0.877781750709522,0.000860608546822778
2019-01-02,2330,19,2023-12-14,0.994800693240901,192.6731,191.6713,0.873217894120044,0.000906133978988344
2019-01-02,2330,20,2024-03-18,0.99535192563081,191.6713,190.7804,0.869159112407667,0.000951922200865557
2019-01-02,2330,21,2024-06-13,0.996149614961496,190.7804,190.0458,0.865812515165173,0.000998256933865524
2019-01-02,2330,22,2024-09-12,0.995549389567148,190.0458,189.2,0.861959120952285,0.00104381408114099
2019-01-02,2330,23,2024-12-12,0.996172248803828,189.2,188.4758,0.858659755896008,0.00108981862054333
2019-01-02,2330,24,2025-03-18,0.995350515463918,188.4758,187.5995,0.854667430639214,0.00113475152571997
2019-01-02,2330,25,2025-06-12,0.995765258215962,187.5995,186.8051,0.85104813475923,0.00117994614601951
2019-01-02,2330,26,2025-09-16,0.99600796812749,186.8051,186.0594,0.847650723480231,0.00122523576339675
2019-01-02,2330,27,2025-12-11,0.996671096345515,186.0594,185.44,0.844828975889111,0.00127115707158638
2019-01-02,2330,28,2026-03-17,0.996742547425474,185.44,184.8359,0.842076985566567,0.00131701633771091
2019-01-02,2330,29,2026-06-11,0.997334811529933,184.8359,184.3433,0.839832691693726,0.00136350624095275
2020-01-02,1101,1,2020-08-12,0.901075268817204,44.1,39.7374,0.901075268817204,5e-05
2020-01-02,1101,2,2021-08-12,0.934050880626223,39.7374,37.1168,0.84165014834922,9.67025440313112e-05
2020-01-02,1101,3,2022-07-21,0.887259615384615,37.1168,32.9322,0.746762186912734,0.000135800262023935
2020-01-02,1101,4,2023-07-11,0.986431478968792,32.9322,32.4854,0.736629728474298,0.00018395765331262
2020-01-02,1101,5,2024-07-01,0.970760233918129,32.4854,31.5355,0.715090847524757,0.000228578774560789
2020-01-02,1101,6,2025-07-02,0.961759082217973,31.5355,30.3296,0.687745117217883,0.000269837712436093
2020-01-02,1101,7,2026-07-01,0.966735966735967,30.3296,29.3207,0.664867940761571,0.000310861821793728
2020-01-02,1216,1,2020-08-06,0.964639321074965,74.2,71.5762,0.964639321074965,5e-05
2020-01-02,1216,2,2021-09-09,0.961918194640338,71.5762,68.8504,0.927904114207512,9.80959097320169e-05
2020-01-02,1216,3,2022-08-04,0.960583941605839,68.8504,66.1366,0.891329791457727,0.000144229355625791
2020-01-02,1216,4,2023-08-03,0.958661417322835,66.1366,63.4026,0.854483481180931,0.00018826711848378
2020-01-02,1216,5,2024-08-01,0.964243146603099,63.4026,61.1355,0.82392984061427,0.000231535278728699
2020-01-02,1216,6,2025-07-31,0.96372430471584,61.1355,58.9178,0.794041212780621,0.000273136175510004
2020-01-02,1216,7,2026-07-30,0.961636828644501,58.9178,56.6575,0.76357927367139,0.000312657805605528
2020-01-02,2317,1,2020-07-23,0.951105937136205,90.8,86.3604,0.951105937136205,5e-05
2020-01-02,2317,2,2021-07-22,0.964444444444444,86.3604,83.2898,0.91728883714914,9.82222222222222e-05
2020-01-02,2317,3,2022-07-04,0.950943396226415,83.2898,79.2039,0.872289762119182,0.000143403773584906
2020-01-02,2317,4,2023-07-04,0.953913043478261,79.2039,75.5536,0.832088581778037,0.000186794730106645
2020-01-02,2317,5,2024-07-02,0.975,75.5536,73.6648,0.811286367233586,0.000232124861853979
2020-01-02,2317,6,2025-07-02,0.964954682779456,73.6648,71.0832,0.782854579137182,0.000273989972435531
2020-01-02,2317,7,2026-07-02,0.971048387096774,71.0832,69.0252,0.760189676402485,0.000316057520814212
2020-01-02,2330,1,2020-03-19,0.990384615384615,339,335.7404,0.990384615384615,5e-05
2020-01-02,2330,2,2020-06-18,0.992063492063492,335.7404,333.0758,0.98252442002442,9.96031746031746e-05
2020-01-02,2330,3,2020-09-17,0.994541484716157,333.0758,331.2577,0.977161295460968,0.000149059489152284
2020-01-02,2330,4,2020-12-17,0.9951171875,331.2577,329.6402,0.972390000072975,0.000198331659615408
2020-01-02,2330,5,2021-03-17,0.995921696574225,329.6402,328.2958,0.968424298604488,0.000247522802928558
2020-01-02,2330,6,2021-06-17,0.995867768595041,328.2958,326.9392,0.96442254530447,0.000296499981428854
2020-01-02,2330,7,2021-09-16,0.995469522240527,326.9392,325.458,0.960053250412234,0.000345156694857306
2020-01-02,2330,8,2021-12-16,0.995416666666667,325.458,323.9663,0.955653006347844,0.000393574726672543
2020-01-02,2330,9,2022-03-16,0.995071684587814,323.9663,322.3697,0.950943246907958,0.000441635066281236
2020-01-02,2330,10,2022-06-16,0.994597249508841,322.3697,320.628,0.945805537813661,0.000489249022209972
2020-01-02,2330,11,2022-09-15,0.994270833333333,320.628,318.7911,0.94038686025327,0.000536446033020227
2020-01-02,2330,12,2022-12-15,0.994276795005203,318.7911,316.9666,0.935004833477627,0.000583375842404607
2020-01-02,2330,13,2023-03-16,0.994618395303327,316.9666,315.2608,0.929973007074372,0.000630236344231197
2020-01-02,2330,14,2023-06-15,0.995338983050847,315.2608,313.7914,0.925638387126144,0.000677298801948763
2020-01-02,2330,15,2023-09-14,0.994454713493531,313.7914,312.0513,0.920505457068143,0.000723542986041469
2020-01-02,2330,16,2023-12-14,0.994800693240901,312.0513,310.4288,0.915719466823422,0.000769781064103645
2020-01-02,2330,17,2024-03-18,0.99535192563081,310.4288,308.9859,0.911463134640311,0.000816203064469697
2020-01-02,2330,18,2024-06-13,0.996149614961496,308.9859,307.7962,0.907953650623545,0.000863060368401882
2020-01-02,2330,19,2024-09-12,0.995549389567148,307.7962,306.4263,0.903912702633533,0.000909219222922091
2020-01-02,2330,20,2024-12-12,0.996172248803828,306.4263,305.2534,0.900452749704792,0.000955738957953968
2020-01-02,2330,21,2025-03-18,0.995350515463918,305.2534,303.8341,0.896266108569567,0.00100129526444843
2020-01-02,2330,22,2025-06-12,0.995765258215962,303.8341,302.5474,0.892470653029991,0.00104705503755391
2020-01-02,2330,23,2025-09-16,0.99600796812749,302.5474,301.3396,0.888907881737815,0.00109287516047172
2020-01-02,2330,24,2025-12-11,0.996671096345515,301.3396,300.3365,0.885948793041798,0.00113923708435613
2020-01-02,2330,25,2026-03-17,0.996742547425474,300.3365,299.3582,0.883062856865006,0.0011855260735827
2020-01-02,2330,26,2026-06-11,0.997334811529933,299.3582,298.5604,0.880709327920545,0.00123236642316043
2021-01-04,1101,1,2021-08-12,0.934050880626223,43.2,40.351,0.934050880626223,5e-05
2021-01-04,1101,2,2022-07-21,0.887259615384615,40.351,35.8018,0.828745625094084,9.43629807692308e-05
2021-01-04,1101,3,2023-07-11,0.986431478968792,35.8018,35.316,0.817500772650473,0.000143082614680096
2021-01-04,1101,4,2024-07-01,0.970760233918129,35.316,34.2834,0.793597241286425,0.000188898912496467
2021-01-04,1101,5,2025-07-02,0.961759082217973,34.2834,32.9724,0.763249354430347,0.000231675244714576
2021-01-04,1101,6,2026-07-01,0.966735966735967,32.9724,31.8756,0.737860602515824,0.000273968791667937
2021-01-04,1216,1,2021-09-09,0.961918194640338,67.6,65.0257,0.961918194640338,5e-05
2021-01-04,1216,2,2022-08-04,0.960583941605839,65.0257,62.4626,0.924003170909989,9.8029197080292e-05
2021-01-04,1216,3,2023-08-03,0.958661417322835,62.4626,59.8805,0.885806189435364,0.000143976809012012
2021-01-04,1216,4,2024-08-01,0.964243146603099,59.8805,57.7394,0.854132547381656,0.000188828651359616
2021-01-04,1216,5,2025-07-31,0.96372430471584,57.7394,55.6449,0.823148295360556,0.000231978760741976
2021-01-04,1216,6,2026-07-30,0.961636828644501,55.6449,53.5102,0.791569716254652,0.000273079319792795
2021-01-04,2317,1,2021-07-22,0.964444444444444,99.9,96.348,0.964444444444444,5e-05
2021-01-04,2317,2,2022-07-04,0.950943396226415,96.348,91.6215,0.917132075471698,9.75471698113208e-05
2021-01-04,2317,3,2023-07-04,0.953913043478261,91.6215,87.3989,0.874864249384742,0.000143051517637408
2021-01-04,2317,4,2024-07-02,0.975,87.3989,85.2139,0.852992643150123,0.000189475229696473
2021-01-04,2317,5,2025-07-02,0.964954682779456,85.2139,82.2276,0.823099245384137,0.000232835010166324
2021-01-04,2317,6,2026-07-02,0.971048387096774,82.2276,79.847,0.799269194650838,0.00027609406108167
2021-01-04,2330,1,2021-03-17,0.995921696574225,536,533.814,0.995921696574225,5e-05
2021-01-04,2330,2,2021-06-17,0.995867768595041,533.814,531.6082,0.991806317662761,9.97933884297521e-05
2021-01-04,2330,3,2021-09-16,0.995469522240527,531.6082,529.1998,0.987312961198886,0.000149341276702929
2021-01-04,2330,4,2021-12-16,0.995416666666667,529.1998,526.7743,0.982787776793391,0.000198656795851374
2021-01-04,2330,5,2022-03-16,0.995071684587814,526.7743,524.1782,0.977944288646111,0.000247677752502644
2021-01-04,2330,6,2022-06-16,0.994597249508841,524.1782,521.3462,0.972660699660302,0.000296339611403661
2021-01-04,2330,7,2022-09-15,0.994270833333333,521.3462,518.3593,0.967088164401832,0.000344641832379994
2021-01-04,2330,8,2022-12-15,0.994276795005203,518.3593,515.3926,0.961553320588918,0.000392669376523501
2021-01-04,2330,9,2023-03-16,0.994618395303327,515.3926,512.619,0.956378620722735,0.000440556185162562
2021-01-04,2330,10,2023-06-15,0.995338983050847,512.619,510.2297,0.951920923761739,0.000488502745316466
2021-01-04,2330,11,2023-09-14,0.994454713493531,510.2297,507.4003,0.946642249507977,0.000535793857634489
2021-01-04,2330,12,2023-12-14,0.994800693240901,507.4003,504.7622,0.941720366061662,0.000583008101009006
2021-01-04,2330,13,2024-03-18,0.99535192563081,504.7622,502.416,0.937343179765227,0.000630298235997676
2021-01-04,2330,14,2024-06-13,0.996149614961496,502.416,500.4815,0.933734047609915,0.000677871345099995
2021-01-04,2330,15,2024-09-12,0.995549389567148,500.4815,498.2541,0.929578361116113,0.000724854403819362
2021-01-04,2330,16,2024-12-12,0.996172248803828,498.2541,496.3469,0.926020166432415,0.000772079841508091
2021-01-04,2330,17,2025-03-18,0.995350515463918,496.3469,494.0391,0.921714649988487,0.000818490068224379
2021-01-04,2330,18,2025-06-12,0.995765258215962,494.0391,491.947,0.917811426447221,0.000865023974132649
2021-01-04,2330,19,2025-09-16,0.99600796812749,491.947,489.9831,0.91414749397989,0.000911570770857426
2021-01-04,2330,20,2025-12-11,0.996671096345515,489.9831,488.352,0.911104385046442,0.000958536239586997
2021-01-04,2330,21,2026-03-17,0.996742547425474,488.352,486.7612,0.908136505721711,0.00100541385324558
2021-01-04,2330,22,2026-06-11,0.997334811529933,486.7612,485.4639,0.905716150777415,0.00105273423583626
