date,stock_id,year,StockEarningsDistribution,StockStatutorySurplus,StockExDividendTradingDate,TotalEmployeeStockDividend,TotalEmployeeStockDividendAmount,RatioOfEmployeeStockDividendOfTotal,RatioOfEmployeeStockDividend,CashEarningsDistribution,CashStatutorySurplus,CashExDividendTradingDate,CashDividendPaymentDate,TotalEmployeeCashDividend,TotalNumberOfCashCapitalIncrease,CashIncreaseSubscriptionRate,CashIncreaseSubscriptionpRrice,RemunerationOfDirectorsAndSupervisors,ParticipateDistributionOfTotalShares,AnnouncementDate,AnnouncementTime,available_date
2014-07-23,1101,102年,0,0,,0,0,0,0,2.3,0,2014-07-17,,0,0,0,0,86385293,0,2014-06-30,10:40:36,2014-06-30
2015-07-29,1101,103年,0,0,,0,0,0,0,2.49,0,2015-07-23,2015-08-21,58612166,0,0,0,93455858,0,2015-06-24,17:05:37,2015-06-24
2016-07-31,1101,104年,0,0,,0,0,0,0,1.33,0,2016-07-25,2016-08-26,0,0,0,0,0,0,2016-07-04,16:27:46,2016-07-04
2017-07-31,1101,105年,0,0,,0,0,0,0,1.45,0,2017-07-25,2017-08-25,0,0,0,0,0,0,2017-07-10,14:41:07,2017-07-10
2018-08-01,1101,106年,1,0,2018-07-26,0,0,0,0,1.5,0,2018-07-26,2018-08-24,0,0,0,0,0,0,2018-07-11,17:28:09,2018-07-11
2018-11-26,1101,107年,0,0,2018-11-20,0,0,0,0,0,0,,,0,200000000,3.132347612,50,0,0,2018-11-13,17:33:30,2018-11-13
2019-08-19,1101,107年,0.70108841,0,2019-08-13,0,0,0,0,3.30513111,0,2019-08-13,2019-09-12,0,0,0,0,0,5100059911,2019-07-29,16:00:28,2019-07-29
2020-08-18,1101,108年,0.50016326,0,2020-08-12,0,0,0,0,2.50081632,0,2020-08-12,2020-09-16,0,0,0,0,0,5455837699,2020-07-28,17:27:37,2020-07-28
2021-08-18,1101,109年,0,0,,0,0,0,0,3.36811984,0,2021-08-12,2021-09-10,0,0,0,0,0,6114519410,2021-07-28,16:21:20,2021-07-28
2022-07-27,1101,110年,0.99928258,0,2022-07-21,0,0,0,0,0.99928258,0,2022-07-21,2022-08-22,0,0,0,0,0,6120564402,2022-07-07,12:05:06,2022-07-07
2023-07-17,1101,111年,0,0,,0,0,0,0,0.49971973,0,2023-07-11,2023-08-09,0,0,0,0,0,7136181742,2023-06-21,16:58:45,2023-06-21
2024-07-07,1101,112年,0,0,,0,0,0,0,1,0,2024-07-01,2024-07-26,0,0,0,0,0,7531181742,2024-06-13,17:29:52,2024-06-13
2025-07-08,1101,113年,0,0,,0,0,0,0,1,0,2025-07-02,2025-07-29,0,0,0,0,0,7531181742,2025-06-10,09:14:14,2025-06-10
2026-07-07,1101,114年,0,0,,0,0,0,0,0,0.8,2026-07-01,2026-07-28,0,0,0,0,0,7493181742,2026-06-15,14:28:42,2026-06-15
2014-08-15,1216,102年,0.6,0,2014-08-07,0,0,0,0,1.5,0,2014-08-07,2014-09-11,1068486193,0,0,0,228478232,0,2014-07-15,10:55:06,2014-07-15
2015-08-14,1216,103年,0.4,0,2015-08-06,0,0,0,0,1.4,0,2015-08-06,2015-09-10,971108690,0,0,0,199475580,0,2015-07-17,16:48:40,2015-07-17
2016-08-12,1216,104年,0,0,,0,0,0,0,2,0,2016-08-04,2016-09-09,0,0,0,0,0,0,2016-07-20,17:17:55,2016-07-20
2017-08-11,1216,105年,0,0,,0,0,0,0,2.1,0,2017-08-03,2017-09-08,0,0,0,0,0,0,2017-07-10,10:57:36,2017-07-10
2018-08-10,1216,106年,0,0,,0,0,0,0,5.5,0,2018-08-02,2018-09-07,0,0,0,0,0,0,2018-07-13,11:49:05,2018-07-13
2019-08-09,1216,107年,0,0,,0,0,0,0,2.5,0,2019-08-01,2019-09-06,0,0,0,0,0,5682015421,2019-07-15,14:34:36,2019-07-15
2020-08-14,1216,108年,0,0,,0,0,0,0,2.5,0,2020-08-06,2020-09-11,0,0,0,0,0,5682015421,2020-07-15,10:09:33,2020-07-15
2021-09-17,1216,109年,0,0,,0,0,0,0,2.7,0,2021-09-09,2021-10-15,0,0,0,0,0,5682015421,2021-08-18,16:45:27,2021-08-18
2022-08-11,1216,110年,0,0,,0,0,0,0,2.7,0,2022-08-04,2022-09-08,0,0,0,0,0,5682015421,2022-07-15,15:59:12,2022-07-15
2023-08-11,1216,111年,0,0,,0,0,0,0,3.15,0,2023-08-03,2023-09-08,0,0,0,0,0,5682015421,2023-07-12,15:53:05,2023-07-12
2024-08-09,1216,112年,0,0,,0,0,0,0,3,0,2024-08-01,2024-09-06,0,0,0,0,0,5682015421,2024-07-11,09:37:32,2024-07-11
2025-08-08,1216,113年,0,0,,0,0,0,0,3,0,2025-07-31,2025-09-05,0,0,0,0,0,5682015421,2025-07-02,16:29:04,2025-07-02
2026-08-07,1216,114年,0,0,,0,0,0,0,3,0,2026-07-30,2026-09-04,0,0,0,0,0,5682015421,2026-07-08,14:25:03,2026-07-08
2014-09-03,2317,102年,1.2,0,2014-08-28,89255202,892552020,5.36,0.00679848,1.8,0,2014-08-28,2014-09-30,44,0,0,0,0,0,2014-08-14,18:50:36,2014-08-14
2015-09-10,2317,103年,0.5,0,2015-09-03,105211021,1052110210,12.45,0.00711202,3.8,0,2015-09-03,2015-10-07,6,0,0,0,0,0,2015-08-14,14:52:53,2015-08-14
2016-09-10,2317,104年,1,0,2016-09-02,0,0,0,0,4,0,2016-09-02,2016-10-07,0,0,0,0,0,0,2016-08-18,17:57:04,2016-08-18
2017-07-21,2317,105年,0,0,,0,0,0,0,4.5,0,2017-07-13,2017-08-10,0,0,0,0,0,0,2017-06-26,10:13:08,2017-06-26
2018-07-31,2317,106年,0,0,,0,0,0,0,2,0,2018-07-25,2018-08-24,0,0,0,0,0,0,2018-07-10,16:23:30,2018-07-10
2019-07-31,2317,107年,0,0,,0,0,0,0,4,0,2019-07-25,2019-08-23,0,0,0,0,0,13862990609,2019-07-09,16:57:51,2019-07-09
2020-07-31,2317,108年,0,0,,0,0,0,0,4.2,0,2020-07-23,2020-08-21,0,0,0,0,0,13862990609,2020-07-08,17:55:35,2020-07-08
2021-07-30,2317,109年,0,0,,0,0,0,0,4,0,2021-07-22,2021-08-20,0,0,0,0,0,13862990609,2021-07-07,17:03:38,2021-07-07
2022-07-10,2317,110年,0,0,,0,0,0,0,5.2,0,2022-07-04,2022-07-28,0,0,0,0,0,13862990609,2022-06-08,17:46:35,2022-06-08
2023-07-10,2317,111年,0,0,,0,0,0,0,5.3,0,2023-07-04,2023-07-28,0,0,0,0,0,13862990609,2023-06-06,17:29:16,2023-06-06
2024-07-08,2317,112年,0,0,,0,0,0,0,5.4,0,2024-07-02,2024-07-31,0,0,0,0,0,13862990609,2024-06-05,16:32:08,2024-06-05
2025-07-08,2317,113年,0,0,,0,0,0,0,5.79998376,0,2025-07-02,2025-07-31,0,0,0,0,0,13891740853,2025-06-17,17:36:20,2025-06-17
2026-07-08,2317,114年,0,0,,0,0,0,0,7.17179227,0,2026-07-02,2026-07-31,0,0,0,0,0,14073423920,2026-06-16,14:59:28,2026-06-16
2014-07-20,2330,102年,0,0,,0,0,0,0,2.99991232,0,2014-07-14,,12634664804,0,0,0,104136580,0,2014-06-27,18:08:06,2014-06-27
2015-07-05,2330,103年,0,0,,0,0,0,0,4.49987539,0,2015-06-29,2015-07-23,17645966064,0,0,0,406853980,0,2015-06-11,16:40:18,2015-06-11
2016-07-03,2330,104年,0,0,,0,0,0,0,6,0,2016-06-27,2016-07-21,0,0,0,0,0,0,2016-06-08,15:26:18,2016-06-08
2017-07-02,2330,105年,0,0,,0,0,0,0,7,0,2017-06-26,2017-07-20,0,0,0,0,0,0,2017-06-09,20:16:38,2017-06-09
2018-07-01,2330,106年,0,0,,0,0,0,0,8,0,2018-06-25,2018-07-19,0,0,0,0,0,0,2018-06-07,17:31:43,2018-06-07
2019-06-30,2330,107年,0,0,,0,0,0,0,8,0,2019-06-24,2019-07-18,0,0,0,0,0,25930380458,2019-06-06,15:47:30,2019-06-06
2019-09-25,2330,108年第1季,0,0,,0,0,0,0,2,0,2019-09-19,2019-10-17,0,0,0,0,0,25930380458,2019-07-09,18:33:02,2019-07-09
2019-12-25,2330,108年第2季,0,0,,0,0,0,0,2.5,0,2019-12-19,2020-01-16,0,0,0,0,0,25930380458,2019-08-14,15:27:02,2019-08-14
2020-03-25,2330,108年第3季,0,0,,0,0,0,0,2.5,0,2020-03-19,2020-04-16,0,0,0,0,0,25930380458,2019-11-14,17:01:07,2019-11-14
2020-06-24,2330,108年第4季,0,0,,0,0,0,0,2.5,0,2020-06-18,2020-07-16,0,0,0,0,0,25930380458,2020-02-14,15:10:50,2020-02-14
2020-09-23,2330,109年第1季,0,0,,0,0,0,0,2.5,0,2020-09-17,2020-10-15,0,0,0,0,0,25930380458,2020-05-14,10:51:55,2020-05-14
2020-12-23,2330,109年第2季,0,0,,0,0,0,0,2.5,0,2020-12-17,2021-01-14,0,0,0,0,0,25930380458,2020-08-17,14:14:09,2020-08-17
2021-03-23,2330,109年第3季,0,0,,0,0,0,0,2.5,0,2021-03-17,2021-04-15,0,0,0,0,0,25930380458,2020-11-12,17:05:40,2020-11-12
2021-06-23,2330,109年第4季,0,0,,0,0,0,0,2.5,0,2021-06-17,2021-07-15,0,0,0,0,0,25930380458,2021-03-22,15:58:28,2021-03-22
2021-09-22,2330,110年第1季,0,0,,0,0,0,0,2.75,0,2021-09-16,2021-10-14,0,0,0,0,0,25930380458,2021-06-16,16:04:33,2021-06-16
2021-12-22,2330,110年第2季,0,0,,0,0,0,0,2.75,0,2021-12-16,2022-01-13,0,0,0,0,0,25930380458,2021-08-13,17:15:33,2021-08-13
2022-03-22,2330,110年第3季,0,0,,0,0,0,0,2.75,0,2022-03-16,2022-04-14,0,0,0,0,0,25930380458,2022-03-01,18:07:32,2022-03-01
2022-06-22,2330,110年第4季,0,0,,0,0,0,0,2.75,0,2022-06-16,2022-07-14,0,0,0,0,0,25930380458,2022-05-18,18:08:54,2022-05-18
2022-09-21,2330,111年第1季,0,0,,0,0,0,0,2.75,0,2022-09-15,2022-10-13,0,0,0,0,0,25930380458,2022-08-30,16:21:02,2022-08-30
2022-12-21,2330,111年第2季,0,0,,0,0,0,0,2.75,0,2022-12-15,2023-01-12,0,0,0,0,0,25930380458,2022-11-30,15:47:04,2022-11-30
2023-03-22,2330,111年第3季,0,0,,0,0,0,0,2.74982072,0,2023-03-16,2023-04-13,0,0,0,0,0,25932070992,2023-03-01,18:28:29,2023-03-01
2023-06-21,2330,111年第4季,0,0,,0,0,0,0,2.74982072,0,2023-06-15,2023-07-13,0,0,0,0,0,25932070992,2023-05-31,18:00:54,2023-05-31
2023-09-20,2330,112年第1季,0,0,,0,0,0,0,3,0,2023-09-14,2023-10-12,0,0,0,0,0,25932070992,2023-08-30,16:11:42,2023-08-30
2023-12-20,2330,112年第2季,0,0,,0,0,0,0,3,0,2023-12-14,2024-01-11,0,0,0,0,0,25932070992,2023-11-29,17:48:27,2023-11-29
2024-03-24,2330,112年第3季,0,0,,0,0,0,0,3.49978969,0,2024-03-18,2024-04-11,0,0,0,0,0,25933629242,2024-03-01,18:54:24,2024-03-01
2024-06-19,2330,112年第4季,0,0,,0,0,0,0,3.49978969,0,2024-06-13,2024-07-11,0,0,0,0,0,25933629242,2024-05-28,16:15:32,2024-05-28
2024-09-18,2330,113年第1季,0,0,,0,0,0,0,4.0001382,0,2024-09-12,2024-10-09,0,0,0,0,0,25932733242,2024-08-28,18:35:39,2024-08-28
2024-12-18,2330,113年第2季,0,0,,0,0,0,0,3.99963706,0,2024-12-12,2025-01-09,0,0,0,0,0,25932733242,2024-11-27,18:07:53,2024-11-27
2025-03-24,2330,113年第3季,0,0,,0,0,0,0,4.50002042,0,2025-03-18,2025-04-10,0,0,0,0,0,25932615521,2025-03-03,17:34:18,2025-03-03
2025-06-18,2330,113年第4季,0,0,,0,0,0,0,4.50002042,0,2025-06-12,2025-07-10,0,0,0,0,0,25932615521,2025-05-28,17:57:38,2025-05-28
2025-09-22,2330,114年第1季,0,0,,0,0,0,0,5.00001754,0,2025-09-16,2025-10-09,0,0,0,0,0,25932524521,2025-09-01,17:35:43,2025-09-01
2025-12-17,2330,114年第2季,0,0,,0,0,0,0,5.00001118,0,2025-12-11,2026-01-08,0,0,0,0,0,25932524521,2025-11-26,17:54:26,2025-11-26
2026-03-23,2330,114年第3季,0,0,,0,0,0,0,6.00003573,0,2026-03-17,2026-04-09,0,0,0,0,0,25932370067,2026-03-02,17:56:48,2026-03-02
2026-06-17,2330,114年第4季,0,0,,0,0,0,0,6.00003573,0,2026-06-11,2026-07-09,0,0,0,0,0,25932370067,2026-05-27,17:50:47,2026-05-27
2026-09-22,2330,115年第1季,0,0,,0,0,0,0,7.00000137,0,2026-09-16,2026-10-08,0,0,0,0,0,25932364970,2026-09-01,16:39:47,2026-09-01
