market,date,stock_id,event,official_reference,official_opening_base,official_limit_up,official_limit_down,official_file,official_sha256,official_url,finmind_reference_price,finmind_limit_up,finmind_limit_down,fetched_at_utc,finmind_response_sha256,limits_match,reference_match,opening_base_match,status
TWSE,2019-06-24,2330,息,240.50,240.50,264.50,216.50,official-twse-2019.json,d75db952c5daf704b50391eb9dd4ba82b09ae22a9b7a3e8203a254c62e13691f,https://www.twse.com.tw/exchangeReport/TWT49U?response=json&startDate=20190101&endDate=20191231,240.5,264.5,216.5,2026-10-08T03:25:34.087491+00:00,0f97debdfc6dfe101c45f8e4352f3bae652ce7fb2898e2157efa8fc491a45f1c,True,True,True,PASS
TWSE,2020-03-19,2330,息,257.50,257.50,283.00,232.00,official-twse-2020.json,68f055d7f7230698393d98c810f20167770affbc652e36eb7925496f5af6a41b,https://www.twse.com.tw/exchangeReport/TWT49U?response=json&startDate=20200101&endDate=20201231,257.5,283.0,232.0,2026-10-08T03:25:42.014866+00:00,b37da4462a15664454e376b3ce234e24eb2eb4f39e779118bf01036b3263449f,True,True,True,PASS
TWSE,2021-03-17,2330,息,610.50,611.00,671.00,550.00,official-twse-2021.json,503122f6bc19299bf57010cdee4d7d54a7116f107f4214f3bf4f2db2201b93bd,https://www.twse.com.tw/exchangeReport/TWT49U?response=json&startDate=20210101&endDate=20211231,610.5,671.0,550.0,2026-10-08T03:25:54.569414+00:00,5f49514187bcdd95d79fa1f289dd56e4e405a1378c41a70b525ac0186b4c1420,True,True,False,PASS
TPEX,2019-07-17,6488,除息,327.50,327.50,360.00,295.00,official-tpex-2019.json,4ff1f6345f1934bb754cc0a3c2ce3037ad73fc2e74c88581c0ba32aa5e2fbaf9,https://www.tpex.org.tw/www/zh-tw/bulletin/exDailyQ?startDate=2019/01/01&endDate=2019/12/31&response=json,327.5,360.0,295.0,2026-10-08T03:26:04.179627+00:00,93cbc7930eda4ffb81314c670904981e73b42a7ada0a12e5b74307eef9a78a40,True,True,True,PASS
TPEX,2020-07-16,6488,除息,401.00,401.00,441.00,361.00,official-tpex-2020.json,69c82f7d3dd217188fd4301cc0362576d509e875d326ebbc629b2be4a729987b,https://www.tpex.org.tw/www/zh-tw/bulletin/exDailyQ?startDate=2020/01/01&endDate=2020/12/31&response=json,401.0,441.0,361.0,2026-10-08T03:26:13.092474+00:00,774b7b98c9ad9c2e8f89d16950db6560eb148ecee670118708ead050da941332,True,True,True,PASS
TPEX,2021-01-21,6488,除息,646.00,646.00,710.00,582.00,official-tpex-2021.json,b969b5c614c44750b694952051fcc356a2272b15af967c67c6663d87d14c3a45,https://www.tpex.org.tw/www/zh-tw/bulletin/exDailyQ?startDate=2021/01/01&endDate=2021/12/31&response=json,646.0,710.0,582.0,2026-10-08T03:26:22.224411+00:00,ea0bd2905fb658380da6ea50492eb131d6eb7049ded5faec9cbe842cf91671b3,True,True,True,PASS
TWSE,2019-01-02,8473,權,56.09,56.20,61.80,50.50,official-twse-2019.json,d75db952c5daf704b50391eb9dd4ba82b09ae22a9b7a3e8203a254c62e13691f,https://www.twse.com.tw/exchangeReport/TWT49U?response=json&startDate=20190101&endDate=20191231,56.09,61.8,50.5,2026-10-08T03:26:30.239426+00:00,33be68db803b5f1364bb6cb8623cce7efe6e076bb88aa7a7b02f9bc2fc4d3a20,True,True,False,PASS
TWSE,2019-01-07,1786,權,67.19,69.00,75.90,60.50,official-twse-2019.json,d75db952c5daf704b50391eb9dd4ba82b09ae22a9b7a3e8203a254c62e13691f,https://www.twse.com.tw/exchangeReport/TWT49U?response=json&startDate=20190101&endDate=20191231,67.19,75.9,60.5,2026-10-08T03:26:38.486663+00:00,bf64f21841fc88f0ea676b5833e56fa9d5ee67fb6ef2cc465c2de0190af41bf5,True,True,False,PASS
TWSE,2019-02-18,2613,權,13.33,13.65,15.00,12.00,official-twse-2019.json,d75db952c5daf704b50391eb9dd4ba82b09ae22a9b7a3e8203a254c62e13691f,https://www.twse.com.tw/exchangeReport/TWT49U?response=json&startDate=20190101&endDate=20191231,13.33,15.0,12.0,2026-10-08T03:26:46.926524+00:00,7f478dca3d49cf1c82b7a856d4b5c4f4c78b5cde0133034ac65b5803bf660499,True,True,False,PASS
TPEX,2019-01-10,4556,除權,34.39,35.20,38.70,31.00,official-tpex-2019.json,4ff1f6345f1934bb754cc0a3c2ce3037ad73fc2e74c88581c0ba32aa5e2fbaf9,https://www.tpex.org.tw/www/zh-tw/bulletin/exDailyQ?startDate=2019/01/01&endDate=2019/12/31&response=json,34.39,38.7,31.0,2026-10-08T03:26:56.586994+00:00,d85b89ef2d2392d741dbb4e8774057cced835053a1d3f5994b633df9adb560f5,True,True,False,PASS
