run_name,universe,parameters,window_sessions,candidates,calculable,unique_tickers,unique_signal_dates,truncated,missing_data,terminal_event_candidates,no_valid_entry_ref,multi_leg_intraday_unresolved,multi_leg_intraday_unresolved_share,cross_boundary_excluded,unresolved_reasons,limit_touch_up_days_total,limit_touch_down_days_total,limit_close_up_days_total,limit_close_down_days_total,all_trade_at_limit_days_total,no_price_limit_days_total,limit_price_unknown_days_total,demeaned_mfe_median,demeaned_mae_median,days_to_mfe_median,days_to_mae_median,order_mfe_first_share,order_mae_first_share,order_same_day_unknown_share,raw_mfe_gt_5pct_share,raw_mfe_gt_10pct_share,raw_mfe_gt_20pct_share,raw_mfe_to_abs_mae_median,raw_mae_zero_ratio_undefined_share,trigger.left_confirm_sessions,trigger.required_closes,trigger.right_confirm_sessions
"anchor_up_daily_surface_v1__all_liquid__trigger.left_confirm_sessions=3,trigger.required_closes=1,trigger.right_confirm_sessions=1",all_liquid,"{""trigger.left_confirm_sessions"": 3, ""trigger.required_closes"": 1, ""trigger.right_confirm_sessions"": 1}",5,47500,47047,1189,1466,0,136,6,114,0,0.0,203,MISSING_OR_INVALID_RAW_PATH_PRICE=136 (0.002863),1773,496,1238,272,75,0,125518,-0.007718255841507329,-0.003477399646943123,2.0,3.0,0.5066635492167407,0.4592216294343954,0.0341148213488639,0.2907368421052632,0.11170526315789474,0.022063157894736844,0.8333333333333357,0.03273322422258593,3,1,1
"anchor_up_daily_surface_v1__all_liquid__trigger.left_confirm_sessions=3,trigger.required_closes=1,trigger.right_confirm_sessions=1",all_liquid,"{""trigger.left_confirm_sessions"": 3, ""trigger.required_closes"": 1, ""trigger.right_confirm_sessions"": 1}",10,47500,46655,1189,1466,0,265,10,114,0,0.0,466,MISSING_OR_INVALID_RAW_PATH_PRICE=265 (0.005579),3038,1130,2166,607,136,0,248809,-0.012195816059062115,-0.0041268200401752275,4.0,5.0,0.5070839138356018,0.48768620726610223,0.005229878898296003,0.41781052631578947,0.1999157894736842,0.055557894736842105,0.9999999999999525,0.023470153252598863,3,1,1
"anchor_up_daily_surface_v1__all_liquid__trigger.left_confirm_sessions=3,trigger.required_closes=1,trigger.right_confirm_sessions=1",all_liquid,"{""trigger.left_confirm_sessions"": 3, ""trigger.required_closes"": 1, ""trigger.right_confirm_sessions"": 1}",20,47500,46053,1189,1466,0,487,20,113,0,0.0,847,MISSING_OR_INVALID_RAW_PATH_PRICE=487 (0.010253),5384,2265,3865,1194,234,0,491930,-0.019607934467598676,-0.004883964451215632,9.0,8.0,0.49358347990358936,0.5056782402883634,0.0007382798080472499,0.5434105263157895,0.32002105263157893,0.1196421052631579,1.1127896410722407,0.017436431937115932,3,1,1
"anchor_up_daily_surface_v1__all_liquid__trigger.left_confirm_sessions=3,trigger.required_closes=2,trigger.right_confirm_sessions=1",all_liquid,"{""trigger.left_confirm_sessions"": 3, ""trigger.required_closes"": 2, ""trigger.right_confirm_sessions"": 1}",5,39958,39512,1218,1463,0,127,4,75,0,0.0,244,MISSING_OR_INVALID_RAW_PATH_PRICE=127 (0.003178),1495,472,1055,272,78,0,106984,-0.006243630604246736,-0.003664710844269,2.0,3.0,0.5035938449078761,0.46246709860295604,0.03393905648916785,0.300340357375244,0.11662245357625507,0.024275489263726913,0.8571428571428554,0.034040291556995346,3,2,1
"anchor_up_daily_surface_v1__all_liquid__trigger.left_confirm_sessions=3,trigger.required_closes=2,trigger.right_confirm_sessions=1",all_liquid,"{""trigger.left_confirm_sessions"": 3, ""trigger.required_closes"": 2, ""trigger.right_confirm_sessions"": 1}",10,39958,39159,1218,1463,0,249,8,75,0,0.0,475,MISSING_OR_INVALID_RAW_PATH_PRICE=249 (0.006232),2661,1068,1898,595,132,0,211762,-0.010583682551990471,-0.004233592888043487,4.0,5.0,0.5067289767358717,0.4881125667151868,0.005158456548941495,0.4298513439111067,0.20416437259122078,0.058636568396816656,0.9999999999999958,0.025715672003881612,3,2,1
"anchor_up_daily_surface_v1__all_liquid__trigger.left_confirm_sessions=3,trigger.required_closes=2,trigger.right_confirm_sessions=1",all_liquid,"{""trigger.left_confirm_sessions"": 3, ""trigger.required_closes"": 2, ""trigger.right_confirm_sessions"": 1}",20,39958,38681,1218,1463,0,425,17,73,0,0.0,779,MISSING_OR_INVALID_RAW_PATH_PRICE=425 (0.010636),4759,2023,3424,1093,213,0,419048,-0.0175713270242739,-0.0055241261325954805,9.0,8.0,0.4925415578707893,0.5067087200434321,0.0007497220857785477,0.5563091245808098,0.3283447620001001,0.12608238650583112,1.133974358974363,0.019260101858793722,3,2,1
"anchor_up_daily_surface_v1__all_liquid__trigger.left_confirm_sessions=3,trigger.required_closes=1,trigger.right_confirm_sessions=2",all_liquid,"{""trigger.left_confirm_sessions"": 3, ""trigger.required_closes"": 1, ""trigger.right_confirm_sessions"": 2}",5,43834,43418,1197,1462,0,129,8,101,0,0.0,186,MISSING_OR_INVALID_RAW_PATH_PRICE=129 (0.002943),1646,478,1142,261,79,0,115266,-0.007635852963457115,-0.0035449406631171375,2.0,3.0,0.5086139389193423,0.4575521673038832,0.03383389377677461,0.28877127344070813,0.11265227905279007,0.022995847971893964,0.8333333333333324,0.034478787599613064,3,1,2
"anchor_up_daily_surface_v1__all_liquid__trigger.left_confirm_sessions=3,trigger.required_closes=1,trigger.right_confirm_sessions=2",all_liquid,"{""trigger.left_confirm_sessions"": 3, ""trigger.required_closes"": 1, ""trigger.right_confirm_sessions"": 2}",10,43834,43007,1197,1462,0,255,11,101,0,0.0,471,MISSING_OR_INVALID_RAW_PATH_PRICE=255 (0.005817),2818,1085,1998,576,135,0,228025,-0.012151136023793044,-0.0042242178980311,4.0,5.0,0.5110795916943753,0.4833166693794034,0.005603738926221313,0.4167313044668522,0.19847606880503718,0.05536797919423279,0.9615384615384627,0.025391215383542214,3,1,2
"anchor_up_daily_surface_v1__all_liquid__trigger.left_confirm_sessions=3,trigger.required_closes=1,trigger.right_confirm_sessions=2",all_liquid,"{""trigger.left_confirm_sessions"": 3, ""trigger.required_closes"": 1, ""trigger.right_confirm_sessions"": 2}",20,43834,42478,1197,1462,0,466,23,100,0,0.0,790,MISSING_OR_INVALID_RAW_PATH_PRICE=466 (0.010631),5022,2164,3594,1146,224,0,451379,-0.01972615638621788,-0.004986921814510867,9.0,8.0,0.4978812561796695,0.501224163096191,0.0008945807241395546,0.5409499475293151,0.3189761372450609,0.11897157457681252,1.0909090909090937,0.01911577757898206,3,1,2
"anchor_up_daily_surface_v1__all_liquid__trigger.left_confirm_sessions=3,trigger.required_closes=2,trigger.right_confirm_sessions=2",all_liquid,"{""trigger.left_confirm_sessions"": 3, ""trigger.required_closes"": 2, ""trigger.right_confirm_sessions"": 2}",5,37166,36754,1210,1463,0,118,4,73,0,0.0,221,MISSING_OR_INVALID_RAW_PATH_PRICE=118 (0.003175),1405,446,989,256,74,0,98932,-0.0062175168565505624,-0.003634889175994879,2.0,3.0,0.50402677259618,0.4618272841051314,0.03414594329868858,0.2990367540224937,0.11631598773072163,0.02402733681321638,0.8571428571428555,0.03444523045110736,3,2,2
"anchor_up_daily_surface_v1__all_liquid__trigger.left_confirm_sessions=3,trigger.required_closes=2,trigger.right_confirm_sessions=2",all_liquid,"{""trigger.left_confirm_sessions"": 3, ""trigger.required_closes"": 2, ""trigger.right_confirm_sessions"": 2}",10,37166,36419,1210,1463,0,232,8,73,0,0.0,442,MISSING_OR_INVALID_RAW_PATH_PRICE=232 (0.006242),2483,1012,1772,564,127,0,195771,-0.010609731359384741,-0.004302744940726171,4.0,5.0,0.5089101842444878,0.48592767511463797,0.0051621406408742685,0.42818705268255935,0.20306193833073238,0.05814454070925039,0.9999999999999876,0.025893077789066146,3,2,2
"anchor_up_daily_surface_v1__all_liquid__trigger.left_confirm_sessions=3,trigger.required_closes=2,trigger.right_confirm_sessions=2",all_liquid,"{""trigger.left_confirm_sessions"": 3, ""trigger.required_closes"": 2, ""trigger.right_confirm_sessions"": 2}",20,37166,35986,1210,1463,0,396,17,71,0,0.0,713,MISSING_OR_INVALID_RAW_PATH_PRICE=396 (0.010655),4454,1897,3203,1036,204,0,387628,-0.017643986670464747,-0.005576676656563362,9.0,8.0,0.49510920913688655,0.5040849219140777,0.0008058689490357361,0.5541085938761233,0.3259968788677824,0.12449550664585912,1.1171171171171175,0.019340854776857666,3,2,2
"anchor_up_daily_surface_v1__all_liquid__trigger.left_confirm_sessions=3,trigger.required_closes=1,trigger.right_confirm_sessions=3",all_liquid,"{""trigger.left_confirm_sessions"": 3, ""trigger.required_closes"": 1, ""trigger.right_confirm_sessions"": 3}",5,41359,40926,1201,1464,0,126,6,95,0,0.0,212,MISSING_OR_INVALID_RAW_PATH_PRICE=126 (0.003046),1602,446,1142,253,90,0,109029,-0.007133805243614386,-0.0034825771828328207,2.0,3.0,0.5100180814152373,0.4560426134975321,0.033939305087230615,0.29115791000749536,0.11279286249667546,0.022679465170821346,0.8333333333333395,0.032986365635537314,3,1,3
"anchor_up_daily_surface_v1__all_liquid__trigger.left_confirm_sessions=3,trigger.required_closes=1,trigger.right_confirm_sessions=3",all_liquid,"{""trigger.left_confirm_sessions"": 3, ""trigger.required_closes"": 1, ""trigger.right_confirm_sessions"": 3}",10,41359,40539,1201,1464,0,245,11,95,0,0.0,480,MISSING_OR_INVALID_RAW_PATH_PRICE=245 (0.005924),2704,1066,1936,587,148,0,215584,-0.012003031931078462,-0.004194283888407008,4.0,5.0,0.5123214682157922,0.4822516588963714,0.005426872887836404,0.41533886215817595,0.1975628037428371,0.055175415266326557,0.9428571428571437,0.02456893361947754,3,1,3
"anchor_up_daily_surface_v1__all_liquid__trigger.left_confirm_sessions=3,trigger.required_closes=1,trigger.right_confirm_sessions=3",all_liquid,"{""trigger.left_confirm_sessions"": 3, ""trigger.required_closes"": 1, ""trigger.right_confirm_sessions"": 3}",20,41359,40045,1201,1464,0,439,23,94,0,0.0,781,MISSING_OR_INVALID_RAW_PATH_PRICE=439 (0.010614),4774,2089,3430,1123,235,0,426762,-0.019600856156071753,-0.0051864767785852195,9.0,8.0,0.4997377949806468,0.4993632163815707,0.0008989886377824947,0.5408979907637999,0.3176334050629851,0.11806378297347615,1.085106382978725,0.018254463728305657,3,1,3
"anchor_up_daily_surface_v1__all_liquid__trigger.left_confirm_sessions=3,trigger.required_closes=2,trigger.right_confirm_sessions=3",all_liquid,"{""trigger.left_confirm_sessions"": 3, ""trigger.required_closes"": 2, ""trigger.right_confirm_sessions"": 3}",5,36102,35686,1198,1462,0,113,4,71,0,0.0,232,MISSING_OR_INVALID_RAW_PATH_PRICE=113 (0.003130),1384,426,982,248,83,0,96379,-0.006038224189334916,-0.0036152888749909724,2.0,3.0,0.50375497393936,0.4630107044779465,0.033234321582693495,0.29926319871475265,0.11522907318154119,0.023904492825882223,0.8571428571428646,0.034271142745054085,3,2,3
"anchor_up_daily_surface_v1__all_liquid__trigger.left_confirm_sessions=3,trigger.required_closes=2,trigger.right_confirm_sessions=3",all_liquid,"{""trigger.left_confirm_sessions"": 3, ""trigger.required_closes"": 2, ""trigger.right_confirm_sessions"": 3}",10,36102,35374,1198,1462,0,221,8,71,0,0.0,436,MISSING_OR_INVALID_RAW_PATH_PRICE=221 (0.006122),2400,980,1717,549,138,0,190827,-0.010690516905190944,-0.004406812785452758,4.0,5.0,0.511873127155538,0.4829253123763216,0.005201560468140442,0.4263475707717024,0.2015400808819456,0.05753143870145698,0.9696969696969788,0.025696839486628598,3,2,3
"anchor_up_daily_surface_v1__all_liquid__trigger.left_confirm_sessions=3,trigger.required_closes=2,trigger.right_confirm_sessions=3",all_liquid,"{""trigger.left_confirm_sessions"": 3, ""trigger.required_closes"": 2, ""trigger.right_confirm_sessions"": 3}",20,36102,34954,1198,1462,0,376,17,69,0,0.0,703,MISSING_OR_INVALID_RAW_PATH_PRICE=376 (0.010415),4298,1845,3094,1014,219,0,377687,-0.017805319902645923,-0.005737707077351606,9.0,9.0,0.49773988670824515,0.5014304514504778,0.0008296618412771071,0.5522962716746994,0.3241094676195225,0.12226469447676029,1.1052631578947358,0.01922526749442124,3,2,3
"anchor_up_daily_surface_v1__all_liquid__trigger.left_confirm_sessions=5,trigger.required_closes=1,trigger.right_confirm_sessions=1",all_liquid,"{""trigger.left_confirm_sessions"": 5, ""trigger.required_closes"": 1, ""trigger.right_confirm_sessions"": 1}",5,36676,36348,1155,1466,0,97,6,90,0,0.0,141,MISSING_OR_INVALID_RAW_PATH_PRICE=97 (0.002645),1275,343,891,181,61,0,96160,-0.008356586379054414,-0.0031945225567049356,2.0,3.0,0.5054198305271267,0.4605480356553318,0.03403213381754154,0.2843548914821682,0.10696368197186171,0.020776529610644565,0.8333333333333227,0.032106305711455924,5,1,1
"anchor_up_daily_surface_v1__all_liquid__trigger.left_confirm_sessions=5,trigger.required_closes=1,trigger.right_confirm_sessions=1",all_liquid,"{""trigger.left_confirm_sessions"": 5, ""trigger.required_closes"": 1, ""trigger.right_confirm_sessions"": 1}",10,36676,36041,1155,1466,0,197,10,90,0,0.0,348,MISSING_OR_INVALID_RAW_PATH_PRICE=197 (0.005371),2195,811,1561,423,110,0,190620,-0.012782536801990353,-0.0038058021879980794,4.0,5.0,0.5043700230293278,0.4903304569795511,0.005299519991121223,0.41389464499945466,0.19563202094012433,0.05341367651870433,0.9999999999999877,0.023195804777891845,5,1,1
"anchor_up_daily_surface_v1__all_liquid__trigger.left_confirm_sessions=5,trigger.required_closes=1,trigger.right_confirm_sessions=1",all_liquid,"{""trigger.left_confirm_sessions"": 5, ""trigger.required_closes"": 1, ""trigger.right_confirm_sessions"": 1}",20,36676,35579,1155,1466,0,366,17,89,0,0.0,642,MISSING_OR_INVALID_RAW_PATH_PRICE=366 (0.009979),3926,1670,2808,873,168,0,377072,-0.020363581982887694,-0.004380120180844521,9.0,8.0,0.49020489614660334,0.5089238033671548,0.0008713004862418843,0.5404624277456648,0.3156014832588068,0.1162613153015596,1.1136363636363635,0.017369796790241435,5,1,1
"anchor_up_daily_surface_v1__all_liquid__trigger.left_confirm_sessions=5,trigger.required_closes=2,trigger.right_confirm_sessions=1",all_liquid,"{""trigger.left_confirm_sessions"": 5, ""trigger.required_closes"": 2, ""trigger.right_confirm_sessions"": 1}",5,31173,30844,1178,1461,0,93,4,53,0,0.0,183,MISSING_OR_INVALID_RAW_PATH_PRICE=93 (0.002983),1105,329,786,188,59,0,82665,-0.006545648766919479,-0.0033045658789340546,2.0,3.0,0.5021073790688627,0.4633964466346777,0.034496174296459604,0.2959933275591056,0.11323902094761493,0.02351393834407981,0.8571428571428512,0.034171962132019194,5,2,1
"anchor_up_daily_surface_v1__all_liquid__trigger.left_confirm_sessions=5,trigger.required_closes=2,trigger.right_confirm_sessions=1",all_liquid,"{""trigger.left_confirm_sessions"": 5, ""trigger.required_closes"": 2, ""trigger.right_confirm_sessions"": 1}",10,31173,30554,1178,1461,0,192,8,53,0,0.0,374,MISSING_OR_INVALID_RAW_PATH_PRICE=192 (0.006159),1971,776,1397,425,103,0,163505,-0.011010518829426625,-0.003804351156230519,4.0,5.0,0.5038620147934804,0.4907704392223604,0.005367545984159194,0.4278061142655503,0.2003336220447182,0.056940300901421104,0.9999999999999978,0.02559403024153957,5,2,1
"anchor_up_daily_surface_v1__all_liquid__trigger.left_confirm_sessions=5,trigger.required_closes=2,trigger.right_confirm_sessions=1",all_liquid,"{""trigger.left_confirm_sessions"": 5, ""trigger.required_closes"": 2, ""trigger.right_confirm_sessions"": 1}",20,31173,30183,1178,1461,0,328,14,51,0,0.0,611,MISSING_OR_INVALID_RAW_PATH_PRICE=328 (0.010522),3558,1481,2547,796,148,0,323681,-0.01798225252756276,-0.004958953786752152,9.0,8.0,0.48838750289898286,0.5108504787463142,0.0007620183547029785,0.55503159785712,0.32595515349821963,0.12437044878580823,1.1428571428571423,0.019448033661332537,5,2,1
"anchor_up_daily_surface_v1__all_liquid__trigger.left_confirm_sessions=5,trigger.required_closes=1,trigger.right_confirm_sessions=2",all_liquid,"{""trigger.left_confirm_sessions"": 5, ""trigger.required_closes"": 1, ""trigger.right_confirm_sessions"": 2}",5,33460,33166,1161,1462,0,88,7,77,0,0.0,129,MISSING_OR_INVALID_RAW_PATH_PRICE=88 (0.002630),1163,316,806,168,64,0,87062,-0.008256475709735516,-0.003219866933677566,2.0,3.0,0.5077790508351927,0.45833082072001446,0.03389012844479286,0.2817393903167962,0.10657501494321578,0.021846981470412433,0.818181818181815,0.03467406380027739,5,1,2
"anchor_up_daily_surface_v1__all_liquid__trigger.left_confirm_sessions=5,trigger.required_closes=1,trigger.right_confirm_sessions=2",all_liquid,"{""trigger.left_confirm_sessions"": 5, ""trigger.required_closes"": 1, ""trigger.right_confirm_sessions"": 2}",10,33460,32832,1161,1462,0,188,9,77,0,0.0,363,MISSING_OR_INVALID_RAW_PATH_PRICE=188 (0.005619),2022,765,1422,400,110,0,172105,-0.012850996360872835,-0.00387706937180283,4.0,5.0,0.5090155945419104,0.4853192007797271,0.005665204678362573,0.41126718469814705,0.192916915720263,0.05301852958756725,0.9583333333333265,0.025310672514619884,5,1,2
"anchor_up_daily_surface_v1__all_liquid__trigger.left_confirm_sessions=5,trigger.required_closes=1,trigger.right_confirm_sessions=2",all_liquid,"{""trigger.left_confirm_sessions"": 5, ""trigger.required_closes"": 1, ""trigger.right_confirm_sessions"": 2}",20,33460,32420,1161,1462,0,352,18,76,0,0.0,612,MISSING_OR_INVALID_RAW_PATH_PRICE=352 (0.010520),3655,1567,2608,834,162,0,340749,-0.020414216564465855,-0.004323966550045912,9.0,8.0,0.49413942011104256,0.5049352251696484,0.0009253547193090684,0.5369695158398087,0.3133891213389121,0.11545128511655708,1.0869565217391322,0.01918568784700802,5,1,2
"anchor_up_daily_surface_v1__all_liquid__trigger.left_confirm_sessions=5,trigger.required_closes=2,trigger.right_confirm_sessions=2",all_liquid,"{""trigger.left_confirm_sessions"": 5, ""trigger.required_closes"": 2, ""trigger.right_confirm_sessions"": 2}",5,28907,28604,1169,1461,0,85,4,51,0,0.0,167,MISSING_OR_INVALID_RAW_PATH_PRICE=85 (0.002940),1037,311,739,178,56,0,76151,-0.006506801843267384,-0.0032329661621214017,2.0,3.0,0.5027268913438679,0.4628723255488743,0.03440078310725773,0.29446154910575295,0.11270626491853185,0.02355830767634137,0.8571428571428512,0.034890225143336596,5,2,2
"anchor_up_daily_surface_v1__all_liquid__trigger.left_confirm_sessions=5,trigger.required_closes=2,trigger.right_confirm_sessions=2",all_liquid,"{""trigger.left_confirm_sessions"": 5, ""trigger.required_closes"": 2, ""trigger.right_confirm_sessions"": 2}",10,28907,28329,1169,1461,0,178,8,51,0,0.0,349,MISSING_OR_INVALID_RAW_PATH_PRICE=178 (0.006158),1839,737,1305,404,100,0,150580,-0.01105924544265954,-0.003814810973466809,4.0,5.0,0.5068657559391436,0.48769811853577605,0.0054361255250803065,0.4245338499325423,0.19860241464005257,0.056664475732521535,0.999999999999991,0.025980444067916268,5,2,2
"anchor_up_daily_surface_v1__all_liquid__trigger.left_confirm_sessions=5,trigger.required_closes=2,trigger.right_confirm_sessions=2",all_liquid,"{""trigger.left_confirm_sessions"": 5, ""trigger.required_closes"": 2, ""trigger.right_confirm_sessions"": 2}",20,28907,27992,1169,1461,0,305,14,49,0,0.0,561,MISSING_OR_INVALID_RAW_PATH_PRICE=305 (0.010551),3337,1386,2387,757,141,0,298242,-0.018133270451386505,-0.004986607400064484,9.0,8.0,0.4923192340668763,0.5068591026007431,0.0008216633323806802,0.5512159684505483,0.3223440689106445,0.12263465596568306,1.1153846153846214,0.019612746498999713,5,2,2
"anchor_up_daily_surface_v1__all_liquid__trigger.left_confirm_sessions=5,trigger.required_closes=1,trigger.right_confirm_sessions=3",all_liquid,"{""trigger.left_confirm_sessions"": 5, ""trigger.required_closes"": 1, ""trigger.right_confirm_sessions"": 3}",5,31409,31087,1152,1462,0,94,6,73,0,0.0,155,MISSING_OR_INVALID_RAW_PATH_PRICE=94 (0.002993),1131,298,796,165,69,0,82144,-0.0078007167629438184,-0.0032613965608001977,2.0,3.0,0.5095377488982533,0.4563965644803294,0.03406568662141731,0.28399503327071857,0.10815371390365819,0.021809035626731192,0.8260869565217382,0.033711840962460195,5,1,3
"anchor_up_daily_surface_v1__all_liquid__trigger.left_confirm_sessions=5,trigger.required_closes=1,trigger.right_confirm_sessions=3",all_liquid,"{""trigger.left_confirm_sessions"": 5, ""trigger.required_closes"": 1, ""trigger.right_confirm_sessions"": 3}",10,31409,30777,1152,1462,0,183,8,73,0,0.0,376,MISSING_OR_INVALID_RAW_PATH_PRICE=183 (0.005826),1935,747,1367,404,109,0,162289,-0.012810710182689103,-0.0038379143594798847,4.0,5.0,0.511680800597849,0.4827306105208435,0.00558858888130747,0.40965965169219015,0.19230156961380496,0.05294660766022478,0.9375000000000022,0.024953699190954283,5,1,3
"anchor_up_daily_surface_v1__all_liquid__trigger.left_confirm_sessions=5,trigger.required_closes=1,trigger.right_confirm_sessions=3",all_liquid,"{""trigger.left_confirm_sessions"": 5, ""trigger.required_closes"": 1, ""trigger.right_confirm_sessions"": 3}",20,31409,30389,1152,1462,0,332,17,72,0,0.0,616,MISSING_OR_INVALID_RAW_PATH_PRICE=332 (0.010570),3462,1499,2469,808,158,0,321203,-0.020254977656101736,-0.00466416413753936,9.0,8.0,0.49514627003191947,0.5038994372963902,0.0009542926716904143,0.5365022764175873,0.31249005062243307,0.11531726575185457,1.0833333333333344,0.01885550692684853,5,1,3
"anchor_up_daily_surface_v1__all_liquid__trigger.left_confirm_sessions=5,trigger.required_closes=2,trigger.right_confirm_sessions=3",all_liquid,"{""trigger.left_confirm_sessions"": 5, ""trigger.required_closes"": 2, ""trigger.right_confirm_sessions"": 3}",5,27785,27471,1155,1460,0,84,4,51,0,0.0,179,MISSING_OR_INVALID_RAW_PATH_PRICE=84 (0.003023),1016,290,726,172,62,0,73731,-0.006443256753033033,-0.003268769897661613,2.0,3.0,0.5039496195988497,0.4629245386043464,0.033125841796803904,0.29379161418031313,0.11211085117869354,0.02321396436926399,0.8571428571428571,0.03512795311419315,5,2,3
"anchor_up_daily_surface_v1__all_liquid__trigger.left_confirm_sessions=5,trigger.required_closes=2,trigger.right_confirm_sessions=3",all_liquid,"{""trigger.left_confirm_sessions"": 5, ""trigger.required_closes"": 2, ""trigger.right_confirm_sessions"": 3}",10,27785,27219,1155,1460,0,168,8,51,0,0.0,347,MISSING_OR_INVALID_RAW_PATH_PRICE=168 (0.006046),1757,700,1253,394,103,0,145902,-0.011296763813896257,-0.0038208800366612734,4.0,5.0,0.509680737719975,0.4850655791910063,0.0052536830890187,0.4214504228900486,0.19805650530861976,0.056073420910563256,0.9740259740259731,0.0261214592747713,5,2,3
"anchor_up_daily_surface_v1__all_liquid__trigger.left_confirm_sessions=5,trigger.required_closes=2,trigger.right_confirm_sessions=3",all_liquid,"{""trigger.left_confirm_sessions"": 5, ""trigger.required_closes"": 2, ""trigger.right_confirm_sessions"": 3}",20,27785,26887,1155,1460,0,287,14,49,0,0.0,562,MISSING_OR_INVALID_RAW_PATH_PRICE=287 (0.010329),3185,1330,2281,736,144,0,288745,-0.018064252930756405,-0.005160520033897428,9.0,8.0,0.49269163536281474,0.5064529326440287,0.000855431993156544,0.5496850818787116,0.3211445024293684,0.12107252114450243,1.1111111111111105,0.019898092014728308,5,2,3
"anchor_up_daily_surface_v1__all_liquid__trigger.left_confirm_sessions=10,trigger.required_closes=1,trigger.right_confirm_sessions=1",all_liquid,"{""trigger.left_confirm_sessions"": 10, ""trigger.required_closes"": 1, ""trigger.right_confirm_sessions"": 1}",5,23383,23191,1078,1458,0,63,1,59,0,0.0,70,MISSING_OR_INVALID_RAW_PATH_PRICE=63 (0.002694),709,171,478,94,32,0,60620,-0.009158359480593205,-0.0026962423645299875,2.0,3.0,0.5026087706437842,0.46367125177870727,0.03371997757750852,0.27327545652824703,0.09849035624171407,0.018004533207886073,0.8333333333333275,0.03087404596610754,10,1,1
"anchor_up_daily_surface_v1__all_liquid__trigger.left_confirm_sessions=10,trigger.required_closes=1,trigger.right_confirm_sessions=1",all_liquid,"{""trigger.left_confirm_sessions"": 10, ""trigger.required_closes"": 1, ""trigger.right_confirm_sessions"": 1}",10,23383,22998,1078,1458,0,133,3,59,0,0.0,193,MISSING_OR_INVALID_RAW_PATH_PRICE=133 (0.005688),1261,473,872,253,58,0,120233,-0.013648771131539079,-0.0032670164420121536,5.0,5.0,0.4966084007304983,0.49804330811374903,0.0053482911557526745,0.40520891245776847,0.18821365949621519,0.04999358508318009,0.9999999999999821,0.0221323593355944,10,1,1
"anchor_up_daily_surface_v1__all_liquid__trigger.left_confirm_sessions=10,trigger.required_closes=1,trigger.right_confirm_sessions=1",all_liquid,"{""trigger.left_confirm_sessions"": 10, ""trigger.required_closes"": 1, ""trigger.right_confirm_sessions"": 1}",20,23383,22706,1078,1458,0,227,8,59,0,0.0,391,MISSING_OR_INVALID_RAW_PATH_PRICE=227 (0.009708),2383,1012,1680,555,101,0,237225,-0.02112268182641082,-0.0033266335688471385,10.0,8.0,0.47564520391086057,0.5234739716374527,0.0008808244516867788,0.5387674806483342,0.3140743275028867,0.11371509216097164,1.1428571428571428,0.016779705804633137,10,1,1
"anchor_up_daily_surface_v1__all_liquid__trigger.left_confirm_sessions=10,trigger.required_closes=2,trigger.right_confirm_sessions=1",all_liquid,"{""trigger.left_confirm_sessions"": 10, ""trigger.required_closes"": 2, ""trigger.right_confirm_sessions"": 1}",5,19927,19738,1098,1448,0,58,0,28,0,0.0,103,MISSING_OR_INVALID_RAW_PATH_PRICE=58 (0.002911),630,190,447,113,37,0,52383,-0.007382515889535229,-0.0027970134694091254,2.0,3.0,0.4953389401155132,0.4690444827236802,0.035616577160806566,0.2855422291363477,0.10704069854970642,0.02172931198875897,0.8461538461538489,0.03318471982976999,10,2,1
"anchor_up_daily_surface_v1__all_liquid__trigger.left_confirm_sessions=10,trigger.required_closes=2,trigger.right_confirm_sessions=1",all_liquid,"{""trigger.left_confirm_sessions"": 10, ""trigger.required_closes"": 2, ""trigger.right_confirm_sessions"": 1}",10,19927,19552,1098,1448,0,125,3,28,0,0.0,222,MISSING_OR_INVALID_RAW_PATH_PRICE=125 (0.006273),1182,477,832,267,64,0,103609,-0.011882025252508647,-0.0028515643408485863,5.0,5.0,0.4923792962356792,0.5016878068739771,0.005932896890343699,0.4206353189140362,0.1952125257188739,0.0537461735333969,1.0,0.025010229132569558,10,2,1
"anchor_up_daily_surface_v1__all_liquid__trigger.left_confirm_sessions=10,trigger.required_closes=2,trigger.right_confirm_sessions=1",all_liquid,"{""trigger.left_confirm_sessions"": 10, ""trigger.required_closes"": 2, ""trigger.right_confirm_sessions"": 1}",20,19927,19310,1098,1448,0,206,7,28,0,0.0,383,MISSING_OR_INVALID_RAW_PATH_PRICE=206 (0.010338),2208,920,1594,516,93,0,204551,-0.01831898580312099,-0.003820826447768221,10.0,8.0,0.4723459347488348,0.5268772656654583,0.0007767995857068876,0.5562302403773774,0.3273949917197772,0.12365132734480855,1.1999999999999988,0.0198342827550492,10,2,1
"anchor_up_daily_surface_v1__all_liquid__trigger.left_confirm_sessions=10,trigger.required_closes=1,trigger.right_confirm_sessions=2",all_liquid,"{""trigger.left_confirm_sessions"": 10, ""trigger.required_closes"": 1, ""trigger.right_confirm_sessions"": 2}",5,21117,20943,1070,1441,0,55,1,46,0,0.0,73,MISSING_OR_INVALID_RAW_PATH_PRICE=55 (0.002605),654,169,444,94,44,0,53934,-0.009084140487378933,-0.002655048086913258,2.0,3.0,0.5036527718091964,0.46244568590937307,0.03390154228143055,0.26964057394516266,0.09864090543164275,0.019510347113699863,0.8181818181818178,0.03328080981712267,10,1,2
"anchor_up_daily_surface_v1__all_liquid__trigger.left_confirm_sessions=10,trigger.required_closes=1,trigger.right_confirm_sessions=2",all_liquid,"{""trigger.left_confirm_sessions"": 10, ""trigger.required_closes"": 1, ""trigger.right_confirm_sessions"": 2}",10,21117,20731,1070,1441,0,124,2,46,0,0.0,216,MISSING_OR_INVALID_RAW_PATH_PRICE=124 (0.005872),1182,472,823,253,71,0,106631,-0.013604188291783559,-0.003141381561945822,5.0,5.0,0.5000241184699242,0.4940427379287058,0.005933143601369929,0.40185632428848794,0.18530094236870767,0.04943884074442392,0.9583333333333302,0.024359654623510685,10,1,2
"anchor_up_daily_surface_v1__all_liquid__trigger.left_confirm_sessions=10,trigger.required_closes=1,trigger.right_confirm_sessions=2",all_liquid,"{""trigger.left_confirm_sessions"": 10, ""trigger.required_closes"": 1, ""trigger.right_confirm_sessions"": 2}",20,21117,20470,1070,1441,0,212,8,46,0,0.0,389,MISSING_OR_INVALID_RAW_PATH_PRICE=212 (0.010039),2236,978,1591,548,109,0,210417,-0.021284192008880674,-0.0032195752129052894,9.0,8.0,0.4819247679531021,0.5170493404982902,0.0010258915486077186,0.5336458777288441,0.3114078704361415,0.11190036463512809,1.1111111111111107,0.01895456765999023,10,1,2
"anchor_up_daily_surface_v1__all_liquid__trigger.left_confirm_sessions=10,trigger.required_closes=2,trigger.right_confirm_sessions=2",all_liquid,"{""trigger.left_confirm_sessions"": 10, ""trigger.required_closes"": 2, ""trigger.right_confirm_sessions"": 2}",5,18465,18287,1088,1448,0,50,0,28,0,0.0,100,MISSING_OR_INVALID_RAW_PATH_PRICE=50 (0.002708),603,185,428,111,37,0,47891,-0.007273222566260541,-0.0026220730354448614,2.0,3.0,0.4969650571444195,0.46770930168972497,0.03532564116585553,0.28383428107229897,0.10598429461142703,0.021608448415922014,0.8499999999999959,0.03379449882430142,10,2,2
"anchor_up_daily_surface_v1__all_liquid__trigger.left_confirm_sessions=10,trigger.required_closes=2,trigger.right_confirm_sessions=2",all_liquid,"{""trigger.left_confirm_sessions"": 10, ""trigger.required_closes"": 2, ""trigger.right_confirm_sessions"": 2}",10,18465,18110,1088,1448,0,111,3,28,0,0.0,216,MISSING_OR_INVALID_RAW_PATH_PRICE=111 (0.006011),1117,460,787,260,65,0,94667,-0.011892788713387226,-0.002791647398286615,5.0,5.0,0.49757040309221423,0.49652125897294314,0.005908337934842628,0.41613864067154077,0.19230977525047388,0.05361494719740049,0.9999999999999977,0.025013804527885146,10,2,2
"anchor_up_daily_surface_v1__all_liquid__trigger.left_confirm_sessions=10,trigger.required_closes=2,trigger.right_confirm_sessions=2",all_liquid,"{""trigger.left_confirm_sessions"": 10, ""trigger.required_closes"": 2, ""trigger.right_confirm_sessions"": 2}",20,18465,17883,1088,1448,0,188,7,28,0,0.0,366,MISSING_OR_INVALID_RAW_PATH_PRICE=188 (0.010181),2084,879,1509,502,93,0,186865,-0.018601905917327313,-0.003866867266114092,9.0,8.0,0.47961751383995976,0.5195437007213555,0.0008387854386847844,0.5506092607636068,0.3214189006227999,0.12060655293799079,1.1525423728813535,0.01968349829446961,10,2,2
"anchor_up_daily_surface_v1__all_liquid__trigger.left_confirm_sessions=10,trigger.required_closes=1,trigger.right_confirm_sessions=3",all_liquid,"{""trigger.left_confirm_sessions"": 10, ""trigger.required_closes"": 1, ""trigger.right_confirm_sessions"": 3}",5,19695,19493,1072,1440,0,57,1,47,0,0.0,98,MISSING_OR_INVALID_RAW_PATH_PRICE=57 (0.002894),640,160,447,92,50,0,50687,-0.008712127506890543,-0.0028385758688922944,2.0,3.0,0.5034114810444775,0.4621146052429077,0.03447391371261478,0.27245493780147245,0.10104087331810103,0.019801980198019802,0.8235294117647043,0.03303750064125584,10,1,3
"anchor_up_daily_surface_v1__all_liquid__trigger.left_confirm_sessions=10,trigger.required_closes=1,trigger.right_confirm_sessions=3",all_liquid,"{""trigger.left_confirm_sessions"": 10, ""trigger.required_closes"": 1, ""trigger.right_confirm_sessions"": 3}",10,19695,19298,1072,1440,0,118,3,47,0,0.0,232,MISSING_OR_INVALID_RAW_PATH_PRICE=118 (0.005991),1125,446,794,245,74,0,100145,-0.013629188151464588,-0.0030409531072739995,5.0,5.0,0.5005700072546377,0.49367810135765366,0.00575189138770857,0.40025387154100023,0.18471693323178473,0.048997207413049,0.944444444444442,0.02451031194942481,10,1,3
"anchor_up_daily_surface_v1__all_liquid__trigger.left_confirm_sessions=10,trigger.required_closes=1,trigger.right_confirm_sessions=3",all_liquid,"{""trigger.left_confirm_sessions"": 10, ""trigger.required_closes"": 1, ""trigger.right_confirm_sessions"": 3}",20,19695,19049,1072,1440,0,195,9,47,0,0.0,404,MISSING_OR_INVALID_RAW_PATH_PRICE=195 (0.009901),2071,921,1486,518,108,0,197411,-0.02112943362625551,-0.003594627686235856,9.0,8.0,0.48196755735209196,0.5169825187673893,0.0010499238805186625,0.5333333333333333,0.30865701954810865,0.11200812388931201,1.1148351648351635,0.01905611843141372,10,1,3
"anchor_up_daily_surface_v1__all_liquid__trigger.left_confirm_sessions=10,trigger.required_closes=2,trigger.right_confirm_sessions=3",all_liquid,"{""trigger.left_confirm_sessions"": 10, ""trigger.required_closes"": 2, ""trigger.right_confirm_sessions"": 3}",5,17549,17360,1087,1440,0,48,1,29,0,0.0,112,MISSING_OR_INVALID_RAW_PATH_PRICE=48 (0.002735),603,168,435,104,44,0,45906,-0.007178934723095026,-0.0027881687339813693,2.0,3.0,0.49723502304147466,0.46860599078341014,0.03415898617511521,0.28320702034303946,0.10615989515072084,0.020912872528349193,0.8571428571428554,0.03415898617511521,10,2,3
"anchor_up_daily_surface_v1__all_liquid__trigger.left_confirm_sessions=10,trigger.required_closes=2,trigger.right_confirm_sessions=3",all_liquid,"{""trigger.left_confirm_sessions"": 10, ""trigger.required_closes"": 2, ""trigger.right_confirm_sessions"": 3}",10,17549,17197,1087,1440,0,103,4,29,0,0.0,220,MISSING_OR_INVALID_RAW_PATH_PRICE=103 (0.005869),1071,428,765,250,71,0,90790,-0.01196750790197787,-0.0028508157901217593,5.0,5.0,0.4982264348432866,0.4961330464615921,0.005640518695121242,0.41506638554903413,0.19203373411590405,0.052595589492278765,0.9999999999999966,0.02523695993487236,10,2,3
"anchor_up_daily_surface_v1__all_liquid__trigger.left_confirm_sessions=10,trigger.required_closes=2,trigger.right_confirm_sessions=3",all_liquid,"{""trigger.left_confirm_sessions"": 10, ""trigger.required_closes"": 2, ""trigger.right_confirm_sessions"": 3}",20,17549,16976,1087,1440,0,171,8,29,0,0.0,373,MISSING_OR_INVALID_RAW_PATH_PRICE=171 (0.009744),1971,839,1431,485,98,0,178992,-0.01833616429230563,-0.0039023678574029354,9.0,8.0,0.47814561734213007,0.5209118755890669,0.000942507068803016,0.5497179326457348,0.3203031511767052,0.11932303834976352,1.1666666666666627,0.019851555136663524,10,2,3
