source_fill_id,current_ticker,quantity,opened_at,held_days_at_period_end,unit_cost
fill:entry:2021-10-04:1604:0,1604,60000.0,2021-10-04,87,30.0
fill:entry:2021-04-15:2007:0,2007,194000.0,2021-04-15,259,11.8
fill:entry:2021-04-14:2606:0,2606,53000.0,2021-04-14,260,43.7
fill:entry:2021-05-14:2642:2,2642,54000.0,2021-05-14,230,40.0
fill:entry:2021-04-15:2855:1,2855,33280.0,2021-04-15,259,24.807692307692307
fill:entry:2021-06-09:3141:0,3141,22000.0,2021-06-09,204,90.3
fill:entry:2021-10-22:3661:0,3661,1000.0,2021-10-22,69,990.0
fill:entry:2021-10-06:4141:0,4141,88000.0,2021-10-06,85,22.5
fill:entry:2021-12-22:6205:0,6205,21000.0,2021-12-22,8,68.5
fill:entry:2021-04-16:6261:1,6261,32000.0,2021-04-16,258,71.9
