source_fill_id,entry_ticker,entry_at,exit_at,realized_pnl,entry_cost,return_on_cost,holding_days,exit_components
fill:entry:2016-06-08:1528:0,1528,2016-06-08,2016-06-24 00:00:00.000000,-119856.00000000001,998800.0,-0.12000000000000001,16.0,
fill:entry:2016-06-08:1733:1,1733,2016-06-08,2016-08-04 00:00:00.000000,-158050.68318000005,981000.0,-0.16111180752293583,57.0,
fill:entry:2016-06-08:2301:2,2301,2016-06-08,2017-06-20 23:59:59.999999,128755.85318200004,990000.0000000001,0.13005641735555556,377.0,
fill:entry:2016-06-08:2395:3,2395,2016-06-08,2017-06-20 23:59:59.999999,-45000.0,763500.0,-0.05893909626719057,377.0,
fill:entry:2016-06-08:2412:4,2412,2016-06-08,2017-06-20 23:59:59.999999,-40000.0,900000.0,-0.044444444444444446,377.0,
fill:entry:2016-06-08:2489:5,2489,2016-06-08,2017-06-20 23:59:59.999999,24500.0,989800.0,0.024752475247524754,377.0,
fill:entry:2016-06-08:4973:6,4973,2016-06-08,2016-06-27 00:00:00.000000,-140399.9999999999,982800.0,-0.14285714285714277,19.0,
fill:entry:2016-06-08:5434:7,5434,2016-06-08,2017-06-20 23:59:59.999999,391636.0000000002,946399.9999999999,0.4138165680473375,377.0,
fill:entry:2016-06-08:8210:8,8210,2016-06-08,2017-06-20 23:59:59.999999,-54400.00000000005,994500.0,-0.05470085470085475,377.0,
fill:entry:2016-06-08:8358:9,8358,2016-06-08,2017-06-20 23:59:59.999999,1609500.0,986000.0,1.6323529411764706,377.0,
fill:entry:2016-06-28:3054:0,3054,2016-06-28,2016-07-25 00:00:00.000000,-114660.00000000001,955500.0,-0.12000000000000001,27.0,
fill:entry:2016-06-28:8271:1,8271,2016-06-28,2017-07-06 23:59:59.999999,143650.0,376350.0,0.38169257340241797,373.0,
fill:entry:2016-07-26:3402:0,3402,2016-07-26,2017-08-02 23:59:59.999999,184800.0000000001,848400.0,0.21782178217821793,372.0,
fill:entry:2016-08-05:1522:0,1522,2016-08-05,2017-08-14 23:59:59.999999,-104400.00000000004,974400.0,-0.10714285714285719,374.0,
fill:entry:2017-06-21:2231:0,2231,2017-06-21,2017-10-18 00:00:00.000000,-109040.0,767000.0,-0.14216427640156454,119.0,
fill:entry:2017-06-21:2330:1,2330,2017-06-21,2018-06-26 23:59:59.999999,-1500.0,216000.0,-0.006944444444444444,370.0,
fill:entry:2017-06-21:2383:2,2383,2017-06-21,2017-11-13 00:00:00.000000,-20658.261799999993,133000.0,-0.15532527669172927,145.0,
fill:entry:2017-06-22:2313:0,2313,2017-06-22,2018-06-27 23:59:59.999999,323999.9999999998,1226400.0,0.26418786692759283,370.0,
fill:entry:2017-06-22:2351:1,2351,2017-06-22,2018-06-27 23:59:59.999999,331200.0000000001,1166400.0,0.2839506172839507,370.0,
fill:entry:2017-06-22:2375:2,2375,2017-06-22,2018-06-27 23:59:59.999999,2160750.0,1206150.0,1.7914438502673797,370.0,
fill:entry:2017-06-22:6101:3,6101,2017-06-22,2017-06-29 00:00:00.000000,-143723.99999999988,1197700.0,-0.1199999999999999,7.0,
fill:entry:2017-06-30:1229:0,1229,2017-06-30,2018-07-05 23:59:59.999999,480060.0,1178100.0,0.40748663101604277,370.0,
fill:entry:2017-07-07:6274:0,6274,2017-07-07,2018-07-12 23:59:59.999999,1220000.0,1190000.0,1.0252100840336134,370.0,
fill:entry:2017-08-03:4763:0,4763,2017-08-03,2017-12-08 00:00:00.000000,-147420.00000000003,1228500.0,-0.12000000000000002,127.0,
fill:entry:2017-08-15:3528:0,3528,2017-08-15,2018-08-20 23:59:59.999999,-60257.99666370005,1194600.0000000002,-0.050441986157458596,370.0,
fill:entry:2017-10-19:2459:0,2459,2017-10-19,2018-09-10 00:00:00.000000,-255936.0,1357800.0,-0.1884931506849315,326.0,
fill:entry:2017-11-14:6208:0,6208,2017-11-14,2018-09-07 00:00:00.000000,-235967.99999999985,1406400.0,-0.1677815699658702,297.0,
fill:entry:2017-12-11:3048:0,3048,2017-12-11,2018-04-17 00:00:00.000000,-106380.00000000003,886500.0,-0.12000000000000004,127.0,
fill:entry:2018-04-18:2049:0,2049,2018-04-18,2018-04-24 00:00:00.000000,-125759.99999999999,1048000.0,-0.11999999999999998,6.0,
fill:entry:2018-04-25:2535:0,2535,2018-04-25,2018-10-18 00:00:00.000000,-151827.89045999994,812600.0,-0.18684209999999993,176.0,
fill:entry:2018-06-27:8916:0,8916,2018-06-27,2018-07-03 00:00:00.000000,-105600.00000000003,880000.0,-0.12000000000000004,6.0,
fill:entry:2018-06-28:3508:0,3508,2018-06-28,2018-07-06 00:00:00.000000,-26280.000000000015,219000.0,-0.12000000000000006,8.0,
fill:entry:2018-06-28:6118:1,6118,2018-06-28,2018-07-06 00:00:00.000000,-4920.000000000002,41000.0,-0.12000000000000005,8.0,
fill:entry:2018-06-29:8996:0,8996,2018-06-29,2018-10-05 00:00:00.000000,-222847.99999999994,1590400.0,-0.14012072434607642,98.0,
fill:entry:2018-07-04:8043:0,8043,2018-07-04,2018-07-17 00:00:00.000000,-181439.99999999997,1512000.0,-0.11999999999999998,13.0,
fill:entry:2018-07-06:3432:0,3432,2018-07-06,2018-10-24 00:00:00.000000,-384960.0,1608000.0,-0.23940298507462687,110.0,
fill:entry:2018-07-09:3114:0,3114,2018-07-09,2018-08-20 00:00:00.000000,-211248.00000000015,1580400.0,-0.13366742596810943,42.0,
fill:entry:2018-07-09:9910:1,9910,2018-07-09,2019-07-16 23:59:59.999999,740000.0,1550000.0,0.4774193548387097,372.0,
fill:entry:2018-07-13:8942:0,8942,2018-07-13,2018-09-12 00:00:00.000000,-142968.00000000006,1191400.0,-0.12000000000000005,61.0,
fill:entry:2018-07-18:2221:0,2221,2018-07-18,2018-07-20 00:00:00.000000,-194399.99999999994,1620000.0,-0.11999999999999997,2.0,
fill:entry:2018-07-23:3583:0,3583,2018-07-23,2018-07-24 00:00:00.000000,-183359.9999999999,1528000.0,-0.11999999999999994,1.0,
fill:entry:2018-07-25:5347:0,5347,2018-07-25,2018-09-10 00:00:00.000000,-185723.99999999988,1547700.0,-0.11999999999999993,47.0,
fill:entry:2018-08-21:5287:0,5287,2018-08-21,2018-10-24 00:00:00.000000,-182500.0,1447500.0,-0.12607944732297063,64.0,
fill:entry:2018-08-21:6505:1,6505,2018-08-21,2018-11-14 00:00:00.000000,-104159.99999999997,868000.0,-0.11999999999999997,85.0,
fill:entry:2018-09-10:1722:0,1722,2018-09-10,2019-09-19 23:59:59.999999,39100.0000000002,1523200.0,0.025669642857142985,374.0,
fill:entry:2018-09-11:1904:0,1904,2018-09-11,2018-10-25 00:00:00.000000,-181559.99999999988,1513000.0,-0.11999999999999993,44.0,
fill:entry:2018-09-11:2330:1,2330,2018-09-11,2018-10-11 00:00:00.000000,-63120.00000000001,526000.0,-0.12000000000000001,30.0,
fill:entry:2018-09-13:8436:0,8436,2018-09-13,2018-09-14 00:00:00.000000,-141599.9999999999,1180000.0,-0.11999999999999993,1.0,
fill:entry:2018-09-17:2390:0,2390,2018-09-17,2018-10-09 00:00:00.000000,-184415.99999999997,1536800.0,-0.11999999999999998,22.0,
fill:entry:2018-10-08:3176:0,3176,2018-10-08,2018-10-09 00:00:00.000000,-176783.9999999999,1473200.0,-0.11999999999999994,1.0,
fill:entry:2018-10-11:2617:0,2617,2018-10-11,2018-11-09 00:00:00.000000,-166464.00000000003,1387200.0,-0.12000000000000002,29.0,
fill:entry:2018-10-11:2886:1,2886,2018-10-11,2019-10-23 23:59:59.999999,48300.000000000015,564900.0,0.0855018587360595,377.0,
fill:entry:2018-10-16:2606:0,2606,2018-10-16,2018-10-25 00:00:00.000000,-176399.99999999994,1382400.0,-0.12760416666666663,9.0,
fill:entry:2018-10-19:1477:0,1477,2018-10-19,2019-10-31 23:59:59.999999,92000.00000000009,1336000.0,0.06886227544910187,377.0,
fill:entry:2018-10-29:3045:0,3045,2018-10-29,2019-11-08 23:59:59.999999,72000.0,1320000.0,0.05454545454545454,375.0,
fill:entry:2018-10-30:2633:0,2633,2018-10-30,2019-11-11 23:59:59.999999,217149.99999999988,1343750.0,0.1615999999999999,377.0,
fill:entry:2018-10-30:6176:1,6176,2018-10-30,2019-11-11 23:59:59.999999,715699.9999999999,1298800.0,0.5510471204188481,377.0,
fill:entry:2018-11-08:2501:0,2501,2018-11-08,2019-11-20 23:59:59.999999,105000.0,1365000.0,0.07692307692307693,377.0,
fill:entry:2018-11-12:6266:0,6266,2018-11-12,2019-11-22 23:59:59.999999,127195.20417999986,770000.0,0.16518857685714267,375.0,
fill:entry:2018-11-15:5288:0,5288,2018-11-15,2019-11-27 23:59:59.999999,384799.99999999994,1207700.0,0.31862217438105483,377.0,
fill:entry:2019-07-17:6278:0,6278,2019-07-17,2020-03-18 00:00:00.000000,-95304.00000000001,794200.0,-0.12000000000000002,245.0,
fill:entry:2019-09-20:4173:0,4173,2019-09-20,2020-03-13 00:00:00.000000,-207999.99999999983,1656000.0,-0.1256038647342994,175.0,
fill:entry:2019-10-24:3005:0,3005,2019-10-24,2020-03-17 00:00:00.000000,-197603.99999999997,1646700.0,-0.11999999999999998,145.0,
fill:entry:2019-11-01:6412:0,6412,2019-11-01,2020-03-13 00:00:00.000000,-284199.99999999994,1660400.0,-0.17116357504215848,133.0,
fill:entry:2019-11-11:3548:0,3548,2019-11-11,2020-03-13 00:00:00.000000,-195999.99999999994,1566000.0,-0.12515964240102168,123.0,
fill:entry:2019-11-12:2412:0,2412,2019-11-12,2020-11-19 23:59:59.999999,-48000.0,1368000.0,-0.03508771929824561,373.0,
fill:entry:2019-11-13:2816:0,2816,2019-11-13,2020-03-13 00:00:00.000000,-257400.00000000006,1653600.0,-0.15566037735849061,121.0,
fill:entry:2019-11-21:3588:0,3588,2019-11-21,2020-03-13 00:00:00.000000,-265049.99999999994,1633050.0,-0.16230366492146595,113.0,
fill:entry:2019-11-25:3546:0,3546,2019-11-25,2020-03-16 00:00:00.000000,-191808.00000000012,1598400.0,-0.12000000000000008,112.0,
fill:entry:2019-11-28:2885:0,2885,2019-11-28,2020-03-12 00:00:00.000000,-132329.99999999994,1102750.0,-0.11999999999999995,105.0,
fill:entry:2020-03-16:9958:0,9958,2020-03-16,2020-03-19 00:00:00.000000,-174420.0000000001,1453500.0,-0.12000000000000006,3.0,
fill:entry:2020-03-17:6561:0,6561,2020-03-17,2020-03-18 00:00:00.000000,-155999.99999999994,1300000.0,-0.11999999999999995,1.0,
fill:entry:2020-03-19:6166:0,6166,2020-03-19,2021-03-29 23:59:59.999999,144000.0,1370400.0,0.10507880910683012,375.0,
fill:entry:2020-03-30:2368:0,2368,2020-03-30,2021-04-09 23:59:59.999999,1979450.0000000002,1412150.0,1.4017278617710585,375.0,
fill:entry:2020-03-30:4130:1,4130,2020-03-30,2021-04-09 23:59:59.999999,-4066.999999999852,1421000.0,-0.0028620689655171373,375.0,
fill:entry:2020-04-01:8454:0,8454,2020-04-01,2021-04-13 23:59:59.999999,1830000.0,1149000.0,1.5926892950391645,377.0,
fill:entry:2020-04-06:6457:0,6457,2020-04-06,2021-04-14 23:59:59.999999,3159000.0,1469000.0,2.150442477876106,373.0,
fill:entry:2020-04-07:1325:0,1325,2020-04-07,2021-04-15 23:59:59.999999,1465199.9999999998,1458600.0,1.0045248868778278,373.0,
fill:entry:2020-04-07:3515:1,3515,2020-04-07,2020-05-04 00:00:00.000000,-170500.0,1419000.0,-0.12015503875968993,27.0,
fill:entry:2020-04-07:4736:2,4736,2020-04-07,2021-04-15 23:59:59.999999,72000.0,1392000.0,0.05172413793103448,373.0,
fill:entry:2020-04-08:3373:0,3373,2020-04-08,2020-04-09 00:00:00.000000,-175200.00000000012,1460000.0,-0.12000000000000008,1.0,
fill:entry:2020-04-10:4119:0,4119,2020-04-10,2020-04-17 00:00:00.000000,-18120.000000000004,151000.0,-0.12000000000000002,7.0,
fill:entry:2020-04-20:2345:0,2345,2020-04-20,2021-04-28 23:59:59.999999,621000.0,1200000.0,0.5175,373.0,
fill:entry:2020-05-05:2458:0,2458,2020-05-05,2021-05-13 23:59:59.999999,191800.0,198200.0,0.9677093844601413,373.0,
fill:entry:2020-11-20:5309:0,5309,2020-11-20,2020-11-30 00:00:00.000000,-193536.00000000006,1612800.0,-0.12000000000000004,10.0,
fill:entry:2020-12-01:2456:0,2456,2020-12-01,2020-12-21 00:00:00.000000,-159000.00000000006,1325000.0,-0.12000000000000004,20.0,
fill:entry:2020-12-22:5014:0,5014,2020-12-22,2021-01-18 00:00:00.000000,-169464.00000000006,1412200.0,-0.12000000000000004,27.0,
fill:entry:2021-01-19:2415:0,2415,2021-01-19,2021-01-20 00:00:00.000000,-139776.00000000006,1164800.0,-0.12000000000000005,1.0,
fill:entry:2021-01-21:2460:0,2460,2021-01-21,2021-10-01 00:00:00.000000,-150246.0000000001,1252050.0,-0.12000000000000006,253.0,
fill:entry:2021-03-30:6219:0,6219,2021-03-30,2021-05-13 00:00:00.000000,-122724.00000000003,1022700.0000000001,-0.12000000000000001,44.0,
fill:entry:2021-04-12:1309:0,1309,2021-04-12,2021-05-12 00:00:00.000000,-181170.00000000006,1509750.0,-0.12000000000000004,30.0,
fill:entry:2021-04-13:3049:0,3049,2021-04-13,2021-04-14 00:00:00.000000,-282768.0,2356400.0,-0.12,1.0,
fill:entry:2021-04-16:2104:0,2104,2021-04-16,2021-05-12 00:00:00.000000,-275394.00000000006,2294950.0,-0.12000000000000002,26.0,
fill:entry:2021-04-29:5285:0,5285,2021-04-29,2021-05-04 00:00:00.000000,-310247.9999999999,2585400.0,-0.11999999999999995,5.0,
fill:entry:2021-05-05:1460:0,1460,2021-05-05,2021-05-07 00:00:00.000000,-295410.0000000001,2461750.0,-0.12000000000000005,2.0,
fill:entry:2021-05-10:6491:0,6491,2021-05-10,2021-05-13 00:00:00.000000,-277200.0,2310000.0,-0.12,3.0,
fill:entry:2021-05-13:6547:0,6547,2021-05-13,2021-06-08 00:00:00.000000,-897000.0,2040000.0,-0.43970588235294117,26.0,
fill:entry:2021-05-14:1731:0,1731,2021-05-14,2021-05-17 00:00:00.000000,-273000.0,2265900.0,-0.12048192771084337,3.0,
fill:entry:2021-05-14:2390:1,2390,2021-05-14,2021-10-04 00:00:00.000000,-271067.9999999998,2258900.0,-0.11999999999999993,143.0,
fill:entry:2021-05-17:4746:0,4746,2021-05-17,2021-09-29 00:00:00.000000,-246959.99999999997,2057999.9999999998,-0.12,135.0,
fill:entry:2021-05-18:4121:0,4121,2021-05-18,2021-10-05 00:00:00.000000,-218939.52167999992,1288200.0,-0.1699577097345132,140.0,
fill:entry:2021-09-30:5210:0,5210,2021-09-30,2021-10-21 00:00:00.000000,-186419.9999999999,1553500.0,-0.11999999999999994,21.0,
fill:entry:2021-10-05:1442:0,1442,2021-10-05,2021-12-21 00:00:00.000000,-132840.0000000001,1107000.0,-0.12000000000000008,77.0,
