source_fill_id,entry_ticker,entry_at,exit_at,realized_pnl,entry_cost,return_on_cost,holding_days
fill:entry:2016-01-05:3552:0,3552,2016-01-05,2016-11-30 00:00:00.000000,-141000.0,975000.0,-0.14461538461538462,330.0
fill:entry:2016-01-06:2421:0,2421,2016-01-06,2016-01-07 00:00:00.000000,-119568.00000000001,996400.0,-0.12000000000000001,1.0
fill:entry:2016-01-06:3265:1,3265,2016-01-06,2016-01-11 00:00:00.000000,-119711.99999999996,997600.0,-0.11999999999999995,5.0
fill:entry:2016-01-07:2345:0,2345,2016-01-07,2016-01-14 00:00:00.000000,-117599.99999999999,980000.0,-0.11999999999999998,7.0
fill:entry:2016-01-07:2637:1,2637,2016-01-07,2016-10-11 00:00:00.000000,-186063.46056000012,988200.0,-0.18828522622950833,278.0
fill:entry:2016-01-08:8433:0,8433,2016-01-08,2016-05-06 00:00:00.000000,-102959.99999999999,858000.0,-0.11999999999999998,119.0
fill:entry:2016-01-11:4735:0,4735,2016-01-11,2016-01-14 00:00:00.000000,-115499.99999999994,962500.0,-0.11999999999999994,3.0
fill:entry:2016-01-12:3541:0,3541,2016-01-12,2017-01-19 23:59:59.999999,769600.0,913900.0,0.8421052631578947,373.0
fill:entry:2016-01-12:3548:1,3548,2016-01-12,2016-01-14 00:00:00.000000,-113100.00000000004,941200.0000000001,-0.12016574585635362,2.0
fill:entry:2016-01-13:3617:0,3617,2016-01-13,2016-01-14 00:00:00.000000,-110880.0,924000.0,-0.12,1.0
fill:entry:2016-01-18:4126:0,4126,2016-01-18,2017-02-02 23:59:59.999999,-13200.000000000031,880000.0,-0.015000000000000036,381.0
fill:entry:2016-01-19:1762:0,1762,2016-01-19,2016-03-25 00:00:00.000000,-108989.99999999996,908250.0,-0.11999999999999995,66.0
fill:entry:2016-01-19:4108:1,4108,2016-01-19,2017-02-03 23:59:59.999999,33600.00000000002,926400.0,0.036269430051813496,381.0
fill:entry:2016-01-20:1338:0,1338,2016-01-20,2016-02-15 00:00:00.000000,-108360.00000000003,903000.0,-0.12000000000000004,26.0
fill:entry:2016-01-20:8222:1,8222,2016-01-20,2017-02-06 23:59:59.999999,73500.0,940799.9999999999,0.07812500000000001,383.0
fill:entry:2016-01-21:6286:0,6286,2016-01-21,2016-04-29 00:00:00.000000,8000.0,772000.0,0.010362694300518135,99.0
fill:entry:2016-02-16:8069:0,8069,2016-02-16,2017-02-22 23:59:59.999999,144000.0,234750.0,0.6134185303514377,372.0
fill:entry:2016-03-28:6111:0,6111,2016-03-28,2016-04-12 00:00:00.000000,-85320.0,711000.0,-0.12,15.0
fill:entry:2016-04-14:3373:0,3373,2016-04-14,2016-08-11 00:00:00.000000,-178271.99999999994,1065600.0,-0.16729729729729725,119.0
fill:entry:2016-05-04:6294:0,6294,2016-05-04,2017-05-12 23:59:59.999999,47099.999999999985,370500.0,0.12712550607287446,373.0
fill:entry:2016-05-09:5403:0,5403,2016-05-09,2017-05-17 23:59:59.999999,205899.99999999994,846800.0,0.2431506849315068,373.0
fill:entry:2016-08-12:2545:0,2545,2016-08-12,2017-08-21 23:59:59.999999,-135000.00000000015,955000.0000000001,-0.14136125654450274,374.0
fill:entry:2016-10-14:6218:0,6218,2016-10-14,2017-10-19 23:59:59.999999,-55000.0,1069750.0,-0.05141388174807198,370.0
fill:entry:2016-12-01:3014:0,3014,2016-12-01,2017-12-06 23:59:59.999999,116249.99999999997,758750.0,0.1532125205930807,370.0
fill:entry:2017-01-20:2605:0,2605,2017-01-20,2018-01-25 23:59:59.999999,-14000.000000000056,830000.0,-0.016867469879518142,370.0
fill:entry:2017-02-03:1305:0,1305,2017-02-03,2018-01-31 23:59:59.999999,334761.0,982300.0,0.34079303675048356,362.0
fill:entry:2017-02-06:2031:0,2031,2017-02-06,2018-02-01 23:59:59.999999,278800.00000000006,969649.9999999999,0.2875264270613109,360.0
fill:entry:2017-02-07:2231:0,2231,2017-02-07,2018-02-02 23:59:59.999999,200100.0000000001,796500.0,0.25122410546139373,360.0
fill:entry:2017-02-23:3362:0,3362,2017-02-23,2018-03-02 23:59:59.999999,247500.0,990000.0,0.25,372.0
fill:entry:2017-05-15:2448:0,2448,2017-05-15,2017-06-14 00:00:00.000000,-133824.0,1115200.0,-0.12,30.0
fill:entry:2017-05-18:8105:0,8105,2017-05-18,2018-04-26 00:00:00.000000,-61047.99999999997,465399.99999999994,-0.13117318435754186,343.0
fill:entry:2017-06-15:1310:0,1310,2017-06-15,2018-06-20 23:59:59.999999,-8799.999999999969,1058200.0,-0.008316008316008287,370.0
fill:entry:2017-08-22:2633:0,2633,2017-08-22,2017-11-16 00:00:00.000000,-153216.0,1276800.0,-0.12,86.0
fill:entry:2017-10-20:5903:0,5903,2017-10-20,2018-10-25 23:59:59.999999,90000.0,950000.0,0.09473684210526316,370.0
fill:entry:2017-11-17:3536:0,3536,2017-11-17,2018-03-05 00:00:00.000000,-137088.00000000003,1142400.0,-0.12000000000000002,108.0
fill:entry:2017-12-12:3443:0,3443,2017-12-12,2017-12-26 00:00:00.000000,-107639.99999999999,897000.0,-0.11999999999999998,14.0
fill:entry:2017-12-27:3567:0,3567,2017-12-27,2018-02-06 00:00:00.000000,-129888.0,1082400.0,-0.12,41.0
fill:entry:2018-01-26:3673:0,3673,2018-01-26,2018-02-05 00:00:00.000000,-92159.99999999997,768000.0,-0.11999999999999997,10.0
fill:entry:2018-02-01:3092:0,3092,2018-02-01,2018-02-06 00:00:00.000000,-100469.99999999994,837250.0,-0.11999999999999993,5.0
fill:entry:2018-02-06:3527:0,3527,2018-02-06,2019-02-20 23:59:59.999999,476546.3990294999,1033500.0,0.46109956364731486,379.0
fill:entry:2018-02-08:5007:0,5007,2018-02-08,2019-02-22 23:59:59.999999,-105400.00000000004,996200.0,-0.10580204778157001,379.0
fill:entry:2018-02-22:2014:0,2014,2018-02-22,2018-03-19 00:00:00.000000,-125400.00000000003,1045000.0,-0.12000000000000002,25.0
fill:entry:2018-02-22:8066:1,8066,2018-02-22,2018-04-24 00:00:00.000000,-123840.00000000003,1032000.0,-0.12000000000000002,61.0
fill:entry:2018-02-23:4137:0,4137,2018-02-23,2019-03-05 23:59:59.999999,868000.0,1050000.0,0.8266666666666667,375.0
fill:entry:2018-03-06:8163:0,8163,2018-03-06,2019-03-13 23:59:59.999999,486400.0000000001,1028800.0,0.4727838258164853,372.0
fill:entry:2018-03-07:6127:0,6127,2018-03-07,2018-03-28 00:00:00.000000,-124991.99999999996,1041600.0,-0.11999999999999995,21.0
fill:entry:2018-03-20:4551:0,4551,2018-03-20,2018-05-15 00:00:00.000000,-103199.99999999993,860000.0,-0.11999999999999991,56.0
fill:entry:2018-03-29:3567:0,3567,2018-03-29,2018-10-09 00:00:00.000000,-195712.0,1017600.0,-0.19232704402515724,194.0
fill:entry:2018-04-25:1527:0,1527,2018-04-25,2018-10-11 00:00:00.000000,-168000.0,921600.0,-0.18229166666666666,169.0
fill:entry:2018-04-27:8489:0,8489,2018-04-27,2018-06-06 00:00:00.000000,-80639.99999999999,672000.0,-0.11999999999999998,40.0
fill:entry:2018-05-16:2104:0,2104,2018-05-16,2018-10-24 00:00:00.000000,-102228.00000000004,641900.0,-0.159258451472192,161.0
fill:entry:2018-06-07:6024:0,6024,2018-06-07,2018-10-05 00:00:00.000000,-117633.99999999999,717200.0000000001,-0.16401840490797542,120.0
fill:entry:2018-06-21:9958:0,9958,2018-06-21,2018-06-22 00:00:00.000000,-75816.0,631800.0,-0.12,1.0
fill:entry:2018-06-25:5306:0,5306,2018-06-25,2018-08-24 00:00:00.000000,-150780.00000000015,994000.0,-0.15169014084507057,60.0
fill:entry:2018-08-27:3163:0,3163,2018-08-27,2018-09-18 00:00:00.000000,-92519.99999999996,771000.0,-0.11999999999999994,22.0
fill:entry:2018-09-20:2891:0,2891,2018-09-20,2019-10-02 23:59:59.999999,-55650.00000000004,1158050.0,-0.04805491990846685,377.0
fill:entry:2018-10-08:8489:0,8489,2018-10-08,2018-10-19 00:00:00.000000,-57360.000000000015,478000.0,-0.12000000000000004,11.0
fill:entry:2018-10-17:6612:0,6612,2018-10-17,2019-05-13 00:00:00.000000,-127871.99999999996,1065600.0,-0.11999999999999995,208.0
fill:entry:2018-11-02:4958:0,4958,2018-11-02,2019-11-14 23:59:59.999999,940800.0,1012200.0,0.9294605809128631,377.0
fill:entry:2018-11-05:4927:0,4927,2018-11-05,2019-11-15 23:59:59.999999,361600.0,1014400.0,0.35646687697160884,375.0
fill:entry:2018-11-05:5349:1,5349,2018-11-05,2019-05-23 00:00:00.000000,-124740.0,1039500.0,-0.12,199.0
fill:entry:2018-11-05:5388:2,5388,2018-11-05,2019-11-15 23:59:59.999999,78600.00000000001,152100.0,0.5167652859960553,375.0
fill:entry:2019-02-22:2449:0,2449,2019-02-22,2020-03-06 23:59:59.999999,472499.99999999994,1227500.0,0.38492871690427694,378.0
fill:entry:2019-02-26:3711:0,3711,2019-02-26,2020-03-10 23:59:59.999999,114000.0,1178000.0,0.0967741935483871,378.0
fill:entry:2019-03-06:5009:0,5009,2019-03-06,2020-02-03 00:00:00.000000,-5687.999999999995,39900.0,-0.1425563909774435,334.0
fill:entry:2019-03-14:5439:0,5439,2019-03-14,2020-02-03 00:00:00.000000,-218159.99999999994,1188000.0,-0.1836363636363636,326.0
fill:entry:2019-05-14:1722:0,1722,2019-05-14,2020-05-22 23:59:59.999999,89099.99999999993,1231200.0,0.07236842105263153,374.0
fill:entry:2019-05-24:5876:0,5876,2019-05-24,2019-08-13 00:00:00.000000,-180600.00000000003,1155000.0,-0.1563636363636364,81.0
fill:entry:2019-08-14:1515:0,1515,2019-08-14,2019-08-28 00:00:00.000000,-146879.99999999994,1224000.0,-0.11999999999999995,14.0
fill:entry:2019-08-29:1536:0,1536,2019-08-29,2020-03-10 00:00:00.000000,-151799.99999999997,1265000.0,-0.11999999999999998,194.0
fill:entry:2019-10-03:8112:0,8112,2019-10-03,2020-10-14 23:59:59.999999,12900.000000000031,1274950.0,0.010118043844856685,377.0
fill:entry:2019-11-15:9939:0,9939,2019-11-15,2020-03-13 00:00:00.000000,-165599.9999999999,1340900.0,-0.12349914236706683,119.0
fill:entry:2019-11-18:4576:0,4576,2019-11-18,2020-03-02 00:00:00.000000,-156599.99999999997,1305000.0,-0.11999999999999998,105.0
fill:entry:2019-11-18:5498:1,5498,2019-11-18,2019-11-29 00:00:00.000000,-107352.00000000004,894600.0,-0.12000000000000005,11.0
fill:entry:2019-12-02:2472:0,2472,2019-12-02,2020-02-03 00:00:00.000000,-195299.9999999999,1317500.0,-0.148235294117647,63.0
fill:entry:2020-02-04:1752:0,1752,2020-02-04,2020-03-05 00:00:00.000000,-126719.99999999996,1056000.0,-0.11999999999999995,30.0
fill:entry:2020-02-21:4743:0,4743,2020-02-21,2020-03-13 00:00:00.000000,-186899.99999999997,1281000.0,-0.14590163934426228,21.0
fill:entry:2020-02-21:6196:1,6196,2020-02-21,2020-02-27 00:00:00.000000,-95688.00000000004,797400.0,-0.12000000000000005,6.0
fill:entry:2020-03-02:8463:0,8463,2020-03-02,2020-03-12 00:00:00.000000,-5369.999999999997,44750.0,-0.11999999999999994,10.0
fill:entry:2020-03-05:6535:0,6535,2020-03-05,2020-03-12 00:00:00.000000,-148176.0,1234800.0,-0.12,7.0
fill:entry:2020-03-06:8358:0,8358,2020-03-06,2020-03-12 00:00:00.000000,-75648.00000000003,630400.0,-0.12000000000000005,6.0
fill:entry:2020-03-09:3228:0,3228,2020-03-09,2020-03-13 00:00:00.000000,-112320.00000000001,936000.0,-0.12000000000000001,4.0
fill:entry:2020-04-14:6504:0,6504,2020-04-14,2021-04-22 23:59:59.999999,36000.0,990000.0,0.03636363636363636,373.0
fill:entry:2020-04-15:3211:0,3211,2020-04-15,2021-04-23 23:59:59.999999,885699.9999999999,1137300.0,0.7787742899850522,373.0
fill:entry:2020-04-15:4904:1,4904,2020-04-15,2021-04-23 23:59:59.999999,17000.0,1115200.0,0.01524390243902439,373.0
fill:entry:2020-04-15:6451:2,6451,2020-04-15,2020-11-02 00:00:00.000000,-164491.45889999997,1065000.0,-0.154452074084507,201.0
fill:entry:2020-04-15:6667:3,6667,2020-04-15,2020-08-11 00:00:00.000000,-171252.50271000003,1145800.0,-0.1494610775964392,118.0
fill:entry:2020-04-16:3374:0,3374,2020-04-16,2021-04-26 23:59:59.999999,1275000.0,1102500.0,1.1564625850340136,375.0
fill:entry:2020-04-16:6214:1,6214,2020-04-16,2021-04-26 23:59:59.999999,186199.99999999997,1094800.0,0.17007672634271098,375.0
fill:entry:2020-04-16:8341:2,8341,2020-04-16,2020-10-30 00:00:00.000000,-151519.99999999997,996000.0,-0.15212851405622488,197.0
fill:entry:2020-05-25:1504:0,1504,2020-05-25,2021-06-02 23:59:59.999999,63599.99999999996,337200.0,0.188612099644128,373.0
fill:entry:2020-08-12:2606:0,2606,2020-08-12,2021-08-19 23:59:59.999999,1377000.0,1341000.0,1.0268456375838926,372.0
fill:entry:2020-10-15:6679:0,6679,2020-10-15,2020-11-03 00:00:00.000000,-145799.99999999997,1215000.0,-0.11999999999999998,19.0
fill:entry:2020-11-02:6176:0,6176,2020-11-02,2021-10-04 00:00:00.000000,-237160.00000000003,1243000.0,-0.19079646017699117,336.0
fill:entry:2020-11-04:1215:0,1215,2020-11-04,2021-11-11 23:59:59.999999,194400.0000000002,1252800.0,0.15517241379310362,372.0
fill:entry:2020-11-04:6670:1,6670,2020-11-04,2021-11-11 23:59:59.999999,22500.0,552000.0,0.04076086956521739,372.0
fill:entry:2021-04-26:2345:0,2345,2021-04-26,2021-05-12 00:00:00.000000,-174000.00000000006,1450000.0,-0.12000000000000004,16.0
fill:entry:2021-04-26:8464:1,8464,2021-04-26,2021-05-07 00:00:00.000000,-61500.0,447500.0,-0.13743016759776536,11.0
fill:entry:2021-04-27:3006:0,3006,2021-04-27,2021-05-04 00:00:00.000000,-174959.99999999997,1458000.0,-0.11999999999999998,7.0
fill:entry:2021-04-27:3711:1,3711,2021-04-27,2021-05-11 00:00:00.000000,-182520.0000000001,1521000.0,-0.12000000000000005,14.0
fill:entry:2021-04-28:6409:0,6409,2021-04-28,2021-05-13 00:00:00.000000,-149400.0000000001,1245000.0,-0.12000000000000006,15.0
fill:entry:2021-05-10:6215:0,6215,2021-05-10,2021-05-12 00:00:00.000000,-184098.00000000003,1534150.0,-0.12000000000000002,2.0
fill:entry:2021-05-11:6491:0,6491,2021-05-11,2021-05-13 00:00:00.000000,-204000.0,1425000.0,-0.1431578947368421,2.0
fill:entry:2021-05-14:1760:0,1760,2021-05-14,2021-07-23 00:00:00.000000,-168728.0000000001,1324400.0,-0.1273995771670191,70.0
fill:entry:2021-06-01:3228:0,3228,2021-06-01,2021-10-05 00:00:00.000000,-156240.0,1302000.0,-0.12,126.0
fill:entry:2021-06-01:3605:1,3605,2021-06-01,2022-05-10 00:00:00.000000,-204600.00000000006,1416700.0,-0.1444201312910285,343.0
fill:entry:2021-06-02:2354:0,2354,2021-06-02,2022-04-27 00:00:00.000000,-209663.99999999988,1432200.0,-0.14639296187683276,329.0
fill:entry:2021-06-02:8927:1,8927,2021-06-02,2021-06-07 00:00:00.000000,-171360.00000000003,1428000.0,-0.12000000000000002,5.0
fill:entry:2021-06-03:3213:0,3213,2021-06-03,2022-05-16 00:00:00.000000,-177300.0,915000.0,-0.19377049180327868,347.0
fill:entry:2021-06-08:6706:0,6706,2021-06-08,2022-05-16 00:00:00.000000,-50120.00000000001,351000.0,-0.1427920227920228,342.0
fill:entry:2021-07-26:3045:0,3045,2021-07-26,2022-08-02 23:59:59.999999,-26000.0,1352000.0,-0.019230769230769232,372.0
fill:entry:2021-08-20:1310:0,1310,2021-08-20,2021-10-13 00:00:00.000000,-154751.9999999999,1289600.0,-0.11999999999999993,54.0
fill:entry:2021-10-05:2731:0,2731,2021-10-05,2022-10-12 23:59:59.999999,112500.0,1306500.0,0.08610792192881746,372.0
fill:entry:2021-10-07:3218:0,3218,2021-10-07,2021-11-17 00:00:00.000000,-156480.00000000003,1304000.0,-0.12000000000000002,41.0
fill:entry:2021-10-14:3048:0,3048,2021-10-14,2022-10-20 23:59:59.999999,-124699.99999999994,1354500.0,-0.09206349206349201,371.0
fill:entry:2021-11-12:1903:0,1903,2021-11-12,2021-12-01 00:00:00.000000,-161784.0,1348200.0,-0.12,19.0
fill:entry:2021-11-12:2883:1,2883,2021-11-12,2022-10-03 00:00:00.000000,-196649.99999999997,1007400.0,-0.19520547945205477,325.0
fill:entry:2021-11-18:5299:0,5299,2021-11-18,2021-11-29 00:00:00.000000,-144720.00000000003,1206000.0,-0.12000000000000002,11.0
fill:entry:2021-11-30:2608:0,2608,2021-11-30,2022-03-07 00:00:00.000000,-158436.00000000006,1320300.0,-0.12000000000000004,97.0
fill:entry:2021-12-02:8097:0,8097,2021-12-02,2022-12-08 23:59:59.999999,1660500.0,1345500.0,1.234113712374582,371.0
fill:entry:2022-03-08:8996:0,8996,2022-03-08,2023-03-16 23:59:59.999999,4292500.0,1407500.0,3.049733570159858,373.0
fill:entry:2022-05-05:2643:0,2643,2022-05-05,2022-05-16 00:00:00.000000,-165035.99999999997,1375300.0,-0.11999999999999998,11.0
fill:entry:2022-05-17:2206:0,2206,2022-05-17,2023-05-26 23:59:59.999999,1927000.0,1372400.0,1.404109589041096,374.0
fill:entry:2022-05-17:2211:1,2211,2022-05-17,2022-10-07 00:00:00.000000,-157320.0,936000.0,-0.16807692307692307,143.0
fill:entry:2022-05-19:2344:0,2344,2022-05-19,2022-06-20 00:00:00.000000,-212159.9999999999,1368000.0,-0.15508771929824555,32.0
fill:entry:2022-05-19:6147:1,6147,2022-05-19,2022-06-30 00:00:00.000000,-106703.99999999999,889200.0000000001,-0.11999999999999997,42.0
fill:entry:2022-06-22:3706:0,3706,2022-06-22,2023-07-04 23:59:59.999999,386400.0000000001,1197000.0,0.32280701754385976,377.0
fill:entry:2022-07-12:3535:0,3535,2022-07-12,2022-08-04 00:00:00.000000,-97788.0,814900.0,-0.12,23.0
fill:entry:2022-08-03:3265:0,3265,2022-08-03,2022-09-06 00:00:00.000000,-17460.0,145500.0,-0.12,34.0
fill:entry:2022-08-08:8938:0,8938,2022-08-08,2023-08-21 23:59:59.999999,-253799.99999999988,1530000.0,-0.1658823529411764,378.0
fill:entry:2022-09-07:3004:0,3004,2022-09-07,2022-10-17 00:00:00.000000,-90023.99999999997,750200.0,-0.11999999999999997,40.0
fill:entry:2022-10-06:3017:0,3017,2022-10-06,2022-10-11 00:00:00.000000,-116159.99999999997,968000.0,-0.11999999999999997,5.0
fill:entry:2022-10-19:1218:0,1218,2022-10-19,2022-12-21 00:00:00.000000,-180564.00000000015,1504700.0000000002,-0.12000000000000008,63.0
fill:entry:2022-10-19:4105:1,4105,2022-10-19,2023-11-02 23:59:59.999999,171999.99999999988,1504000.0,0.1143617021276595,379.0
fill:entry:2022-10-24:5488:0,5488,2022-10-24,2022-10-26 00:00:00.000000,-180072.00000000006,1500600.0,-0.12000000000000004,2.0
fill:entry:2022-10-28:6799:0,6799,2022-10-28,2022-12-28 00:00:00.000000,-173880.00000000003,1449000.0,-0.12000000000000002,61.0
fill:entry:2022-10-31:3588:0,3588,2022-10-31,2023-07-17 00:00:00.000000,-44539.30037999998,325800.0,-0.1367074904235727,259.0
fill:entry:2022-12-12:8049:0,8049,2022-12-12,2023-12-26 23:59:59.999999,456400.0000000001,1696800.0,0.26897689768976907,379.0
fill:entry:2022-12-13:1536:0,1536,2022-12-13,2022-12-29 00:00:00.000000,-148415.99999999994,1236800.0,-0.11999999999999995,16.0
fill:entry:2022-12-26:1210:0,1210,2022-12-26,2024-01-10 23:59:59.999999,341999.99999999994,1368000.0,0.24999999999999994,380.0
fill:entry:2023-01-03:1216:0,1216,2023-01-03,2024-01-17 23:59:59.999999,112500.0,1645000.0,0.06838905775075987,379.0
fill:entry:2023-01-03:3066:1,3066,2023-01-03,2023-04-26 00:00:00.000000,-88367.99999999997,736400.0,-0.11999999999999995,113.0
fill:entry:2023-03-20:2338:0,2338,2023-03-20,2023-04-25 00:00:00.000000,-215999.99999999994,1800000.0,-0.11999999999999997,36.0
fill:entry:2023-04-27:4904:0,4904,2023-04-27,2024-05-08 23:59:59.999999,117600.00000000013,1872000.0,0.06282051282051289,377.0
fill:entry:2023-04-27:6412:1,6412,2023-04-27,2024-05-08 23:59:59.999999,1669800.0000000002,1828199.9999999998,0.9133574007220219,377.0
fill:entry:2023-05-29:3594:0,3594,2023-05-29,2023-08-02 00:00:00.000000,-233711.9999999999,1947600.0,-0.11999999999999995,65.0
fill:entry:2023-07-05:3338:0,3338,2023-07-05,2024-07-12 23:59:59.999999,1381699.9999999998,2074600.0,0.6660079051383399,373.0
fill:entry:2023-07-18:6218:0,6218,2023-07-18,2023-08-14 00:00:00.000000,-252420.00000000012,2103500.0,-0.12000000000000005,27.0
fill:entry:2023-08-07:8930:0,8930,2023-08-07,2024-08-15 23:59:59.999999,467400.0000000002,2086200.0,0.22404371584699462,374.0
fill:entry:2023-08-17:1215:0,1215,2023-08-17,2024-08-27 23:59:59.999999,25199.99999999976,2045400.0000000002,0.012320328542094337,376.0
fill:entry:2023-08-22:1444:0,1444,2023-08-22,2024-03-18 00:00:00.000000,-159216.0000000001,1326800.0,-0.12000000000000006,209.0
fill:entry:2023-11-03:8016:0,8016,2023-11-03,2024-04-22 00:00:00.000000,-176699.99999999988,1472500.0,-0.11999999999999993,171.0
fill:entry:2023-12-27:2405:0,2405,2023-12-27,2024-02-01 00:00:00.000000,-215945.9999999999,1799550.0000000002,-0.11999999999999994,36.0
fill:entry:2024-01-11:6261:0,6261,2024-01-11,2025-02-03 23:59:59.999999,-163199.99999999983,2105600.0,-0.07750759878419444,389.0
fill:entry:2024-01-19:3530:0,3530,2024-01-19,2024-04-15 00:00:00.000000,-261059.9999999999,2175500.0,-0.11999999999999995,87.0
fill:entry:2024-02-02:6189:0,6189,2024-02-02,2025-02-25 23:59:59.999999,363299.99999999994,1297800.0,0.2799352750809061,389.0
fill:entry:2024-03-19:1519:0,1519,2024-03-19,2024-09-09 00:00:00.000000,-173520.0,1345999.9999999998,-0.12891530460624073,174.0
fill:entry:2024-04-16:3712:0,3712,2024-04-16,2024-05-10 00:00:00.000000,-171899.9999999999,1432500.0,-0.11999999999999994,24.0
fill:entry:2024-04-24:2812:0,2812,2024-04-24,2025-05-08 23:59:59.999999,448578.00000000023,2409750.0,0.18615126050420178,379.0
fill:entry:2024-05-09:1615:0,1615,2024-05-09,2024-08-05 00:00:00.000000,-114036.00000000007,950299.9999999999,-0.12000000000000009,88.0
fill:entry:2024-05-10:3689:0,3689,2024-05-10,2024-08-06 00:00:00.000000,-361274.53119999974,2358400.0,-0.15318628358208944,88.0
fill:entry:2024-05-13:1522:0,1522,2024-05-13,2025-04-08 00:00:00.000000,-618149.9999999998,2351700.0,-0.26285240464344933,330.0
fill:entry:2024-07-15:6186:0,6186,2024-07-15,2024-08-06 00:00:00.000000,-241679.99999999997,2014000.0,-0.11999999999999998,22.0
fill:entry:2024-08-08:2615:0,2615,2024-08-08,2025-02-04 00:00:00.000000,-274512.00000000006,2287600.0,-0.12000000000000002,180.0
fill:entry:2024-08-15:2105:0,2105,2024-08-15,2025-04-08 00:00:00.000000,-391199.99999999994,2383200.0,-0.16414904330312183,236.0
fill:entry:2024-08-16:3390:0,3390,2024-08-16,2024-09-11 00:00:00.000000,-289380.0,2411500.0,-0.12,26.0
fill:entry:2024-08-19:2351:0,2351,2024-08-19,2024-09-04 00:00:00.000000,-352000.0,2288000.0,-0.15384615384615385,16.0
fill:entry:2024-08-28:3045:0,3045,2024-08-28,2025-09-08 23:59:59.999999,-72000.0,1784000.0,-0.04035874439461883,376.0
fill:entry:2024-09-06:6217:0,6217,2024-09-06,2024-12-16 00:00:00.000000,-278303.9999999998,2319200.0,-0.11999999999999993,101.0
fill:entry:2024-09-10:5258:0,5258,2024-09-10,2024-10-30 00:00:00.000000,-220739.99999999988,1709499.9999999998,-0.12912547528517104,50.0
fill:entry:2024-09-12:6163:0,6163,2024-09-12,2024-11-01 00:00:00.000000,-142019.99999999994,1183500.0,-0.11999999999999995,50.0
fill:entry:2024-11-01:2397:0,2397,2024-11-01,2024-11-12 00:00:00.000000,-265512.00000000006,2212600.0,-0.12000000000000002,11.0
fill:entry:2024-11-04:6214:0,6214,2024-11-04,2025-04-08 00:00:00.000000,-368500.0,1496000.0,-0.24632352941176472,155.0
fill:entry:2024-11-13:6739:0,6739,2024-11-13,2024-11-27 00:00:00.000000,-121799.99999999993,1015000.0,-0.11999999999999993,14.0
fill:entry:2024-11-28:2070:0,2070,2024-11-28,2024-12-03 00:00:00.000000,-231599.99999999997,1930000.0,-0.11999999999999998,5.0
fill:entry:2024-12-04:6425:0,6425,2024-12-04,2024-12-16 00:00:00.000000,-115896.00000000001,965800.0,-0.12000000000000001,12.0
fill:entry:2024-12-17:2891:0,2891,2024-12-17,2025-04-09 00:00:00.000000,-205110.00000000015,1709250.0,-0.12000000000000008,113.0
fill:entry:2024-12-18:4533:0,4533,2024-12-18,2025-01-07 00:00:00.000000,-256943.99999999994,2141200.0,-0.11999999999999997,20.0
fill:entry:2025-01-08:2395:0,2395,2025-01-08,2025-04-09 00:00:00.000000,-86399.99999999997,720000.0,-0.11999999999999995,91.0
fill:entry:2025-02-04:6870:0,6870,2025-02-04,2025-02-20 00:00:00.000000,-204119.99999999997,1701000.0,-0.11999999999999998,16.0
fill:entry:2025-02-05:2471:0,2471,2025-02-05,2025-04-08 00:00:00.000000,-332500.0,2065000.0,-0.16101694915254236,62.0
fill:entry:2025-02-21:8454:0,8454,2025-02-21,2025-04-08 00:00:00.000000,-352500.0,1822500.0,-0.1934156378600823,46.0
fill:entry:2025-02-26:5522:0,5522,2025-02-26,2025-03-28 00:00:00.000000,-212519.9999999999,1771000.0,-0.11999999999999995,30.0
fill:entry:2025-03-31:6174:0,6174,2025-03-31,2025-04-08 00:00:00.000000,-357000.0000000001,1652000.0,-0.2161016949152543,8.0
fill:entry:2025-04-25:4923:0,4923,2025-04-25,2025-04-28 00:00:00.000000,-210935.99999999997,1757800.0,-0.11999999999999998,3.0
fill:entry:2025-04-30:2801:0,2801,2025-04-30,2026-05-12 23:59:59.999999,321100.0000000003,1733749.9999999998,0.18520547945205498,377.0
fill:entry:2025-04-30:6739:1,6739,2025-04-30,2026-05-12 23:59:59.999999,7700000.0,1715000.0,4.489795918367347,377.0
fill:entry:2025-05-02:2301:0,2301,2025-05-02,2026-05-13 23:59:59.999999,2068200.0,1738800.0,1.18944099378882,376.0
fill:entry:2025-05-02:2745:1,2745,2025-05-02,2026-05-13 23:59:59.999999,17000.0,1717000.0,0.009900990099009901,376.0
fill:entry:2025-05-02:2912:2,2912,2025-05-02,2025-12-18 00:00:00.000000,-242279.99999999997,1569000.0,-0.1544168260038241,230.0
fill:entry:2025-05-02:3379:3,3379,2025-05-02,2025-05-07 00:00:00.000000,-210276.00000000012,1752300.0000000002,-0.12000000000000005,5.0
fill:entry:2025-05-02:4105:4,4105,2025-05-02,2026-05-13 23:59:59.999999,-46200.00000000019,1709400.0,-0.027027027027027136,376.0
fill:entry:2025-05-02:4562:5,4562,2025-05-02,2025-05-06 00:00:00.000000,-105024.0,875200.0,-0.12,4.0
fill:entry:2025-05-08:3257:0,3257,2025-05-08,2026-05-19 23:59:59.999999,24000.000000000022,789000.0,0.03041825095057037,376.0
fill:entry:2025-05-09:5203:0,5203,2025-05-09,2025-07-22 00:00:00.000000,-184800.00000000003,1540000.0,-0.12000000000000002,74.0
fill:entry:2025-05-12:6782:0,6782,2025-05-12,2026-05-21 23:59:59.999999,110000.0,1800000.0,0.06111111111111111,374.0
fill:entry:2025-09-09:1216:0,1216,2025-09-09,2026-03-24 00:00:00.000000,-189360.00000000006,1578000.0,-0.12000000000000004,196.0
fill:entry:2026-03-25:6139:0,6139,2026-03-25,2026-03-27 00:00:00.000000,-180000.0,1318000.0,-0.13657056145675264,2.0
fill:entry:2026-05-13:8438:0,8438,2026-05-13,2026-05-18 00:00:00.000000,-36539.99999999998,304500.0,-0.11999999999999993,5.0
fill:entry:2026-05-20:6499:1,6499,2026-05-20,2026-06-01 00:00:00.000000,-330252.0000000002,2752100.0,-0.12000000000000006,12.0
fill:entry:2026-05-26:3138:0,3138,2026-05-26,2026-06-08 00:00:00.000000,-528000.0,2832000.0,-0.1864406779661017,13.0
fill:entry:2026-05-26:6168:1,6168,2026-05-26,2026-05-28 00:00:00.000000,-338519.9999999999,2821000.0,-0.11999999999999995,2.0
fill:entry:2026-05-29:3135:0,3135,2026-05-29,2026-06-05 00:00:00.000000,-219239.99999999994,1827000.0,-0.11999999999999997,7.0
fill:entry:2026-06-02:1326:0,1326,2026-06-02,2026-06-10 00:00:00.000000,-323999.9999999998,2700000.0,-0.11999999999999994,8.0
fill:entry:2026-06-10:3167:0,3167,2026-06-10,2026-06-11 00:00:00.000000,-225599.9999999999,1880000.0,-0.11999999999999995,1.0
fill:entry:2026-06-10:6788:1,6788,2026-06-10,2026-06-11 00:00:00.000000,-326520.0000000001,2721000.0,-0.12000000000000004,1.0
